Date,Symbol,Adj Close,Close,High,Low,Open,Volume,Exchange,Shortname,Longname,Sector,Industry,Currentprice,Marketcap,Ebitda,Revenuegrowth,City,State,Country,Fulltimeemployees,Weight
2024-01-02,GOOGL,137.67092895507812,138.1699981689453,139.4499969482422,136.47999572753906,138.5500030517578,23711200.0,NMS,Alphabet Inc.,Alphabet Inc.,Communication Services,Internet Content & Information,191.96,2356904198144.0,123469996032.0,0.151,Mountain View,CA,United States,181269.0,0.0415598652149337
2024-01-03,GOOGL,138.41822814941406,138.9199981689453,139.6300048828125,137.0800018310547,137.25,24212100.0,NMS,Alphabet Inc.,Alphabet Inc.,Communication Services,Internet Content & Information,191.96,2356904198144.0,123469996032.0,0.151,Mountain View,CA,United States,181269.0,0.0415598652149337
2024-01-04,GOOGL,135.89735412597656,136.38999938964844,139.16000366210938,136.35000610351562,138.4199981689453,27137700.0,NMS,Alphabet Inc.,Alphabet Inc.,Communication Services,Internet Content & Information,191.96,2356904198144.0,123469996032.0,0.151,Mountain View,CA,United States,181269.0,0.0415598652149337
2024-01-05,GOOGL,135.23974609375,135.72999572753906,137.16000366210938,135.14999389648438,136.75,22506000.0,NMS,Alphabet Inc.,Alphabet Inc.,Communication Services,Internet Content & Information,191.96,2356904198144.0,123469996032.0,0.151,Mountain View,CA,United States,181269.0,0.0415598652149337
2024-01-08,GOOGL,138.33851623535156,138.83999633789062,139.00999450683594,136.25999450683594,136.2899932861328,21404000.0,NMS,Alphabet Inc.,Alphabet Inc.,Communication Services,Internet Content & Information,191.96,2356904198144.0,123469996032.0,0.151,Mountain View,CA,United States,181269.0,0.0415598652149337
2024-01-09,GOOGL,140.44088745117188,140.9499969482422,141.49000549316406,138.14999389648438,138.5,24759600.0,NMS,Alphabet Inc.,Alphabet Inc.,Communication Services,Internet Content & Information,191.96,2356904198144.0,123469996032.0,0.151,Mountain View,CA,United States,181269.0,0.0415598652149337
2024-01-10,GOOGL,141.76608276367188,142.27999877929688,143.0,140.91000366210938,141.0,21320200.0,NMS,Alphabet Inc.,Alphabet Inc.,Communication Services,Internet Content & Information,191.96,2356904198144.0,123469996032.0,0.151,Mountain View,CA,United States,181269.0,0.0415598652149337
2024-01-11,GOOGL,141.5668182373047,142.0800018310547,145.22000122070312,140.63999938964844,143.49000549316406,24008700.0,NMS,Alphabet Inc.,Alphabet Inc.,Communication Services,Internet Content & Information,191.96,2356904198144.0,123469996032.0,0.151,Mountain View,CA,United States,181269.0,0.0415598652149337
2024-01-12,GOOGL,142.13473510742188,142.64999389648438,143.1999969482422,141.82000732421875,142.6699981689453,18768600.0,NMS,Alphabet Inc.,Alphabet Inc.,Communication Services,Internet Content & Information,191.96,2356904198144.0,123469996032.0,0.151,Mountain View,CA,United States,181269.0,0.0415598652149337
2024-01-16,GOOGL,141.97532653808594,142.49000549316406,144.35000610351562,141.4499969482422,142.0,22670500.0,NMS,Alphabet Inc.,Alphabet Inc.,Communication Services,Internet Content & Information,191.96,2356904198144.0,123469996032.0,0.151,Mountain View,CA,United States,181269.0,0.0415598652149337
2024-01-17,GOOGL,140.95901489257812,141.47000122070312,141.83999633789062,138.89999389648438,141.35000610351562,20968600.0,NMS,Alphabet Inc.,Alphabet Inc.,Communication Services,Internet Content & Information,191.96,2356904198144.0,123469996032.0,0.151,Mountain View,CA,United States,181269.0,0.0415598652149337
2024-01-18,GOOGL,142.9617462158203,143.47999572753906,144.2100067138672,141.99000549316406,142.0500030517578,25746400.0,NMS,Alphabet Inc.,Alphabet Inc.,Communication Services,Internet Content & Information,191.96,2356904198144.0,123469996032.0,0.151,Mountain View,CA,United States,181269.0,0.0415598652149337
2024-01-19,GOOGL,145.85128784179688,146.3800048828125,146.4499969482422,144.3800048828125,144.74000549316406,33300700.0,NMS,Alphabet Inc.,Alphabet Inc.,Communication Services,Internet Content & Information,191.96,2356904198144.0,123469996032.0,0.151,Mountain View,CA,United States,181269.0,0.0415598652149337
2024-01-22,GOOGL,145.4626922607422,145.99000549316406,148.38999938964844,145.83999633789062,147.10000610351562,32200400.0,NMS,Alphabet Inc.,Alphabet Inc.,Communication Services,Internet Content & Information,191.96,2356904198144.0,123469996032.0,0.151,Mountain View,CA,United States,181269.0,0.0415598652149337
2024-01-23,GOOGL,146.50888061523438,147.0399932861328,147.17999267578125,145.5,145.88999938964844,21636100.0,NMS,Alphabet Inc.,Alphabet Inc.,Communication Services,Internet Content & Information,191.96,2356904198144.0,123469996032.0,0.151,Mountain View,CA,United States,181269.0,0.0415598652149337
2024-01-24,GOOGL,148.16290283203125,148.6999969482422,149.85000610351562,148.10000610351562,148.5399932861328,25233500.0,NMS,Alphabet Inc.,Alphabet Inc.,Communication Services,Internet Content & Information,191.96,2356904198144.0,123469996032.0,0.151,Mountain View,CA,United States,181269.0,0.0415598652149337
2024-01-25,GOOGL,151.32142639160156,151.8699951171875,153.0500030517578,149.5399932861328,150.07000732421875,29149100.0,NMS,Alphabet Inc.,Alphabet Inc.,Communication Services,Internet Content & Information,191.96,2356904198144.0,123469996032.0,0.151,Mountain View,CA,United States,181269.0,0.0415598652149337
2024-01-26,GOOGL,151.64028930664062,152.19000244140625,152.5399932861328,151.00999450683594,151.10000610351562,26115500.0,NMS,Alphabet Inc.,Alphabet Inc.,Communication Services,Internet Content & Information,191.96,2356904198144.0,123469996032.0,0.151,Mountain View,CA,United States,181269.0,0.0415598652149337
2024-01-29,GOOGL,152.95550537109375,153.50999450683594,153.77999877929688,151.42999267578125,152.05999755859375,27784300.0,NMS,Alphabet Inc.,Alphabet Inc.,Communication Services,Internet Content & Information,191.96,2356904198144.0,123469996032.0,0.151,Mountain View,CA,United States,181269.0,0.0415598652149337
2024-01-30,GOOGL,150.91293334960938,151.4600067138672,153.6199951171875,151.19000244140625,152.8000030517578,36331800.0,NMS,Alphabet Inc.,Alphabet Inc.,Communication Services,Internet Content & Information,191.96,2356904198144.0,123469996032.0,0.151,Mountain View,CA,United States,181269.0,0.0415598652149337
2024-01-31,GOOGL,139.59396362304688,140.10000610351562,144.0,139.8699951171875,143.6199951171875,71910000.0,NMS,Alphabet Inc.,Alphabet Inc.,Communication Services,Internet Content & Information,191.96,2356904198144.0,123469996032.0,0.151,Mountain View,CA,United States,181269.0,0.0415598652149337
2024-02-01,GOOGL,140.650146484375,141.16000366210938,143.05999755859375,140.7899932861328,142.1199951171875,40466500.0,NMS,Alphabet Inc.,Alphabet Inc.,Communication Services,Internet Content & Information,191.96,2356904198144.0,123469996032.0,0.151,Mountain View,CA,United States,181269.0,0.0415598652149337
2024-02-02,GOOGL,141.86573791503906,142.3800048828125,142.6199951171875,136.5,139.25999450683594,62470600.0,NMS,Alphabet Inc.,Alphabet Inc.,Communication Services,Internet Content & Information,191.96,2356904198144.0,123469996032.0,0.151,Mountain View,CA,United States,181269.0,0.0415598652149337
2024-02-05,GOOGL,143.16102600097656,143.67999267578125,145.47000122070312,142.77999877929688,142.82000732421875,38505400.0,NMS,Alphabet Inc.,Alphabet Inc.,Communication Services,Internet Content & Information,191.96,2356904198144.0,123469996032.0,0.151,Mountain View,CA,United States,181269.0,0.0415598652149337
2024-02-06,GOOGL,143.5795135498047,144.10000610351562,145.36000061035156,143.19000244140625,144.64999389648438,29128200.0,NMS,Alphabet Inc.,Alphabet Inc.,Communication Services,Internet Content & Information,191.96,2356904198144.0,123469996032.0,0.151,Mountain View,CA,United States,181269.0,0.0415598652149337
2024-02-07,GOOGL,145.01431274414062,145.5399932861328,145.6199951171875,143.92999267578125,144.75999450683594,25208900.0,NMS,Alphabet Inc.,Alphabet Inc.,Communication Services,Internet Content & Information,191.96,2356904198144.0,123469996032.0,0.151,Mountain View,CA,United States,181269.0,0.0415598652149337
2024-02-08,GOOGL,145.3829803466797,145.91000366210938,146.3300018310547,145.10000610351562,145.8300018310547,22563800.0,NMS,Alphabet Inc.,Alphabet Inc.,Communication Services,Internet Content & Information,191.96,2356904198144.0,123469996032.0,0.151,Mountain View,CA,United States,181269.0,0.0415598652149337
2024-02-09,GOOGL,148.46180725097656,149.0,149.44000244140625,146.17999267578125,146.67999267578125,26829500.0,NMS,Alphabet Inc.,Alphabet Inc.,Communication Services,Internet Content & Information,191.96,2356904198144.0,123469996032.0,0.151,Mountain View,CA,United States,181269.0,0.0415598652149337
2024-02-12,GOOGL,146.9971160888672,147.52999877929688,149.33999633789062,147.3699951171875,148.4199981689453,21564100.0,NMS,Alphabet Inc.,Alphabet Inc.,Communication Services,Internet Content & Information,191.96,2356904198144.0,123469996032.0,0.151,Mountain View,CA,United States,181269.0,0.0415598652149337
2024-02-13,GOOGL,144.6157684326172,145.13999938964844,146.6699981689453,143.69000244140625,144.9199981689453,27837700.0,NMS,Alphabet Inc.,Alphabet Inc.,Communication Services,Internet Content & Information,191.96,2356904198144.0,123469996032.0,0.151,Mountain View,CA,United States,181269.0,0.0415598652149337
2024-02-14,GOOGL,145.41287231445312,145.94000244140625,146.52000427246094,144.08999633789062,146.0800018310547,22704200.0,NMS,Alphabet Inc.,Alphabet Inc.,Communication Services,Internet Content & Information,191.96,2356904198144.0,123469996032.0,0.151,Mountain View,CA,United States,181269.0,0.0415598652149337
2024-02-15,GOOGL,142.2543182373047,142.77000427246094,143.52000427246094,140.4600067138672,143.13999938964844,37590700.0,NMS,Alphabet Inc.,Alphabet Inc.,Communication Services,Internet Content & Information,191.96,2356904198144.0,123469996032.0,0.151,Mountain View,CA,United States,181269.0,0.0415598652149337
2024-02-16,GOOGL,140.012451171875,140.52000427246094,143.19000244140625,140.13999938964844,142.99000549316406,31451100.0,NMS,Alphabet Inc.,Alphabet Inc.,Communication Services,Internet Content & Information,191.96,2356904198144.0,123469996032.0,0.151,Mountain View,CA,United States,181269.0,0.0415598652149337
2024-02-20,GOOGL,140.6102752685547,141.1199951171875,142.0800018310547,139.49000549316406,139.66000366210938,25144700.0,NMS,Alphabet Inc.,Alphabet Inc.,Communication Services,Internet Content & Information,191.96,2356904198144.0,123469996032.0,0.151,Mountain View,CA,United States,181269.0,0.0415598652149337
2024-02-21,GOOGL,142.03512573242188,142.5500030517578,142.69000244140625,140.67999267578125,141.4499969482422,23315700.0,NMS,Alphabet Inc.,Alphabet Inc.,Communication Services,Internet Content & Information,191.96,2356904198144.0,123469996032.0,0.151,Mountain View,CA,United States,181269.0,0.0415598652149337
2024-02-22,GOOGL,143.5695343017578,144.08999633789062,145.0,142.8000030517578,144.92999267578125,27191900.0,NMS,Alphabet Inc.,Alphabet Inc.,Communication Services,Internet Content & Information,191.96,2356904198144.0,123469996032.0,0.151,Mountain View,CA,United States,181269.0,0.0415598652149337
2024-02-23,GOOGL,143.4400177001953,143.9600067138672,144.67999267578125,143.42999267578125,143.6699981689453,19493800.0,NMS,Alphabet Inc.,Alphabet Inc.,Communication Services,Internet Content & Information,191.96,2356904198144.0,123469996032.0,0.151,Mountain View,CA,United States,181269.0,0.0415598652149337
2024-02-26,GOOGL,137.07310485839844,137.57000732421875,142.44000244140625,137.38999938964844,142.13999938964844,53641800.0,NMS,Alphabet Inc.,Alphabet Inc.,Communication Services,Internet Content & Information,191.96,2356904198144.0,123469996032.0,0.151,Mountain View,CA,United States,181269.0,0.0415598652149337
2024-02-27,GOOGL,138.37838745117188,138.8800048828125,139.25,137.08999633789062,138.02000427246094,33099200.0,NMS,Alphabet Inc.,Alphabet Inc.,Communication Services,Internet Content & Information,191.96,2356904198144.0,123469996032.0,0.151,Mountain View,CA,United States,181269.0,0.0415598652149337
2024-02-28,GOOGL,135.8874053955078,136.3800048828125,138.00999450683594,135.41000366210938,137.89999389648438,37328600.0,NMS,Alphabet Inc.,Alphabet Inc.,Communication Services,Internet Content & Information,191.96,2356904198144.0,123469996032.0,0.151,Mountain View,CA,United States,181269.0,0.0415598652149337
2024-02-29,GOOGL,137.9598846435547,138.4600067138672,138.86000061035156,136.39999389648438,137.27999877929688,42133000.0,NMS,Alphabet Inc.,Alphabet Inc.,Communication Services,Internet Content & Information,191.96,2356904198144.0,123469996032.0,0.151,Mountain View,CA,United States,181269.0,0.0415598652149337
2024-03-01,GOOGL,136.6446533203125,137.13999938964844,138.8699951171875,136.9199981689453,138.42999267578125,31119500.0,NMS,Alphabet Inc.,Alphabet Inc.,Communication Services,Internet Content & Information,191.96,2356904198144.0,123469996032.0,0.151,Mountain View,CA,United States,181269.0,0.0415598652149337
2024-03-04,GOOGL,132.86834716796875,133.35000610351562,135.66000366210938,131.91000366210938,135.66000366210938,55999400.0,NMS,Alphabet Inc.,Alphabet Inc.,Communication Services,Internet Content & Information,191.96,2356904198144.0,123469996032.0,0.151,Mountain View,CA,United States,181269.0,0.0415598652149337
2024-03-05,GOOGL,132.1907958984375,132.6699981689453,133.24000549316406,130.6699981689453,131.8800048828125,40194800.0,NMS,Alphabet Inc.,Alphabet Inc.,Communication Services,Internet Content & Information,191.96,2356904198144.0,123469996032.0,0.151,Mountain View,CA,United States,181269.0,0.0415598652149337
2024-03-06,GOOGL,130.9253692626953,131.39999389648438,133.5800018310547,130.85000610351562,133.1199951171875,35318600.0,NMS,Alphabet Inc.,Alphabet Inc.,Communication Services,Internet Content & Information,191.96,2356904198144.0,123469996032.0,0.151,Mountain View,CA,United States,181269.0,0.0415598652149337
2024-03-07,GOOGL,133.89462280273438,134.3800048828125,134.94000244140625,131.61000061035156,132.7899932861328,37738200.0,NMS,Alphabet Inc.,Alphabet Inc.,Communication Services,Internet Content & Information,191.96,2356904198144.0,123469996032.0,0.151,Mountain View,CA,United States,181269.0,0.0415598652149337
2024-03-08,GOOGL,134.92091369628906,135.41000366210938,138.08999633789062,134.0,134.2100067138672,39343100.0,NMS,Alphabet Inc.,Alphabet Inc.,Communication Services,Internet Content & Information,191.96,2356904198144.0,123469996032.0,0.151,Mountain View,CA,United States,181269.0,0.0415598652149337
2024-03-11,GOOGL,137.17274475097656,137.6699981689453,139.10000610351562,136.1300048828125,136.1300048828125,32437800.0,NMS,Alphabet Inc.,Alphabet Inc.,Communication Services,Internet Content & Information,191.96,2356904198144.0,123469996032.0,0.151,Mountain View,CA,United States,181269.0,0.0415598652149337
2024-03-12,GOOGL,137.99974060058594,138.5,139.3800048828125,137.02999877929688,137.02999877929688,27563400.0,NMS,Alphabet Inc.,Alphabet Inc.,Communication Services,Internet Content & Information,191.96,2356904198144.0,123469996032.0,0.151,Mountain View,CA,United States,181269.0,0.0415598652149337
2024-03-13,GOOGL,139.2850799560547,139.7899932861328,141.08999633789062,138.99000549316406,139.0,23347200.0,NMS,Alphabet Inc.,Alphabet Inc.,Communication Services,Internet Content & Information,191.96,2356904198144.0,123469996032.0,0.151,Mountain View,CA,United States,181269.0,0.0415598652149337
2024-03-14,GOOGL,142.5831298828125,143.10000610351562,143.58999633789062,140.4600067138672,141.19000244140625,42753400.0,NMS,Alphabet Inc.,Alphabet Inc.,Communication Services,Internet Content & Information,191.96,2356904198144.0,123469996032.0,0.151,Mountain View,CA,United States,181269.0,0.0415598652149337
2024-03-15,GOOGL,140.6700439453125,141.17999267578125,143.17999267578125,140.02999877929688,142.5,49460600.0,NMS,Alphabet Inc.,Alphabet Inc.,Communication Services,Internet Content & Information,191.96,2356904198144.0,123469996032.0,0.151,Mountain View,CA,United States,181269.0,0.0415598652149337
2024-03-18,GOOGL,147.1465606689453,147.67999267578125,152.14999389648438,147.1699981689453,148.61000061035156,69273700.0,NMS,Alphabet Inc.,Alphabet Inc.,Communication Services,Internet Content & Information,191.96,2356904198144.0,123469996032.0,0.151,Mountain View,CA,United States,181269.0,0.0415598652149337
2024-03-19,GOOGL,146.49893188476562,147.02999877929688,148.7899932861328,146.0800018310547,148.16000366210938,24070400.0,NMS,Alphabet Inc.,Alphabet Inc.,Communication Services,Internet Content & Information,191.96,2356904198144.0,123469996032.0,0.151,Mountain View,CA,United States,181269.0,0.0415598652149337
2024-03-20,GOOGL,148.2027587890625,148.74000549316406,148.86000061035156,146.74000549316406,148.0,21311500.0,NMS,Alphabet Inc.,Alphabet Inc.,Communication Services,Internet Content & Information,191.96,2356904198144.0,123469996032.0,0.151,Mountain View,CA,United States,181269.0,0.0415598652149337
2024-03-21,GOOGL,147.06686401367188,147.60000610351562,150.3699951171875,146.89999389648438,149.47000122070312,24755600.0,NMS,Alphabet Inc.,Alphabet Inc.,Communication Services,Internet Content & Information,191.96,2356904198144.0,123469996032.0,0.151,Mountain View,CA,United States,181269.0,0.0415598652149337
2024-03-22,GOOGL,150.22543334960938,150.77000427246094,151.5800018310547,148.97999572753906,149.1199951171875,29175700.0,NMS,Alphabet Inc.,Alphabet Inc.,Communication Services,Internet Content & Information,191.96,2356904198144.0,123469996032.0,0.151,Mountain View,CA,United States,181269.0,0.0415598652149337
2024-03-25,GOOGL,149.5279541015625,150.07000732421875,150.3800048828125,147.82000732421875,149.94000244140625,19229300.0,NMS,Alphabet Inc.,Alphabet Inc.,Communication Services,Internet Content & Information,191.96,2356904198144.0,123469996032.0,0.151,Mountain View,CA,United States,181269.0,0.0415598652149337
2024-03-26,GOOGL,150.1257781982422,150.6699981689453,152.25999450683594,149.97999572753906,150.22000122070312,22149100.0,NMS,Alphabet Inc.,Alphabet Inc.,Communication Services,Internet Content & Information,191.96,2356904198144.0,123469996032.0,0.151,Mountain View,CA,United States,181269.0,0.0415598652149337
2024-03-27,GOOGL,150.32504272460938,150.8699951171875,151.63999938964844,148.89999389648438,151.17999267578125,22879200.0,NMS,Alphabet Inc.,Alphabet Inc.,Communication Services,Internet Content & Information,191.96,2356904198144.0,123469996032.0,0.151,Mountain View,CA,United States,181269.0,0.0415598652149337
2024-03-28,GOOGL,150.3848419189453,150.92999267578125,151.42999267578125,150.1699981689453,150.85000610351562,24485400.0,NMS,Alphabet Inc.,Alphabet Inc.,Communication Services,Internet Content & Information,191.96,2356904198144.0,123469996032.0,0.151,Mountain View,CA,United States,181269.0,0.0415598652149337
2024-04-01,GOOGL,154.92837524414062,155.49000549316406,155.74000549316406,150.61000061035156,150.69000244140625,31730800.0,NMS,Alphabet Inc.,Alphabet Inc.,Communication Services,Internet Content & Information,191.96,2356904198144.0,123469996032.0,0.151,Mountain View,CA,United States,181269.0,0.0415598652149337
2024-04-02,GOOGL,154.00173950195312,154.55999755859375,154.6999969482422,152.14999389648438,153.5,24586000.0,NMS,Alphabet Inc.,Alphabet Inc.,Communication Services,Internet Content & Information,191.96,2356904198144.0,123469996032.0,0.151,Mountain View,CA,United States,181269.0,0.0415598652149337
2024-04-03,GOOGL,154.36044311523438,154.9199981689453,155.0800018310547,152.72999572753906,153.60000610351562,24705000.0,NMS,Alphabet Inc.,Alphabet Inc.,Communication Services,Internet Content & Information,191.96,2356904198144.0,123469996032.0,0.151,Mountain View,CA,United States,181269.0,0.0415598652149337
2024-04-04,GOOGL,149.98629760742188,150.52999877929688,154.77000427246094,150.4499969482422,153.5,34724700.0,NMS,Alphabet Inc.,Alphabet Inc.,Communication Services,Internet Content & Information,191.96,2356904198144.0,123469996032.0,0.151,Mountain View,CA,United States,181269.0,0.0415598652149337
2024-04-05,GOOGL,151.9491729736328,152.5,153.4199981689453,149.60000610351562,150.02999877929688,23449300.0,NMS,Alphabet Inc.,Alphabet Inc.,Communication Services,Internet Content & Information,191.96,2356904198144.0,123469996032.0,0.151,Mountain View,CA,United States,181269.0,0.0415598652149337
2024-04-08,GOOGL,154.2906951904297,154.85000610351562,155.27000427246094,152.61000061035156,152.77999877929688,20702000.0,NMS,Alphabet Inc.,Alphabet Inc.,Communication Services,Internet Content & Information,191.96,2356904198144.0,123469996032.0,0.151,Mountain View,CA,United States,181269.0,0.0415598652149337
2024-04-09,GOOGL,156.0343780517578,156.60000610351562,158.55999755859375,155.19000244140625,156.08999633789062,31113000.0,NMS,Alphabet Inc.,Alphabet Inc.,Communication Services,Internet Content & Information,191.96,2356904198144.0,123469996032.0,0.151,Mountain View,CA,United States,181269.0,0.0415598652149337
2024-04-10,GOOGL,155.57601928710938,156.13999938964844,156.61000061035156,154.67999267578125,156.2100067138672,22838600.0,NMS,Alphabet Inc.,Alphabet Inc.,Communication Services,Internet Content & Information,191.96,2356904198144.0,123469996032.0,0.151,Mountain View,CA,United States,181269.0,0.0415598652149337
2024-04-11,GOOGL,158.83421325683594,159.41000366210938,159.67999267578125,156.4600067138672,156.91000366210938,27166400.0,NMS,Alphabet Inc.,Alphabet Inc.,Communication Services,Internet Content & Information,191.96,2356904198144.0,123469996032.0,0.151,Mountain View,CA,United States,181269.0,0.0415598652149337
2024-04-12,GOOGL,157.1602783203125,157.72999572753906,160.22000122070312,157.13999938964844,157.9600067138672,25329200.0,NMS,Alphabet Inc.,Alphabet Inc.,Communication Services,Internet Content & Information,191.96,2356904198144.0,123469996032.0,0.151,Mountain View,CA,United States,181269.0,0.0415598652149337
2024-04-15,GOOGL,154.30064392089844,154.86000061035156,159.24000549316406,154.58999633789062,158.86000061035156,27136500.0,NMS,Alphabet Inc.,Alphabet Inc.,Communication Services,Internet Content & Information,191.96,2356904198144.0,123469996032.0,0.151,Mountain View,CA,United States,181269.0,0.0415598652149337
2024-04-16,GOOGL,153.84231567382812,154.39999389648438,155.64999389648438,153.42999267578125,154.19000244140625,20779500.0,NMS,Alphabet Inc.,Alphabet Inc.,Communication Services,Internet Content & Information,191.96,2356904198144.0,123469996032.0,0.151,Mountain View,CA,United States,181269.0,0.0415598652149337
2024-04-17,GOOGL,154.90846252441406,155.47000122070312,157.0800018310547,154.5800018310547,155.6199951171875,21763100.0,NMS,Alphabet Inc.,Alphabet Inc.,Communication Services,Internet Content & Information,191.96,2356904198144.0,123469996032.0,0.151,Mountain View,CA,United States,181269.0,0.0415598652149337
2024-04-18,GOOGL,155.4464874267578,156.00999450683594,156.94000244140625,154.6199951171875,155.33999633789062,19883000.0,NMS,Alphabet Inc.,Alphabet Inc.,Communication Services,Internet Content & Information,191.96,2356904198144.0,123469996032.0,0.151,Mountain View,CA,United States,181269.0,0.0415598652149337
2024-04-19,GOOGL,153.53343200683594,154.08999633789062,156.36000061035156,152.3000030517578,156.1999969482422,32239100.0,NMS,Alphabet Inc.,Alphabet Inc.,Communication Services,Internet Content & Information,191.96,2356904198144.0,123469996032.0,0.151,Mountain View,CA,United States,181269.0,0.0415598652149337
2024-04-22,GOOGL,155.71551513671875,156.27999877929688,157.63999938964844,154.05999755859375,154.30999755859375,26446200.0,NMS,Alphabet Inc.,Alphabet Inc.,Communication Services,Internet Content & Information,191.96,2356904198144.0,123469996032.0,0.151,Mountain View,CA,United States,181269.0,0.0415598652149337
2024-04-23,GOOGL,157.6883544921875,158.25999450683594,158.97000122070312,156.27999877929688,156.9600067138672,21151600.0,NMS,Alphabet Inc.,Alphabet Inc.,Communication Services,Internet Content & Information,191.96,2356904198144.0,123469996032.0,0.151,Mountain View,CA,United States,181269.0,0.0415598652149337
2024-04-24,GOOGL,158.5552215576172,159.1300048828125,159.57000732421875,157.1699981689453,157.49000549316406,22779100.0,NMS,Alphabet Inc.,Alphabet Inc.,Communication Services,Internet Content & Information,191.96,2356904198144.0,123469996032.0,0.151,Mountain View,CA,United States,181269.0,0.0415598652149337
2024-04-25,GOOGL,155.43653869628906,156.0,156.49000549316406,150.8699951171875,151.3300018310547,57109700.0,NMS,Alphabet Inc.,Alphabet Inc.,Communication Services,Internet Content & Information,191.96,2356904198144.0,123469996032.0,0.151,Mountain View,CA,United States,181269.0,0.0415598652149337
2024-04-26,GOOGL,171.32891845703125,171.9499969482422,174.7100067138672,169.64999389648438,174.3699951171875,64665300.0,NMS,Alphabet Inc.,Alphabet Inc.,Communication Services,Internet Content & Information,191.96,2356904198144.0,123469996032.0,0.151,Mountain View,CA,United States,181269.0,0.0415598652149337
2024-04-29,GOOGL,165.5498504638672,166.14999389648438,169.5500030517578,165.2100067138672,169.05999755859375,45610000.0,NMS,Alphabet Inc.,Alphabet Inc.,Communication Services,Internet Content & Information,191.96,2356904198144.0,123469996032.0,0.151,Mountain View,CA,United States,181269.0,0.0415598652149337
2024-04-30,GOOGL,162.19204711914062,162.77999877929688,168.10000610351562,162.60000610351562,165.61000061035156,33562900.0,NMS,Alphabet Inc.,Alphabet Inc.,Communication Services,Internet Content & Information,191.96,2356904198144.0,123469996032.0,0.151,Mountain View,CA,United States,181269.0,0.0415598652149337
2024-05-01,GOOGL,163.2681427001953,163.86000061035156,167.1199951171875,163.08999633789062,164.3000030517578,33493200.0,NMS,Alphabet Inc.,Alphabet Inc.,Communication Services,Internet Content & Information,191.96,2356904198144.0,123469996032.0,0.151,Mountain View,CA,United States,181269.0,0.0415598652149337
2024-05-02,GOOGL,166.01815795898438,166.6199951171875,166.72999572753906,163.88999938964844,164.7899932861328,24294500.0,NMS,Alphabet Inc.,Alphabet Inc.,Communication Services,Internet Content & Information,191.96,2356904198144.0,123469996032.0,0.151,Mountain View,CA,United States,181269.0,0.0415598652149337
2024-05-03,GOOGL,166.6359405517578,167.24000549316406,167.9600067138672,163.0500030517578,167.55999755859375,34662400.0,NMS,Alphabet Inc.,Alphabet Inc.,Communication Services,Internet Content & Information,191.96,2356904198144.0,123469996032.0,0.151,Mountain View,CA,United States,181269.0,0.0415598652149337
2024-05-06,GOOGL,167.49282836914062,168.10000610351562,168.13999938964844,166.02999877929688,167.4600067138672,21871300.0,NMS,Alphabet Inc.,Alphabet Inc.,Communication Services,Internet Content & Information,191.96,2356904198144.0,123469996032.0,0.151,Mountain View,CA,United States,181269.0,0.0415598652149337
2024-05-07,GOOGL,170.63143920898438,171.25,171.75999450683594,168.38999938964844,168.5,28039700.0,NMS,Alphabet Inc.,Alphabet Inc.,Communication Services,Internet Content & Information,191.96,2356904198144.0,123469996032.0,0.151,Mountain View,CA,United States,181269.0,0.0415598652149337
2024-05-08,GOOGL,168.76820373535156,169.3800048828125,170.14999389648438,168.74000549316406,169.0,19569100.0,NMS,Alphabet Inc.,Alphabet Inc.,Communication Services,Internet Content & Information,191.96,2356904198144.0,123469996032.0,0.151,Mountain View,CA,United States,181269.0,0.0415598652149337
2024-05-09,GOOGL,169.3461151123047,169.9600067138672,170.69000244140625,168.17999267578125,169.38999938964844,15346700.0,NMS,Alphabet Inc.,Alphabet Inc.,Communication Services,Internet Content & Information,191.96,2356904198144.0,123469996032.0,0.151,Mountain View,CA,United States,181269.0,0.0415598652149337
2024-05-10,GOOGL,168.04083251953125,168.64999389648438,169.85000610351562,166.19000244140625,168.02999877929688,29799900.0,NMS,Alphabet Inc.,Alphabet Inc.,Communication Services,Internet Content & Information,191.96,2356904198144.0,123469996032.0,0.151,Mountain View,CA,United States,181269.0,0.0415598652149337
2024-05-13,GOOGL,168.52906799316406,169.13999938964844,169.27999877929688,164.0,164.25999450683594,31327600.0,NMS,Alphabet Inc.,Alphabet Inc.,Communication Services,Internet Content & Information,191.96,2356904198144.0,123469996032.0,0.151,Mountain View,CA,United States,181269.0,0.0415598652149337
2024-05-14,GOOGL,169.72471618652344,170.33999633789062,171.25,168.8000030517578,169.77000427246094,25127100.0,NMS,Alphabet Inc.,Alphabet Inc.,Communication Services,Internet Content & Information,191.96,2356904198144.0,123469996032.0,0.151,Mountain View,CA,United States,181269.0,0.0415598652149337
2024-05-15,GOOGL,171.88690185546875,172.50999450683594,172.64999389648438,170.50999450683594,170.6300048828125,26948400.0,NMS,Alphabet Inc.,Alphabet Inc.,Communication Services,Internet Content & Information,191.96,2356904198144.0,123469996032.0,0.151,Mountain View,CA,United States,181269.0,0.0415598652149337
2024-05-16,GOOGL,173.5508575439453,174.17999267578125,175.1199951171875,172.69000244140625,173.2899932861328,27867900.0,NMS,Alphabet Inc.,Alphabet Inc.,Communication Services,Internet Content & Information,191.96,2356904198144.0,123469996032.0,0.151,Mountain View,CA,United States,181269.0,0.0415598652149337
2024-05-17,GOOGL,175.424072265625,176.05999755859375,176.27000427246094,173.69000244140625,174.17999267578125,24479300.0,NMS,Alphabet Inc.,Alphabet Inc.,Communication Services,Internet Content & Information,191.96,2356904198144.0,123469996032.0,0.151,Mountain View,CA,United States,181269.0,0.0415598652149337
2024-05-20,GOOGL,176.2809600830078,176.9199981689453,178.77000427246094,176.0800018310547,176.19000244140625,22554400.0,NMS,Alphabet Inc.,Alphabet Inc.,Communication Services,Internet Content & Information,191.96,2356904198144.0,123469996032.0,0.151,Mountain View,CA,United States,181269.0,0.0415598652149337
2024-05-21,GOOGL,177.20761108398438,177.85000610351562,178.14999389648438,175.80999755859375,176.89999389648438,16989400.0,NMS,Alphabet Inc.,Alphabet Inc.,Communication Services,Internet Content & Information,191.96,2356904198144.0,123469996032.0,0.151,Mountain View,CA,United States,181269.0,0.0415598652149337
2024-05-22,GOOGL,175.742919921875,176.3800048828125,177.14999389648438,175.2100067138672,176.63999938964844,17880000.0,NMS,Alphabet Inc.,Alphabet Inc.,Communication Services,Internet Content & Information,191.96,2356904198144.0,123469996032.0,0.151,Mountain View,CA,United States,181269.0,0.0415598652149337
2024-05-23,GOOGL,172.92315673828125,173.5500030517578,178.25,172.9499969482422,177.07000732421875,21024900.0,NMS,Alphabet Inc.,Alphabet Inc.,Communication Services,Internet Content & Information,191.96,2356904198144.0,123469996032.0,0.151,Mountain View,CA,United States,181269.0,0.0415598652149337
2024-05-24,GOOGL,174.3579559326172,174.99000549316406,175.77000427246094,173.64999389648438,174.97999572753906,16572500.0,NMS,Alphabet Inc.,Alphabet Inc.,Communication Services,Internet Content & Information,191.96,2356904198144.0,123469996032.0,0.151,Mountain View,CA,United States,181269.0,0.0415598652149337
2024-05-28,GOOGL,175.76283264160156,176.39999389648438,177.27000427246094,174.3699951171875,174.4499969482422,20572200.0,NMS,Alphabet Inc.,Alphabet Inc.,Communication Services,Internet Content & Information,191.96,2356904198144.0,123469996032.0,0.151,Mountain View,CA,United States,181269.0,0.0415598652149337
2024-05-29,GOOGL,175.26463317871094,175.89999389648438,176.83999633789062,174.72000122070312,175.42999267578125,23388700.0,NMS,Alphabet Inc.,Alphabet Inc.,Communication Services,Internet Content & Information,191.96,2356904198144.0,123469996032.0,0.151,Mountain View,CA,United States,181269.0,0.0415598652149337
2024-05-30,GOOGL,171.48834228515625,172.11000061035156,175.22000122070312,171.7899932861328,175.1999969482422,22958700.0,NMS,Alphabet Inc.,Alphabet Inc.,Communication Services,Internet Content & Information,191.96,2356904198144.0,123469996032.0,0.151,Mountain View,CA,United States,181269.0,0.0415598652149337
2024-05-31,GOOGL,171.87693786621094,172.5,173.05999755859375,169.44000244140625,171.86000061035156,37638900.0,NMS,Alphabet Inc.,Alphabet Inc.,Communication Services,Internet Content & Information,191.96,2356904198144.0,123469996032.0,0.151,Mountain View,CA,United States,181269.0,0.0415598652149337
2024-06-03,GOOGL,172.5445098876953,173.1699981689453,174.52999877929688,171.16000366210938,172.5399932861328,27459100.0,NMS,Alphabet Inc.,Alphabet Inc.,Communication Services,Internet Content & Information,191.96,2356904198144.0,123469996032.0,0.151,Mountain View,CA,United States,181269.0,0.0415598652149337
2024-06-04,GOOGL,173.1622772216797,173.7899932861328,173.85000610351562,171.88999938964844,173.27999877929688,26879600.0,NMS,Alphabet Inc.,Alphabet Inc.,Communication Services,Internet Content & Information,191.96,2356904198144.0,123469996032.0,0.151,Mountain View,CA,United States,181269.0,0.0415598652149337
2024-06-05,GOOGL,174.77642822265625,175.41000366210938,176.64999389648438,173.92999267578125,175.1999969482422,22068500.0,NMS,Alphabet Inc.,Alphabet Inc.,Communication Services,Internet Content & Information,191.96,2356904198144.0,123469996032.0,0.151,Mountain View,CA,United States,181269.0,0.0415598652149337
2024-06-06,GOOGL,176.09164428710938,176.72999572753906,177.14999389648438,175.75,175.89999389648438,23251000.0,NMS,Alphabet Inc.,Alphabet Inc.,Communication Services,Internet Content & Information,191.96,2356904198144.0,123469996032.0,0.151,Mountain View,CA,United States,181269.0,0.0415598652149337
2024-06-07,GOOGL,173.82986450195312,174.4600067138672,177.8699951171875,174.3000030517578,177.0500030517578,19661400.0,NMS,Alphabet Inc.,Alphabet Inc.,Communication Services,Internet Content & Information,191.96,2356904198144.0,123469996032.0,0.151,Mountain View,CA,United States,181269.0,0.0415598652149337
2024-06-10,GOOGL,174.5780029296875,175.00999450683594,177.05999755859375,172.75999450683594,174.97000122070312,23779200.0,NMS,Alphabet Inc.,Alphabet Inc.,Communication Services,Internet Content & Information,191.96,2356904198144.0,123469996032.0,0.151,Mountain View,CA,United States,181269.0,0.0415598652149337
2024-06-11,GOOGL,176.18402099609375,176.6199951171875,176.83999633789062,173.77000427246094,176.22000122070312,21540600.0,NMS,Alphabet Inc.,Alphabet Inc.,Communication Services,Internet Content & Information,191.96,2356904198144.0,123469996032.0,0.151,Mountain View,CA,United States,181269.0,0.0415598652149337
2024-06-12,GOOGL,177.3511199951172,177.7899932861328,180.41000366210935,176.11000061035156,178.25,27864700.0,NMS,Alphabet Inc.,Alphabet Inc.,Communication Services,Internet Content & Information,191.96,2356904198144.0,123469996032.0,0.151,Mountain View,CA,United States,181269.0,0.0415598652149337
2024-06-13,GOOGL,174.72763061523438,175.16000366210938,176.74000549316406,174.8800048828125,176.11000061035156,20913300.0,NMS,Alphabet Inc.,Alphabet Inc.,Communication Services,Internet Content & Information,191.96,2356904198144.0,123469996032.0,0.151,Mountain View,CA,United States,181269.0,0.0415598652149337
2024-06-14,GOOGL,176.3535919189453,176.7899932861328,177.05999755859375,174.14999389648438,174.22000122070312,18063600.0,NMS,Alphabet Inc.,Alphabet Inc.,Communication Services,Internet Content & Information,191.96,2356904198144.0,123469996032.0,0.151,Mountain View,CA,United States,181269.0,0.0415598652149337
2024-06-17,GOOGL,176.802490234375,177.24000549316406,178.36000061035156,174.80999755859375,175.4600067138672,19618500.0,NMS,Alphabet Inc.,Alphabet Inc.,Communication Services,Internet Content & Information,191.96,2356904198144.0,123469996032.0,0.151,Mountain View,CA,United States,181269.0,0.0415598652149337
2024-06-18,GOOGL,174.65780639648438,175.08999633789062,177.38999938964844,174.10000610351562,177.13999938964844,21869900.0,NMS,Alphabet Inc.,Alphabet Inc.,Communication Services,Internet Content & Information,191.96,2356904198144.0,123469996032.0,0.151,Mountain View,CA,United States,181269.0,0.0415598652149337
2024-06-20,GOOGL,175.8648223876953,176.3000030517578,177.2899932861328,174.99000549316406,175.3699951171875,20160100.0,NMS,Alphabet Inc.,Alphabet Inc.,Communication Services,Internet Content & Information,191.96,2356904198144.0,123469996032.0,0.151,Mountain View,CA,United States,181269.0,0.0415598652149337
2024-06-21,GOOGL,179.1865997314453,179.6300048828125,180.8500061035156,176.61000061035156,177.0,58582700.0,NMS,Alphabet Inc.,Alphabet Inc.,Communication Services,Internet Content & Information,191.96,2356904198144.0,123469996032.0,0.151,Mountain View,CA,United States,181269.0,0.0415598652149337
2024-06-24,GOOGL,178.77760314941406,179.22000122070312,180.88999938964844,178.6699981689453,180.16000366210935,18298000.0,NMS,Alphabet Inc.,Alphabet Inc.,Communication Services,Internet Content & Information,191.96,2356904198144.0,123469996032.0,0.151,Mountain View,CA,United States,181269.0,0.0415598652149337
2024-06-25,GOOGL,183.5757293701172,184.02999877929688,184.2899932861328,179.4199981689453,179.6199951171875,23235600.0,NMS,Alphabet Inc.,Alphabet Inc.,Communication Services,Internet Content & Information,191.96,2356904198144.0,123469996032.0,0.151,Mountain View,CA,United States,181269.0,0.0415598652149337
2024-06-26,GOOGL,183.4261016845703,183.8800048828125,184.50999450683597,182.47999572753903,182.6300048828125,19839000.0,NMS,Alphabet Inc.,Alphabet Inc.,Communication Services,Internet Content & Information,191.96,2356904198144.0,123469996032.0,0.151,Mountain View,CA,United States,181269.0,0.0415598652149337
2024-06-27,GOOGL,184.95233154296875,185.41000366210935,186.0500030517578,184.0200042724609,184.17999267578125,18848900.0,NMS,Alphabet Inc.,Alphabet Inc.,Communication Services,Internet Content & Information,191.96,2356904198144.0,123469996032.0,0.151,Mountain View,CA,United States,181269.0,0.0415598652149337
2024-06-28,GOOGL,181.70037841796875,182.1499938964844,185.1300048828125,181.9600067138672,184.32000732421875,29156600.0,NMS,Alphabet Inc.,Alphabet Inc.,Communication Services,Internet Content & Information,191.96,2356904198144.0,123469996032.0,0.151,Mountain View,CA,United States,181269.0,0.0415598652149337
2024-07-01,GOOGL,182.53831481933597,182.9900054931641,183.8800048828125,181.3000030517578,183.02999877929688,16006100.0,NMS,Alphabet Inc.,Alphabet Inc.,Communication Services,Internet Content & Information,191.96,2356904198144.0,123469996032.0,0.151,Mountain View,CA,United States,181269.0,0.0415598652149337
2024-07-02,GOOGL,184.78274536132807,185.2400054931641,185.57000732421875,181.55999755859372,182.0500030517578,17372500.0,NMS,Alphabet Inc.,Alphabet Inc.,Communication Services,Internet Content & Information,191.96,2356904198144.0,123469996032.0,0.151,Mountain View,CA,United States,181269.0,0.0415598652149337
2024-07-03,GOOGL,185.361328125,185.82000732421875,186.08999633789065,184.0,184.8500061035156,10242100.0,NMS,Alphabet Inc.,Alphabet Inc.,Communication Services,Internet Content & Information,191.96,2356904198144.0,123469996032.0,0.151,Mountain View,CA,United States,181269.0,0.0415598652149337
2024-07-05,GOOGL,190.1295166015625,190.6000061035156,190.8600006103516,185.8000030517578,185.8600006103516,20967500.0,NMS,Alphabet Inc.,Alphabet Inc.,Communication Services,Internet Content & Information,191.96,2356904198144.0,123469996032.0,0.151,Mountain View,CA,United States,181269.0,0.0415598652149337
2024-07-08,GOOGL,188.5633850097656,189.02999877929688,190.1699981689453,187.77999877929688,189.8999938964844,21035900.0,NMS,Alphabet Inc.,Alphabet Inc.,Communication Services,Internet Content & Information,191.96,2356904198144.0,123469996032.0,0.151,Mountain View,CA,United States,181269.0,0.0415598652149337
2024-07-09,GOOGL,188.51351928710935,188.97999572753903,191.3600006103516,188.72000122070312,190.30999755859372,15121400.0,NMS,Alphabet Inc.,Alphabet Inc.,Communication Services,Internet Content & Information,191.96,2356904198144.0,123469996032.0,0.151,Mountain View,CA,United States,181269.0,0.0415598652149337
2024-07-10,GOOGL,190.70806884765625,191.17999267578125,191.75,189.02999877929688,189.1499938964844,15952500.0,NMS,Alphabet Inc.,Alphabet Inc.,Communication Services,Internet Content & Information,191.96,2356904198144.0,123469996032.0,0.151,Mountain View,CA,United States,181269.0,0.0415598652149337
2024-07-11,GOOGL,185.1119384765625,185.57000732421875,190.8600006103516,185.0800018310547,189.8500061035156,25625800.0,NMS,Alphabet Inc.,Alphabet Inc.,Communication Services,Internet Content & Information,191.96,2356904198144.0,123469996032.0,0.151,Mountain View,CA,United States,181269.0,0.0415598652149337
2024-07-12,GOOGL,184.61317443847656,185.07000732421875,187.1100006103516,184.4900054931641,185.0800018310547,22898400.0,NMS,Alphabet Inc.,Alphabet Inc.,Communication Services,Internet Content & Information,191.96,2356904198144.0,123469996032.0,0.151,Mountain View,CA,United States,181269.0,0.0415598652149337
2024-07-15,GOOGL,186.06954956054688,186.52999877929688,188.2400054931641,184.9199981689453,184.9199981689453,16474000.0,NMS,Alphabet Inc.,Alphabet Inc.,Communication Services,Internet Content & Information,191.96,2356904198144.0,123469996032.0,0.151,Mountain View,CA,United States,181269.0,0.0415598652149337
2024-07-16,GOOGL,183.46600341796875,183.9199981689453,188.67999267578125,183.3699951171875,187.3600006103516,18290700.0,NMS,Alphabet Inc.,Alphabet Inc.,Communication Services,Internet Content & Information,191.96,2356904198144.0,123469996032.0,0.151,Mountain View,CA,United States,181269.0,0.0415598652149337
2024-07-17,GOOGL,180.5731658935547,181.0200042724609,183.5500030517578,179.89999389648438,182.97000122070312,20734100.0,NMS,Alphabet Inc.,Alphabet Inc.,Communication Services,Internet Content & Information,191.96,2356904198144.0,123469996032.0,0.151,Mountain View,CA,United States,181269.0,0.0415598652149337
2024-07-18,GOOGL,177.2513885498047,177.69000244140625,182.5,176.47000122070312,181.92999267578125,25315700.0,NMS,Alphabet Inc.,Alphabet Inc.,Communication Services,Internet Content & Information,191.96,2356904198144.0,123469996032.0,0.151,Mountain View,CA,United States,181269.0,0.0415598652149337
2024-07-19,GOOGL,177.22146606445312,177.66000366210938,180.2899932861328,177.1300048828125,178.8800048828125,18881900.0,NMS,Alphabet Inc.,Alphabet Inc.,Communication Services,Internet Content & Information,191.96,2356904198144.0,123469996032.0,0.151,Mountain View,CA,United States,181269.0,0.0415598652149337
2024-07-22,GOOGL,181.2215576171875,181.6699981689453,182.6999969482422,180.22999572753903,180.58999633789065,24100300.0,NMS,Alphabet Inc.,Alphabet Inc.,Communication Services,Internet Content & Information,191.96,2356904198144.0,123469996032.0,0.151,Mountain View,CA,United States,181269.0,0.0415598652149337
2024-07-23,GOOGL,181.3412628173828,181.7899932861328,183.6100006103516,181.5399932861328,182.0500030517578,36352700.0,NMS,Alphabet Inc.,Alphabet Inc.,Communication Services,Internet Content & Information,191.96,2356904198144.0,123469996032.0,0.151,Mountain View,CA,United States,181269.0,0.0415598652149337
2024-07-24,GOOGL,172.20387268066406,172.6300048828125,176.19000244140625,171.82000732421875,173.60000610351562,49585200.0,NMS,Alphabet Inc.,Alphabet Inc.,Communication Services,Internet Content & Information,191.96,2356904198144.0,123469996032.0,0.151,Mountain View,CA,United States,181269.0,0.0415598652149337
2024-07-25,GOOGL,166.86708068847656,167.27999877929688,173.4199981689453,167.19000244140625,172.52000427246094,44852000.0,NMS,Alphabet Inc.,Alphabet Inc.,Communication Services,Internet Content & Information,191.96,2356904198144.0,123469996032.0,0.151,Mountain View,CA,United States,181269.0,0.0415598652149337
2024-07-26,GOOGL,166.5877685546875,167.0,168.08999633789062,164.05999755859375,167.14999389648438,41336900.0,NMS,Alphabet Inc.,Alphabet Inc.,Communication Services,Internet Content & Information,191.96,2356904198144.0,123469996032.0,0.151,Mountain View,CA,United States,181269.0,0.0415598652149337
2024-07-29,GOOGL,169.1115264892578,169.52999877929688,170.42999267578125,167.99000549316406,168.8300018310547,20293800.0,NMS,Alphabet Inc.,Alphabet Inc.,Communication Services,Internet Content & Information,191.96,2356904198144.0,123469996032.0,0.151,Mountain View,CA,United States,181269.0,0.0415598652149337
2024-07-30,GOOGL,169.86964416503906,170.2899932861328,171.22999572753906,168.44000244140625,170.24000549316406,18959700.0,NMS,Alphabet Inc.,Alphabet Inc.,Communication Services,Internet Content & Information,191.96,2356904198144.0,123469996032.0,0.151,Mountain View,CA,United States,181269.0,0.0415598652149337
2024-07-31,GOOGL,171.11656188964844,171.5399932861328,174.25,170.00999450683594,173.24000549316406,25729100.0,NMS,Alphabet Inc.,Alphabet Inc.,Communication Services,Internet Content & Information,191.96,2356904198144.0,123469996032.0,0.151,Mountain View,CA,United States,181269.0,0.0415598652149337
2024-08-01,GOOGL,170.33848571777344,170.75999450683594,174.0500030517578,168.8800048828125,170.25,24531400.0,NMS,Alphabet Inc.,Alphabet Inc.,Communication Services,Internet Content & Information,191.96,2356904198144.0,123469996032.0,0.151,Mountain View,CA,United States,181269.0,0.0415598652149337
2024-08-02,GOOGL,166.2486114501953,166.66000366210938,168.50999450683594,164.6699981689453,166.44000244140625,29130100.0,NMS,Alphabet Inc.,Alphabet Inc.,Communication Services,Internet Content & Information,191.96,2356904198144.0,123469996032.0,0.151,Mountain View,CA,United States,181269.0,0.0415598652149337
2024-08-05,GOOGL,158.85690307617188,159.25,164.42999267578125,154.92999267578125,155.5,53630700.0,NMS,Alphabet Inc.,Alphabet Inc.,Communication Services,Internet Content & Information,191.96,2356904198144.0,123469996032.0,0.151,Mountain View,CA,United States,181269.0,0.0415598652149337
2024-08-06,GOOGL,157.89926147460938,158.2899932861328,160.57000732421875,156.41000366210938,159.3300018310547,49004600.0,NMS,Alphabet Inc.,Alphabet Inc.,Communication Services,Internet Content & Information,191.96,2356904198144.0,123469996032.0,0.151,Mountain View,CA,United States,181269.0,0.0415598652149337
2024-08-07,GOOGL,158.54766845703125,158.94000244140625,162.97999572753906,158.47000122070312,161.25,25138600.0,NMS,Alphabet Inc.,Alphabet Inc.,Communication Services,Internet Content & Information,191.96,2356904198144.0,123469996032.0,0.151,Mountain View,CA,United States,181269.0,0.0415598652149337
2024-08-08,GOOGL,161.63003540039062,162.02999877929688,163.69000244140625,160.2100067138672,160.50999450683594,25578800.0,NMS,Alphabet Inc.,Alphabet Inc.,Communication Services,Internet Content & Information,191.96,2356904198144.0,123469996032.0,0.151,Mountain View,CA,United States,181269.0,0.0415598652149337
2024-08-09,GOOGL,163.2659912109375,163.6699981689453,163.7899932861328,159.05999755859375,160.00999450683594,28602300.0,NMS,Alphabet Inc.,Alphabet Inc.,Communication Services,Internet Content & Information,191.96,2356904198144.0,123469996032.0,0.151,Mountain View,CA,United States,181269.0,0.0415598652149337
2024-08-12,GOOGL,161.88938903808594,162.2899932861328,164.89999389648438,161.83999633789062,164.35000610351562,15895300.0,NMS,Alphabet Inc.,Alphabet Inc.,Communication Services,Internet Content & Information,191.96,2356904198144.0,123469996032.0,0.151,Mountain View,CA,United States,181269.0,0.0415598652149337
2024-08-13,GOOGL,163.75477600097656,164.16000366210938,164.72999572753906,162.97000122070312,163.41000366210938,18551700.0,NMS,Alphabet Inc.,Alphabet Inc.,Communication Services,Internet Content & Information,191.96,2356904198144.0,123469996032.0,0.151,Mountain View,CA,United States,181269.0,0.0415598652149337
2024-08-14,GOOGL,159.97412109375,160.3699951171875,163.22000122070312,157.7100067138672,162.39999389648438,40591100.0,NMS,Alphabet Inc.,Alphabet Inc.,Communication Services,Internet Content & Information,191.96,2356904198144.0,123469996032.0,0.151,Mountain View,CA,United States,181269.0,0.0415598652149337
2024-08-15,GOOGL,160.90184020996094,161.3000030517578,161.63999938964844,159.61000061035156,160.5,31524300.0,NMS,Alphabet Inc.,Alphabet Inc.,Communication Services,Internet Content & Information,191.96,2356904198144.0,123469996032.0,0.151,Mountain View,CA,United States,181269.0,0.0415598652149337
2024-08-16,GOOGL,162.5577392578125,162.9600067138672,165.05999755859375,161.1300048828125,161.47000122070312,24208600.0,NMS,Alphabet Inc.,Alphabet Inc.,Communication Services,Internet Content & Information,191.96,2356904198144.0,123469996032.0,0.151,Mountain View,CA,United States,181269.0,0.0415598652149337
2024-08-19,GOOGL,166.25857543945312,166.6699981689453,166.69000244140625,164.25999450683594,165.27999877929688,22416200.0,NMS,Alphabet Inc.,Alphabet Inc.,Communication Services,Internet Content & Information,191.96,2356904198144.0,123469996032.0,0.151,Mountain View,CA,United States,181269.0,0.0415598652149337
2024-08-20,GOOGL,166.76731872558594,167.17999267578125,168.63999938964844,166.82000732421875,166.89999389648438,18341500.0,NMS,Alphabet Inc.,Alphabet Inc.,Communication Services,Internet Content & Information,191.96,2356904198144.0,123469996032.0,0.151,Mountain View,CA,United States,181269.0,0.0415598652149337
2024-08-21,GOOGL,165.44061279296875,165.85000610351562,166.85000610351562,164.6699981689453,165.14999389648438,22902000.0,NMS,Alphabet Inc.,Alphabet Inc.,Communication Services,Internet Content & Information,191.96,2356904198144.0,123469996032.0,0.151,Mountain View,CA,United States,181269.0,0.0415598652149337
2024-08-22,GOOGL,163.39566040039062,163.8000030517578,167.58999633789062,163.30999755859375,167.25999450683594,22493300.0,NMS,Alphabet Inc.,Alphabet Inc.,Communication Services,Internet Content & Information,191.96,2356904198144.0,123469996032.0,0.151,Mountain View,CA,United States,181269.0,0.0415598652149337
2024-08-23,GOOGL,165.21116638183594,165.6199951171875,166.17999267578125,163.8300018310547,164.72000122070312,13955700.0,NMS,Alphabet Inc.,Alphabet Inc.,Communication Services,Internet Content & Information,191.96,2356904198144.0,123469996032.0,0.151,Mountain View,CA,United States,181269.0,0.0415598652149337
2024-08-26,GOOGL,165.74984741210938,166.16000366210938,167.5500030517578,164.4600067138672,166.3800048828125,14190400.0,NMS,Alphabet Inc.,Alphabet Inc.,Communication Services,Internet Content & Information,191.96,2356904198144.0,123469996032.0,0.151,Mountain View,CA,United States,181269.0,0.0415598652149337
2024-08-27,GOOGL,164.27349853515625,164.67999267578125,166.44000244140625,164.4600067138672,165.83999633789062,11821900.0,NMS,Alphabet Inc.,Alphabet Inc.,Communication Services,Internet Content & Information,191.96,2356904198144.0,123469996032.0,0.151,Mountain View,CA,United States,181269.0,0.0415598652149337
2024-08-28,GOOGL,162.44802856445312,162.85000610351562,165.60000610351562,161.52999877929688,165.0399932861328,16407400.0,NMS,Alphabet Inc.,Alphabet Inc.,Communication Services,Internet Content & Information,191.96,2356904198144.0,123469996032.0,0.151,Mountain View,CA,United States,181269.0,0.0415598652149337
2024-08-29,GOOGL,161.3806610107422,161.77999877929688,165.97000122070312,160.25,164.30999755859375,19699800.0,NMS,Alphabet Inc.,Alphabet Inc.,Communication Services,Internet Content & Information,191.96,2356904198144.0,123469996032.0,0.151,Mountain View,CA,United States,181269.0,0.0415598652149337
2024-08-30,GOOGL,162.97671508789062,163.3800048828125,163.66000366210938,161.69000244140625,162.6199951171875,22123800.0,NMS,Alphabet Inc.,Alphabet Inc.,Communication Services,Internet Content & Information,191.96,2356904198144.0,123469996032.0,0.151,Mountain View,CA,United States,181269.0,0.0415598652149337
2024-09-03,GOOGL,156.97157287597656,157.36000061035156,161.85000610351562,156.47999572753906,161.72000122070312,38945300.0,NMS,Alphabet Inc.,Alphabet Inc.,Communication Services,Internet Content & Information,191.96,2356904198144.0,123469996032.0,0.151,Mountain View,CA,United States,181269.0,0.0415598652149337
2024-09-04,GOOGL,156.06381225585938,156.4499969482422,159.0,155.9600067138672,156.66000366210938,19353800.0,NMS,Alphabet Inc.,Alphabet Inc.,Communication Services,Internet Content & Information,191.96,2356904198144.0,123469996032.0,0.151,Mountain View,CA,United States,181269.0,0.0415598652149337
2024-09-05,GOOGL,156.85186767578125,157.24000549316406,159.4499969482422,155.97999572753906,156.3000030517578,18688700.0,NMS,Alphabet Inc.,Alphabet Inc.,Communication Services,Internet Content & Information,191.96,2356904198144.0,123469996032.0,0.151,Mountain View,CA,United States,181269.0,0.0415598652149337
2024-09-06,GOOGL,150.54745483398438,150.9199981689453,157.8300018310547,150.5500030517578,157.3000030517578,37912100.0,NMS,Alphabet Inc.,Alphabet Inc.,Communication Services,Internet Content & Information,191.96,2356904198144.0,123469996032.0,0.151,Mountain View,CA,United States,181269.0,0.0415598652149337
2024-09-09,GOOGL,148.53976440429688,148.7100067138672,153.39999389648438,147.22000122070312,152.50999450683594,39260500.0,NMS,Alphabet Inc.,Alphabet Inc.,Communication Services,Internet Content & Information,191.96,2356904198144.0,123469996032.0,0.151,Mountain View,CA,United States,181269.0,0.0415598652149337
2024-09-10,GOOGL,148.4898223876953,148.66000366210938,151.27000427246094,148.33999633789062,150.4499969482422,31118800.0,NMS,Alphabet Inc.,Alphabet Inc.,Communication Services,Internet Content & Information,191.96,2356904198144.0,123469996032.0,0.151,Mountain View,CA,United States,181269.0,0.0415598652149337
2024-09-11,GOOGL,150.98695373535156,151.16000366210938,151.5,147.52000427246094,149.9199981689453,29607700.0,NMS,Alphabet Inc.,Alphabet Inc.,Communication Services,Internet Content & Information,191.96,2356904198144.0,123469996032.0,0.151,Mountain View,CA,United States,181269.0,0.0415598652149337
2024-09-12,GOOGL,154.51292419433594,154.69000244140625,154.82000732421875,152.64999389648438,153.8000030517578,29695000.0,NMS,Alphabet Inc.,Alphabet Inc.,Communication Services,Internet Content & Information,191.96,2356904198144.0,123469996032.0,0.151,Mountain View,CA,United States,181269.0,0.0415598652149337
2024-09-13,GOOGL,157.27975463867188,157.4600067138672,158.3800048828125,155.2100067138672,155.42999267578125,29591200.0,NMS,Alphabet Inc.,Alphabet Inc.,Communication Services,Internet Content & Information,191.96,2356904198144.0,123469996032.0,0.151,Mountain View,CA,United States,181269.0,0.0415598652149337
2024-09-16,GOOGL,157.87905883789062,158.05999755859375,158.25,156.60000610351562,157.30999755859375,18379800.0,NMS,Alphabet Inc.,Alphabet Inc.,Communication Services,Internet Content & Information,191.96,2356904198144.0,123469996032.0,0.151,Mountain View,CA,United States,181269.0,0.0415598652149337
2024-09-17,GOOGL,159.1376190185547,159.32000732421875,160.5500030517578,158.3800048828125,159.02000427246094,20715600.0,NMS,Alphabet Inc.,Alphabet Inc.,Communication Services,Internet Content & Information,191.96,2356904198144.0,123469996032.0,0.151,Mountain View,CA,United States,181269.0,0.0415598652149337
2024-09-18,GOOGL,159.62705993652344,159.80999755859375,160.5,158.60000610351562,159.86000061035156,23677300.0,NMS,Alphabet Inc.,Alphabet Inc.,Communication Services,Internet Content & Information,191.96,2356904198144.0,123469996032.0,0.151,Mountain View,CA,United States,181269.0,0.0415598652149337
2024-09-19,GOOGL,161.9543914794922,162.13999938964844,163.7899932861328,161.33999633789062,163.7100067138672,26587700.0,NMS,Alphabet Inc.,Alphabet Inc.,Communication Services,Internet Content & Information,191.96,2356904198144.0,123469996032.0,0.151,Mountain View,CA,United States,181269.0,0.0415598652149337
2024-09-20,GOOGL,163.40272521972656,163.58999633789062,163.72999572753906,162.05999755859375,163.5,40896400.0,NMS,Alphabet Inc.,Alphabet Inc.,Communication Services,Internet Content & Information,191.96,2356904198144.0,123469996032.0,0.151,Mountain View,CA,United States,181269.0,0.0415598652149337
2024-09-23,GOOGL,161.6647186279297,161.85000610351562,165.49000549316406,161.6699981689453,164.35000610351562,24150900.0,NMS,Alphabet Inc.,Alphabet Inc.,Communication Services,Internet Content & Information,191.96,2356904198144.0,123469996032.0,0.151,Mountain View,CA,United States,181269.0,0.0415598652149337
2024-09-24,GOOGL,162.1042022705078,162.2899932861328,163.22000122070312,160.69000244140625,163.02999877929688,23332100.0,NMS,Alphabet Inc.,Alphabet Inc.,Communication Services,Internet Content & Information,191.96,2356904198144.0,123469996032.0,0.151,Mountain View,CA,United States,181269.0,0.0415598652149337
2024-09-25,GOOGL,161.3051300048828,161.49000549316406,162.80999755859375,161.3000030517578,161.47000122070312,18869200.0,NMS,Alphabet Inc.,Alphabet Inc.,Communication Services,Internet Content & Information,191.96,2356904198144.0,123469996032.0,0.151,Mountain View,CA,United States,181269.0,0.0415598652149337
2024-09-26,GOOGL,162.543701171875,162.72999572753906,164.0800018310547,162.27999877929688,163.63999938964844,20319300.0,NMS,Alphabet Inc.,Alphabet Inc.,Communication Services,Internet Content & Information,191.96,2356904198144.0,123469996032.0,0.151,Mountain View,CA,United States,181269.0,0.0415598652149337
2024-09-27,GOOGL,163.76231384277344,163.9499969482422,165.6999969482422,162.6300048828125,162.80999755859375,21101300.0,NMS,Alphabet Inc.,Alphabet Inc.,Communication Services,Internet Content & Information,191.96,2356904198144.0,123469996032.0,0.151,Mountain View,CA,United States,181269.0,0.0415598652149337
2024-09-30,GOOGL,165.66014099121094,165.85000610351562,166.14999389648438,163.25999450683594,163.32000732421875,20413900.0,NMS,Alphabet Inc.,Alphabet Inc.,Communication Services,Internet Content & Information,191.96,2356904198144.0,123469996032.0,0.151,Mountain View,CA,United States,181269.0,0.0415598652149337
2024-10-01,GOOGL,166.79884338378906,166.99000549316406,169.16000366210938,164.5800018310547,167.69000244140625,28338100.0,NMS,Alphabet Inc.,Alphabet Inc.,Communication Services,Internet Content & Information,191.96,2356904198144.0,123469996032.0,0.151,Mountain View,CA,United States,181269.0,0.0415598652149337
2024-10-02,GOOGL,165.67013549804688,165.86000061035156,167.52000427246094,164.72999572753906,166.4199981689453,17760200.0,NMS,Alphabet Inc.,Alphabet Inc.,Communication Services,Internet Content & Information,191.96,2356904198144.0,123469996032.0,0.151,Mountain View,CA,United States,181269.0,0.0415598652149337
2024-10-03,GOOGL,165.67013549804688,165.86000061035156,166.63999938964844,163.9199981689453,164.41000366210938,15073100.0,NMS,Alphabet Inc.,Alphabet Inc.,Communication Services,Internet Content & Information,191.96,2356904198144.0,123469996032.0,0.151,Mountain View,CA,United States,181269.0,0.0415598652149337
2024-10-04,GOOGL,166.86875915527344,167.05999755859375,168.22999572753906,165.47999572753906,168.05999755859375,19047400.0,NMS,Alphabet Inc.,Alphabet Inc.,Communication Services,Internet Content & Information,191.96,2356904198144.0,123469996032.0,0.151,Mountain View,CA,United States,181269.0,0.0415598652149337
2024-10-07,GOOGL,162.79342651367188,162.97999572753906,168.47999572753906,162.75,167.72000122070312,22463100.0,NMS,Alphabet Inc.,Alphabet Inc.,Communication Services,Internet Content & Information,191.96,2356904198144.0,123469996032.0,0.151,Mountain View,CA,United States,181269.0,0.0415598652149337
2024-10-08,GOOGL,164.19183349609375,164.3800048828125,164.72999572753906,162.8699951171875,163.94000244140625,23072700.0,NMS,Alphabet Inc.,Alphabet Inc.,Communication Services,Internet Content & Information,191.96,2356904198144.0,123469996032.0,0.151,Mountain View,CA,United States,181269.0,0.0415598652149337
2024-10-09,GOOGL,161.67471313476562,161.86000061035156,164.83999633789062,159.74000549316406,163.4499969482422,31181800.0,NMS,Alphabet Inc.,Alphabet Inc.,Communication Services,Internet Content & Information,191.96,2356904198144.0,123469996032.0,0.151,Mountain View,CA,United States,181269.0,0.0415598652149337
2024-10-10,GOOGL,161.8944549560547,162.0800018310547,163.07000732421875,160.39999389648438,160.8699951171875,14144100.0,NMS,Alphabet Inc.,Alphabet Inc.,Communication Services,Internet Content & Information,191.96,2356904198144.0,123469996032.0,0.151,Mountain View,CA,United States,181269.0,0.0415598652149337
2024-10-11,GOOGL,163.05313110351562,163.24000549316406,163.89999389648438,161.24000549316406,162.1300048828125,15344300.0,NMS,Alphabet Inc.,Alphabet Inc.,Communication Services,Internet Content & Information,191.96,2356904198144.0,123469996032.0,0.151,Mountain View,CA,United States,181269.0,0.0415598652149337
2024-10-14,GOOGL,164.7711639404297,164.9600067138672,166.22999572753906,163.39999389648438,163.63999938964844,19016100.0,NMS,Alphabet Inc.,Alphabet Inc.,Communication Services,Internet Content & Information,191.96,2356904198144.0,123469996032.0,0.151,Mountain View,CA,United States,181269.0,0.0415598652149337
2024-10-15,GOOGL,165.27059936523438,165.4600067138672,167.67999267578125,164.6300048828125,165.7899932861328,20247200.0,NMS,Alphabet Inc.,Alphabet Inc.,Communication Services,Internet Content & Information,191.96,2356904198144.0,123469996032.0,0.151,Mountain View,CA,United States,181269.0,0.0415598652149337
2024-10-16,GOOGL,164.97093200683594,165.16000366210938,165.8000030517578,163.74000549316406,164.52999877929688,16406000.0,NMS,Alphabet Inc.,Alphabet Inc.,Communication Services,Internet Content & Information,191.96,2356904198144.0,123469996032.0,0.151,Mountain View,CA,United States,181269.0,0.0415598652149337
2024-10-17,GOOGL,162.74346923828125,162.92999267578125,166.3699951171875,162.75999450683594,165.72999572753906,21453400.0,NMS,Alphabet Inc.,Alphabet Inc.,Communication Services,Internet Content & Information,191.96,2356904198144.0,123469996032.0,0.151,Mountain View,CA,United States,181269.0,0.0415598652149337
2024-10-18,GOOGL,163.23292541503906,163.4199981689453,164.7100067138672,163.0800018310547,163.19000244140625,19757700.0,NMS,Alphabet Inc.,Alphabet Inc.,Communication Services,Internet Content & Information,191.96,2356904198144.0,123469996032.0,0.151,Mountain View,CA,United States,181269.0,0.0415598652149337
2024-10-21,GOOGL,163.88218688964844,164.07000732421875,164.5,162.6199951171875,162.9499969482422,20946500.0,NMS,Alphabet Inc.,Alphabet Inc.,Communication Services,Internet Content & Information,191.96,2356904198144.0,123469996032.0,0.151,Mountain View,CA,United States,181269.0,0.0415598652149337
2024-10-22,GOOGL,164.95095825195312,165.13999938964844,165.77000427246094,162.97999572753906,162.97999572753906,16568100.0,NMS,Alphabet Inc.,Alphabet Inc.,Communication Services,Internet Content & Information,191.96,2356904198144.0,123469996032.0,0.151,Mountain View,CA,United States,181269.0,0.0415598652149337
2024-10-23,GOOGL,162.59365844726562,162.77999877929688,165.82000732421875,161.92999267578125,164.75999450683594,18280500.0,NMS,Alphabet Inc.,Alphabet Inc.,Communication Services,Internet Content & Information,191.96,2356904198144.0,123469996032.0,0.151,Mountain View,CA,United States,181269.0,0.0415598652149337
2024-10-24,GOOGL,162.53372192382812,162.72000122070312,163.3300018310547,161.00999450683594,162.8300018310547,22412500.0,NMS,Alphabet Inc.,Alphabet Inc.,Communication Services,Internet Content & Information,191.96,2356904198144.0,123469996032.0,0.151,Mountain View,CA,United States,181269.0,0.0415598652149337
2024-10-25,GOOGL,165.080810546875,165.27000427246094,165.58999633789062,163.4199981689453,163.6699981689453,19828900.0,NMS,Alphabet Inc.,Alphabet Inc.,Communication Services,Internet Content & Information,191.96,2356904198144.0,123469996032.0,0.151,Mountain View,CA,United States,181269.0,0.0415598652149337
2024-10-28,GOOGL,166.52914428710938,166.72000122070312,168.75,163.9499969482422,168.75,32138600.0,NMS,Alphabet Inc.,Alphabet Inc.,Communication Services,Internet Content & Information,191.96,2356904198144.0,123469996032.0,0.151,Mountain View,CA,United States,181269.0,0.0415598652149337
2024-10-29,GOOGL,169.48574829101562,169.67999267578125,170.3800048828125,167.08999633789062,167.72999572753906,42169000.0,NMS,Alphabet Inc.,Alphabet Inc.,Communication Services,Internet Content & Information,191.96,2356904198144.0,123469996032.0,0.151,Mountain View,CA,United States,181269.0,0.0415598652149337
2024-10-30,GOOGL,174.26028442382812,174.4600067138672,182.0200042724609,174.05999755859375,180.67999267578125,68890800.0,NMS,Alphabet Inc.,Alphabet Inc.,Communication Services,Internet Content & Information,191.96,2356904198144.0,123469996032.0,0.151,Mountain View,CA,United States,181269.0,0.0415598652149337
2024-10-31,GOOGL,170.91412353515625,171.11000061035156,176.82000732421875,171.0,173.1300048828125,44769000.0,NMS,Alphabet Inc.,Alphabet Inc.,Communication Services,Internet Content & Information,191.96,2356904198144.0,123469996032.0,0.151,Mountain View,CA,United States,181269.0,0.0415598652149337
2024-11-01,GOOGL,171.09390258789062,171.2899932861328,172.32000732421875,168.8800048828125,170.07000732421875,31796500.0,NMS,Alphabet Inc.,Alphabet Inc.,Communication Services,Internet Content & Information,191.96,2356904198144.0,123469996032.0,0.151,Mountain View,CA,United States,181269.0,0.0415598652149337
2024-11-04,GOOGL,169.0462646484375,169.24000549316406,170.72999572753906,168.00999450683594,169.92999267578125,21492700.0,NMS,Alphabet Inc.,Alphabet Inc.,Communication Services,Internet Content & Information,191.96,2356904198144.0,123469996032.0,0.151,Mountain View,CA,United States,181269.0,0.0415598652149337
2024-11-05,GOOGL,169.5457000732422,169.74000549316406,170.52999877929688,168.83999633789062,169.42999267578125,18242100.0,NMS,Alphabet Inc.,Alphabet Inc.,Communication Services,Internet Content & Information,191.96,2356904198144.0,123469996032.0,0.151,Mountain View,CA,United States,181269.0,0.0415598652149337
2024-11-06,GOOGL,176.3079376220703,176.50999450683594,176.94000244140625,173.5,173.8000030517578,33695500.0,NMS,Alphabet Inc.,Alphabet Inc.,Communication Services,Internet Content & Information,191.96,2356904198144.0,123469996032.0,0.151,Mountain View,CA,United States,181269.0,0.0415598652149337
2024-11-07,GOOGL,180.5430908203125,180.75,181.0800018310547,177.19000244140625,177.41000366210938,25352900.0,NMS,Alphabet Inc.,Alphabet Inc.,Communication Services,Internet Content & Information,191.96,2356904198144.0,123469996032.0,0.151,Mountain View,CA,United States,181269.0,0.0415598652149337
2024-11-08,GOOGL,178.14584350585938,178.35000610351562,180.8999938964844,178.0800018310547,180.6499938964844,22006200.0,NMS,Alphabet Inc.,Alphabet Inc.,Communication Services,Internet Content & Information,191.96,2356904198144.0,123469996032.0,0.151,Mountain View,CA,United States,181269.0,0.0415598652149337
2024-11-11,GOOGL,180.1435546875,180.3500061035156,180.5500030517578,178.47000122070312,178.5800018310547,17450400.0,NMS,Alphabet Inc.,Alphabet Inc.,Communication Services,Internet Content & Information,191.96,2356904198144.0,123469996032.0,0.151,Mountain View,CA,United States,181269.0,0.0415598652149337
2024-11-12,GOOGL,181.41207885742188,181.6199951171875,182.4900054931641,179.38999938964844,179.82000732421875,25134900.0,NMS,Alphabet Inc.,Alphabet Inc.,Communication Services,Internet Content & Information,191.96,2356904198144.0,123469996032.0,0.151,Mountain View,CA,United States,181269.0,0.0415598652149337
2024-11-13,GOOGL,178.67523193359375,178.8800048828125,180.9600067138672,178.5399932861328,180.4600067138672,23184000.0,NMS,Alphabet Inc.,Alphabet Inc.,Communication Services,Internet Content & Information,191.96,2356904198144.0,123469996032.0,0.151,Mountain View,CA,United States,181269.0,0.0415598652149337
2024-11-14,GOOGL,175.37899780273438,175.5800018310547,178.82000732421875,174.32000732421875,178.27999877929688,31007500.0,NMS,Alphabet Inc.,Alphabet Inc.,Communication Services,Internet Content & Information,191.96,2356904198144.0,123469996032.0,0.151,Mountain View,CA,United States,181269.0,0.0415598652149337
2024-11-15,GOOGL,172.29254150390625,172.49000549316406,174.13999938964844,171.22000122070312,173.72999572753906,32504600.0,NMS,Alphabet Inc.,Alphabet Inc.,Communication Services,Internet Content & Information,191.96,2356904198144.0,123469996032.0,0.151,Mountain View,CA,United States,181269.0,0.0415598652149337
2024-11-18,GOOGL,175.0993194580078,175.3000030517578,175.44000244140625,172.89999389648438,173.4199981689453,20206600.0,NMS,Alphabet Inc.,Alphabet Inc.,Communication Services,Internet Content & Information,191.96,2356904198144.0,123469996032.0,0.151,Mountain View,CA,United States,181269.0,0.0415598652149337
2024-11-19,GOOGL,177.9160919189453,178.1199951171875,178.8699951171875,173.55999755859375,173.72000122070312,23434900.0,NMS,Alphabet Inc.,Alphabet Inc.,Communication Services,Internet Content & Information,191.96,2356904198144.0,123469996032.0,0.151,Mountain View,CA,United States,181269.0,0.0415598652149337
2024-11-20,GOOGL,175.77853393554688,175.97999572753906,177.67999267578125,173.77999877929688,177.33999633789062,18997100.0,NMS,Alphabet Inc.,Alphabet Inc.,Communication Services,Internet Content & Information,191.96,2356904198144.0,123469996032.0,0.151,Mountain View,CA,United States,181269.0,0.0415598652149337
2024-11-21,GOOGL,167.4381103515625,167.6300048828125,174.1300048828125,163.6999969482422,173.89999389648438,59734400.0,NMS,Alphabet Inc.,Alphabet Inc.,Communication Services,Internet Content & Information,191.96,2356904198144.0,123469996032.0,0.151,Mountain View,CA,United States,181269.0,0.0415598652149337
2024-11-22,GOOGL,164.57138061523438,164.75999450683594,166.4600067138672,163.89999389648438,165.85000610351562,38604600.0,NMS,Alphabet Inc.,Alphabet Inc.,Communication Services,Internet Content & Information,191.96,2356904198144.0,123469996032.0,0.151,Mountain View,CA,United States,181269.0,0.0415598652149337
2024-11-25,GOOGL,167.45806884765625,167.64999389648438,168.6300048828125,165.61000061035156,166.08999633789062,33135300.0,NMS,Alphabet Inc.,Alphabet Inc.,Communication Services,Internet Content & Information,191.96,2356904198144.0,123469996032.0,0.151,Mountain View,CA,United States,181269.0,0.0415598652149337
2024-11-26,GOOGL,168.9263916015625,169.1199951171875,169.82000732421875,167.5800018310547,167.6300048828125,20486700.0,NMS,Alphabet Inc.,Alphabet Inc.,Communication Services,Internet Content & Information,191.96,2356904198144.0,123469996032.0,0.151,Mountain View,CA,United States,181269.0,0.0415598652149337
2024-11-27,GOOGL,169.03627014160156,169.22999572753906,169.47999572753906,168.02000427246094,169.0,19266500.0,NMS,Alphabet Inc.,Alphabet Inc.,Communication Services,Internet Content & Information,191.96,2356904198144.0,123469996032.0,0.151,Mountain View,CA,United States,181269.0,0.0415598652149337
2024-11-29,GOOGL,168.756591796875,168.9499969482422,169.42999267578125,167.16000366210938,168.5,14257200.0,NMS,Alphabet Inc.,Alphabet Inc.,Communication Services,Internet Content & Information,191.96,2356904198144.0,123469996032.0,0.151,Mountain View,CA,United States,181269.0,0.0415598652149337
2024-12-02,GOOGL,171.29368591308594,171.49000549316406,172.0800018310547,168.57000732421875,168.77000427246094,23789100.0,NMS,Alphabet Inc.,Alphabet Inc.,Communication Services,Internet Content & Information,191.96,2356904198144.0,123469996032.0,0.151,Mountain View,CA,United States,181269.0,0.0415598652149337
2024-12-03,GOOGL,171.1438446044922,171.33999633789062,172.67999267578125,170.85000610351562,171.49000549316406,22248700.0,NMS,Alphabet Inc.,Alphabet Inc.,Communication Services,Internet Content & Information,191.96,2356904198144.0,123469996032.0,0.151,Mountain View,CA,United States,181269.0,0.0415598652149337
2024-12-04,GOOGL,174.17037963867188,174.3699951171875,174.91000366210938,171.05999755859375,171.14999389648438,31615100.0,NMS,Alphabet Inc.,Alphabet Inc.,Communication Services,Internet Content & Information,191.96,2356904198144.0,123469996032.0,0.151,Mountain View,CA,United States,181269.0,0.0415598652149337
2024-12-05,GOOGL,172.44236755371094,172.63999938964844,176.05999755859375,172.3300018310547,175.36000061035156,21356200.0,NMS,Alphabet Inc.,Alphabet Inc.,Communication Services,Internet Content & Information,191.96,2356904198144.0,123469996032.0,0.151,Mountain View,CA,United States,181269.0,0.0415598652149337
2024-12-06,GOOGL,174.510009765625,174.7100067138672,175.0800018310547,171.86000061035156,172.02999877929688,21462400.0,NMS,Alphabet Inc.,Alphabet Inc.,Communication Services,Internet Content & Information,191.96,2356904198144.0,123469996032.0,0.151,Mountain View,CA,United States,181269.0,0.0415598652149337
2024-12-09,GOOGL,175.3699951171875,175.3699951171875,176.25999450683594,173.64999389648438,173.9600067138672,25389600.0,NMS,Alphabet Inc.,Alphabet Inc.,Communication Services,Internet Content & Information,191.96,2356904198144.0,123469996032.0,0.151,Mountain View,CA,United States,181269.0,0.0415598652149337
2024-12-10,GOOGL,185.1699981689453,185.1699981689453,186.3600006103516,181.0500030517578,182.8500061035156,54813000.0,NMS,Alphabet Inc.,Alphabet Inc.,Communication Services,Internet Content & Information,191.96,2356904198144.0,123469996032.0,0.151,Mountain View,CA,United States,181269.0,0.0415598652149337
2024-12-11,GOOGL,195.3999938964844,195.3999938964844,195.6100006103516,184.8500061035156,185.30999755859372,67894100.0,NMS,Alphabet Inc.,Alphabet Inc.,Communication Services,Internet Content & Information,191.96,2356904198144.0,123469996032.0,0.151,Mountain View,CA,United States,181269.0,0.0415598652149337
2024-12-12,GOOGL,191.9600067138672,191.9600067138672,195.17999267578125,191.7100067138672,194.9600067138672,32460315.0,NMS,Alphabet Inc.,Alphabet Inc.,Communication Services,Internet Content & Information,191.96,2356904198144.0,123469996032.0,0.151,Mountain View,CA,United States,181269.0,0.0415598652149337
2024-01-02,GOOG,139.0603485107422,139.55999755859375,140.61500549316406,137.74000549316406,139.60000610351562,20071900.0,NMS,Alphabet Inc.,Alphabet Inc.,Communication Services,Internet Content & Information,193.63,2361569574912.0,123469996032.0,0.151,Mountain View,CA,United States,181269.0,0.0416421309386774
2024-01-03,GOOG,139.85748291015625,140.36000061035156,141.08999633789062,138.42999267578125,138.60000610351562,18974300.0,NMS,Alphabet Inc.,Alphabet Inc.,Communication Services,Internet Content & Information,193.63,2361569574912.0,123469996032.0,0.151,Mountain View,CA,United States,181269.0,0.0416421309386774
2024-01-04,GOOG,137.5457763671875,138.0399932861328,140.63499450683594,138.00999450683594,139.85000610351562,18253300.0,NMS,Alphabet Inc.,Alphabet Inc.,Communication Services,Internet Content & Information,193.63,2361569574912.0,123469996032.0,0.151,Mountain View,CA,United States,181269.0,0.0416421309386774
2024-01-05,GOOG,136.8981170654297,137.38999938964844,138.80999755859375,136.85000610351562,138.3520050048828,15433200.0,NMS,Alphabet Inc.,Alphabet Inc.,Communication Services,Internet Content & Information,193.63,2361569574912.0,123469996032.0,0.151,Mountain View,CA,United States,181269.0,0.0416421309386774
2024-01-08,GOOG,140.02687072753906,140.52999877929688,140.63999938964844,137.8800048828125,138.0,17645300.0,NMS,Alphabet Inc.,Alphabet Inc.,Communication Services,Internet Content & Information,193.63,2361569574912.0,123469996032.0,0.151,Mountain View,CA,United States,181269.0,0.0416421309386774
2024-01-09,GOOG,142.0496063232422,142.55999755859375,142.8000030517578,139.7899932861328,140.05999755859375,19579700.0,NMS,Alphabet Inc.,Alphabet Inc.,Communication Services,Internet Content & Information,193.63,2361569574912.0,123469996032.0,0.151,Mountain View,CA,United States,181269.0,0.0416421309386774
2024-01-10,GOOG,143.28517150878906,143.8000030517578,144.52499389648438,142.4600067138672,142.52000427246094,16641900.0,NMS,Alphabet Inc.,Alphabet Inc.,Communication Services,Internet Content & Information,193.63,2361569574912.0,123469996032.0,0.151,Mountain View,CA,United States,181269.0,0.0416421309386774
2024-01-11,GOOG,143.15562438964844,143.6699981689453,146.66000366210938,142.21499633789062,144.89500427246094,17471100.0,NMS,Alphabet Inc.,Alphabet Inc.,Communication Services,Internet Content & Information,193.63,2361569574912.0,123469996032.0,0.151,Mountain View,CA,United States,181269.0,0.0416421309386774
2024-01-12,GOOG,143.7235870361328,144.24000549316406,144.74000549316406,143.36000061035156,144.33999633789062,13995200.0,NMS,Alphabet Inc.,Alphabet Inc.,Communication Services,Internet Content & Information,193.63,2361569574912.0,123469996032.0,0.151,Mountain View,CA,United States,181269.0,0.0416421309386774
2024-01-16,GOOG,143.5641632080078,144.0800018310547,145.83999633789062,143.05599975585938,143.42999267578125,19198900.0,NMS,Alphabet Inc.,Alphabet Inc.,Communication Services,Internet Content & Information,193.63,2361569574912.0,123469996032.0,0.151,Mountain View,CA,United States,181269.0,0.0416421309386774
2024-01-17,GOOG,142.37841796875,142.88999938964844,143.41000366210938,140.50999450683594,142.91000366210938,17884500.0,NMS,Alphabet Inc.,Alphabet Inc.,Communication Services,Internet Content & Information,193.63,2361569574912.0,123469996032.0,0.151,Mountain View,CA,United States,181269.0,0.0416421309386774
2024-01-18,GOOG,144.4709014892578,144.99000549316406,145.5850067138672,143.35000610351562,143.44000244140625,18876800.0,NMS,Alphabet Inc.,Alphabet Inc.,Communication Services,Internet Content & Information,193.63,2361569574912.0,123469996032.0,0.151,Mountain View,CA,United States,181269.0,0.0416421309386774
2024-01-19,GOOG,147.4402313232422,147.97000122070312,148.0399932861328,145.8000030517578,146.30499267578125,27170900.0,NMS,Alphabet Inc.,Alphabet Inc.,Communication Services,Internet Content & Information,193.63,2361569574912.0,123469996032.0,0.151,Mountain View,CA,United States,181269.0,0.0416421309386774
2024-01-22,GOOG,147.18116760253906,147.7100067138672,150.01499938964844,147.5800018310547,148.7100067138672,21829200.0,NMS,Alphabet Inc.,Alphabet Inc.,Communication Services,Internet Content & Information,193.63,2361569574912.0,123469996032.0,0.151,Mountain View,CA,United States,181269.0,0.0416421309386774
2024-01-23,GOOG,148.14768981933594,148.67999267578125,148.86000061035156,147.19000244140625,147.72000122070312,14113600.0,NMS,Alphabet Inc.,Alphabet Inc.,Communication Services,Internet Content & Information,193.63,2361569574912.0,123469996032.0,0.151,Mountain View,CA,United States,181269.0,0.0416421309386774
2024-01-24,GOOG,149.8117218017578,150.35000610351562,151.57000732421875,149.83999633789062,150.2899932861328,19245000.0,NMS,Alphabet Inc.,Alphabet Inc.,Communication Services,Internet Content & Information,193.63,2361569574912.0,123469996032.0,0.151,Mountain View,CA,United States,181269.0,0.0416421309386774
2024-01-25,GOOG,153.08993530273438,153.63999938964844,154.75999450683594,151.22000122070312,151.74000549316406,21495100.0,NMS,Alphabet Inc.,Alphabet Inc.,Communication Services,Internet Content & Information,193.63,2361569574912.0,123469996032.0,0.151,Mountain View,CA,United States,181269.0,0.0416421309386774
2024-01-26,GOOG,153.23939514160156,153.7899932861328,154.11000061035156,152.8000030517578,152.8699951171875,19494500.0,NMS,Alphabet Inc.,Alphabet Inc.,Communication Services,Internet Content & Information,193.63,2361569574912.0,123469996032.0,0.151,Mountain View,CA,United States,181269.0,0.0416421309386774
2024-01-29,GOOG,154.28564453125,154.83999633789062,155.1999969482422,152.9199981689453,153.63999938964844,20909300.0,NMS,Alphabet Inc.,Alphabet Inc.,Communication Services,Internet Content & Information,193.63,2361569574912.0,123469996032.0,0.151,Mountain View,CA,United States,181269.0,0.0416421309386774
2024-01-30,GOOG,152.50204467773438,153.0500030517578,155.0399932861328,152.77499389648438,154.00999450683594,26578900.0,NMS,Alphabet Inc.,Alphabet Inc.,Communication Services,Internet Content & Information,193.63,2361569574912.0,123469996032.0,0.151,Mountain View,CA,United States,181269.0,0.0416421309386774
2024-01-31,GOOG,141.29232788085938,141.8000030517578,145.58999633789062,141.5500030517578,145.38999938964844,43908600.0,NMS,Alphabet Inc.,Alphabet Inc.,Communication Services,Internet Content & Information,193.63,2361569574912.0,123469996032.0,0.151,Mountain View,CA,United States,181269.0,0.0416421309386774
2024-02-01,GOOG,142.19908142089844,142.7100067138672,144.6199951171875,142.25999450683594,143.69000244140625,25526900.0,NMS,Alphabet Inc.,Alphabet Inc.,Communication Services,Internet Content & Information,193.63,2361569574912.0,123469996032.0,0.151,Mountain View,CA,United States,181269.0,0.0416421309386774
2024-02-02,GOOG,143.0260772705078,143.5399932861328,143.8800048828125,138.1699981689453,140.88999938964844,42116900.0,NMS,Alphabet Inc.,Alphabet Inc.,Communication Services,Internet Content & Information,193.63,2361569574912.0,123469996032.0,0.151,Mountain View,CA,United States,181269.0,0.0416421309386774
2024-02-05,GOOG,144.41111755371094,144.92999267578125,146.6699981689453,143.91000366210938,144.0399932861328,29254400.0,NMS,Alphabet Inc.,Alphabet Inc.,Communication Services,Internet Content & Information,193.63,2361569574912.0,123469996032.0,0.151,Mountain View,CA,United States,181269.0,0.0416421309386774
2024-02-06,GOOG,144.88938903808594,145.41000366210938,146.74000549316406,144.52000427246094,145.9600067138672,21517700.0,NMS,Alphabet Inc.,Alphabet Inc.,Communication Services,Internet Content & Information,193.63,2361569574912.0,123469996032.0,0.151,Mountain View,CA,United States,181269.0,0.0416421309386774
2024-02-07,GOOG,146.1548309326172,146.67999267578125,147.0,145.2100067138672,146.1199951171875,21436100.0,NMS,Alphabet Inc.,Alphabet Inc.,Communication Services,Internet Content & Information,193.63,2361569574912.0,123469996032.0,0.151,Mountain View,CA,United States,181269.0,0.0416421309386774
2024-02-08,GOOG,146.69290161132812,147.22000122070312,147.61000061035156,146.4199981689453,146.97000122070312,18241300.0,NMS,Alphabet Inc.,Alphabet Inc.,Communication Services,Internet Content & Information,193.63,2361569574912.0,123469996032.0,0.151,Mountain View,CA,United States,181269.0,0.0416421309386774
2024-02-09,GOOG,149.6821746826172,150.22000122070312,150.69500732421875,147.42999267578125,147.9499969482422,21877700.0,NMS,Alphabet Inc.,Alphabet Inc.,Communication Services,Internet Content & Information,193.63,2361569574912.0,123469996032.0,0.151,Mountain View,CA,United States,181269.0,0.0416421309386774
2024-02-12,GOOG,148.19752502441406,148.72999572753906,150.58999633789062,148.55999755859375,149.5399932861328,17236100.0,NMS,Alphabet Inc.,Alphabet Inc.,Communication Services,Internet Content & Information,193.63,2361569574912.0,123469996032.0,0.151,Mountain View,CA,United States,181269.0,0.0416421309386774
2024-02-13,GOOG,145.84596252441406,146.3699951171875,148.0399932861328,145.11000061035156,146.07000732421875,18138500.0,NMS,Alphabet Inc.,Alphabet Inc.,Communication Services,Internet Content & Information,193.63,2361569574912.0,123469996032.0,0.151,Mountain View,CA,United States,181269.0,0.0416421309386774
2024-02-14,GOOG,146.61318969726562,147.13999938964844,147.8300018310547,145.55499267578125,147.3699951171875,16651800.0,NMS,Alphabet Inc.,Alphabet Inc.,Communication Services,Internet Content & Information,193.63,2361569574912.0,123469996032.0,0.151,Mountain View,CA,United States,181269.0,0.0416421309386774
2024-02-15,GOOG,143.42466735839844,143.94000244140625,144.75999450683594,141.8800048828125,144.4600067138672,26724300.0,NMS,Alphabet Inc.,Alphabet Inc.,Communication Services,Internet Content & Information,193.63,2361569574912.0,123469996032.0,0.151,Mountain View,CA,United States,181269.0,0.0416421309386774
2024-02-16,GOOG,141.25245666503906,141.75999450683594,144.47999572753906,141.52000427246094,144.2100067138672,21849700.0,NMS,Alphabet Inc.,Alphabet Inc.,Communication Services,Internet Content & Information,193.63,2361569574912.0,123469996032.0,0.151,Mountain View,CA,United States,181269.0,0.0416421309386774
2024-02-20,GOOG,141.69088745117188,142.1999969482422,143.32899475097656,140.8000030517578,140.94000244140625,18625600.0,NMS,Alphabet Inc.,Alphabet Inc.,Communication Services,Internet Content & Information,193.63,2361569574912.0,123469996032.0,0.151,Mountain View,CA,United States,181269.0,0.0416421309386774
2024-02-21,GOOG,143.32501220703125,143.83999633789062,143.97999572753906,141.91000366210938,142.63999938964844,16499600.0,NMS,Alphabet Inc.,Alphabet Inc.,Communication Services,Internet Content & Information,193.63,2361569574912.0,123469996032.0,0.151,Mountain View,CA,United States,181269.0,0.0416421309386774
2024-02-22,GOOG,144.7997283935547,145.32000732421875,146.1999969482422,144.00999450683594,146.1199951171875,23024700.0,NMS,Alphabet Inc.,Alphabet Inc.,Communication Services,Internet Content & Information,193.63,2361569574912.0,123469996032.0,0.151,Mountain View,CA,United States,181269.0,0.0416421309386774
2024-02-23,GOOG,144.7698211669922,145.2899932861328,145.9550018310547,144.7899932861328,144.97000122070312,14519400.0,NMS,Alphabet Inc.,Alphabet Inc.,Communication Services,Internet Content & Information,193.63,2361569574912.0,123469996032.0,0.151,Mountain View,CA,United States,181269.0,0.0416421309386774
2024-02-26,GOOG,138.25323486328125,138.75,143.83999633789062,138.74000549316406,143.4499969482422,33513000.0,NMS,Alphabet Inc.,Alphabet Inc.,Communication Services,Internet Content & Information,193.63,2361569574912.0,123469996032.0,0.151,Mountain View,CA,United States,181269.0,0.0416421309386774
2024-02-27,GOOG,139.59841918945312,140.10000610351562,140.49000549316406,138.5,139.41000366210938,22364000.0,NMS,Alphabet Inc.,Alphabet Inc.,Communication Services,Internet Content & Information,193.63,2361569574912.0,123469996032.0,0.151,Mountain View,CA,United States,181269.0,0.0416421309386774
2024-02-28,GOOG,136.93797302246094,137.42999267578125,139.27999877929688,136.63999938964844,139.10000610351562,30628700.0,NMS,Alphabet Inc.,Alphabet Inc.,Communication Services,Internet Content & Information,193.63,2361569574912.0,123469996032.0,0.151,Mountain View,CA,United States,181269.0,0.0416421309386774
2024-02-29,GOOG,139.27955627441406,139.77999877929688,139.9499969482422,137.57000732421875,138.35000610351562,35485000.0,NMS,Alphabet Inc.,Alphabet Inc.,Communication Services,Internet Content & Information,193.63,2361569574912.0,123469996032.0,0.151,Mountain View,CA,United States,181269.0,0.0416421309386774
2024-03-01,GOOG,137.5856475830078,138.0800018310547,140.0,137.97500610351562,139.61000061035156,28522000.0,NMS,Alphabet Inc.,Alphabet Inc.,Communication Services,Internet Content & Information,193.63,2361569574912.0,123469996032.0,0.151,Mountain View,CA,United States,181269.0,0.0416421309386774
2024-03-04,GOOG,133.7195281982422,134.1999969482422,136.6300048828125,132.86000061035156,136.5399932861328,43571500.0,NMS,Alphabet Inc.,Alphabet Inc.,Communication Services,Internet Content & Information,193.63,2361569574912.0,123469996032.0,0.151,Mountain View,CA,United States,181269.0,0.0416421309386774
2024-03-05,GOOG,133.301025390625,133.77999877929688,134.02000427246094,131.5500030517578,132.74000549316406,28447600.0,NMS,Alphabet Inc.,Alphabet Inc.,Communication Services,Internet Content & Information,193.63,2361569574912.0,123469996032.0,0.151,Mountain View,CA,United States,181269.0,0.0416421309386774
2024-03-06,GOOG,132.08538818359375,132.55999755859375,134.74000549316406,131.9499969482422,134.24000549316406,23175200.0,NMS,Alphabet Inc.,Alphabet Inc.,Communication Services,Internet Content & Information,193.63,2361569574912.0,123469996032.0,0.151,Mountain View,CA,United States,181269.0,0.0416421309386774
2024-03-07,GOOG,134.7558135986328,135.24000549316406,135.82000732421875,132.66000366210938,133.88999938964844,24107300.0,NMS,Alphabet Inc.,Alphabet Inc.,Communication Services,Internet Content & Information,193.63,2361569574912.0,123469996032.0,0.151,Mountain View,CA,United States,181269.0,0.0416421309386774
2024-03-08,GOOG,135.80203247070312,136.2899932861328,138.98500061035156,134.8000030517578,135.03500366210938,26472400.0,NMS,Alphabet Inc.,Alphabet Inc.,Communication Services,Internet Content & Information,193.63,2361569574912.0,123469996032.0,0.151,Mountain View,CA,United States,181269.0,0.0416421309386774
2024-03-11,GOOG,138.44256591796875,138.94000244140625,139.97999572753906,137.07000732421875,137.07000732421875,22536400.0,NMS,Alphabet Inc.,Alphabet Inc.,Communication Services,Internet Content & Information,193.63,2361569574912.0,123469996032.0,0.151,Mountain View,CA,United States,181269.0,0.0416421309386774
2024-03-12,GOOG,139.1201171875,139.6199951171875,140.27999877929688,138.2100067138672,138.25,19019700.0,NMS,Alphabet Inc.,Alphabet Inc.,Communication Services,Internet Content & Information,193.63,2361569574912.0,123469996032.0,0.151,Mountain View,CA,United States,181269.0,0.0416421309386774
2024-03-13,GOOG,140.26602172851562,140.77000427246094,142.19000244140625,140.00999450683594,140.05999755859375,19637000.0,NMS,Alphabet Inc.,Alphabet Inc.,Communication Services,Internet Content & Information,193.63,2361569574912.0,123469996032.0,0.151,Mountain View,CA,United States,181269.0,0.0416421309386774
2024-03-14,GOOG,143.82322692871094,144.33999633789062,144.72999572753906,141.48500061035156,142.3000030517578,36117900.0,NMS,Alphabet Inc.,Alphabet Inc.,Communication Services,Internet Content & Information,193.63,2361569574912.0,123469996032.0,0.151,Mountain View,CA,United States,181269.0,0.0416421309386774
2024-03-15,GOOG,141.66099548339844,142.1699981689453,144.33999633789062,141.1300048828125,143.41000366210938,41025900.0,NMS,Alphabet Inc.,Alphabet Inc.,Communication Services,Internet Content & Information,193.63,2361569574912.0,123469996032.0,0.151,Mountain View,CA,United States,181269.0,0.0416421309386774
2024-03-18,GOOG,147.94839477539062,148.47999572753906,152.92999267578125,148.13999938964844,149.3699951171875,47676700.0,NMS,Alphabet Inc.,Alphabet Inc.,Communication Services,Internet Content & Information,193.63,2361569574912.0,123469996032.0,0.151,Mountain View,CA,United States,181269.0,0.0416421309386774
2024-03-19,GOOG,147.39041137695312,147.9199981689453,149.6199951171875,147.00999450683594,148.97999572753906,17748400.0,NMS,Alphabet Inc.,Alphabet Inc.,Communication Services,Internet Content & Information,193.63,2361569574912.0,123469996032.0,0.151,Mountain View,CA,United States,181269.0,0.0416421309386774
2024-03-20,GOOG,149.14410400390625,149.67999267578125,149.75999450683594,147.6649932861328,148.7899932861328,17730000.0,NMS,Alphabet Inc.,Alphabet Inc.,Communication Services,Internet Content & Information,193.63,2361569574912.0,123469996032.0,0.151,Mountain View,CA,United States,181269.0,0.0416421309386774
2024-03-21,GOOG,148.20748901367188,148.74000549316406,151.30499267578125,148.00999450683594,150.32000732421875,19843900.0,NMS,Alphabet Inc.,Alphabet Inc.,Communication Services,Internet Content & Information,193.63,2361569574912.0,123469996032.0,0.151,Mountain View,CA,United States,181269.0,0.0416421309386774
2024-03-22,GOOG,151.22662353515625,151.77000427246094,152.55999755859375,150.08999633789062,150.24000549316406,19226300.0,NMS,Alphabet Inc.,Alphabet Inc.,Communication Services,Internet Content & Information,193.63,2361569574912.0,123469996032.0,0.151,Mountain View,CA,United States,181269.0,0.0416421309386774
2024-03-25,GOOG,150.6088409423828,151.14999389648438,151.45599365234375,148.8000030517578,150.9499969482422,15114700.0,NMS,Alphabet Inc.,Alphabet Inc.,Communication Services,Internet Content & Information,193.63,2361569574912.0,123469996032.0,0.151,Mountain View,CA,United States,181269.0,0.0416421309386774
2024-03-26,GOOG,151.15689086914062,151.6999969482422,153.1999969482422,151.02999877929688,151.24000549316406,19312700.0,NMS,Alphabet Inc.,Alphabet Inc.,Communication Services,Internet Content & Information,193.63,2361569574912.0,123469996032.0,0.151,Mountain View,CA,United States,181269.0,0.0416421309386774
2024-03-27,GOOG,151.39602661132812,151.94000244140625,152.69000244140625,150.1300048828125,152.14500427246094,16622000.0,NMS,Alphabet Inc.,Alphabet Inc.,Communication Services,Internet Content & Information,193.63,2361569574912.0,123469996032.0,0.151,Mountain View,CA,United States,181269.0,0.0416421309386774
2024-03-28,GOOG,151.71487426757812,152.25999450683594,152.6699981689453,151.3300018310547,152.0,21105600.0,NMS,Alphabet Inc.,Alphabet Inc.,Communication Services,Internet Content & Information,193.63,2361569574912.0,123469996032.0,0.151,Mountain View,CA,United States,181269.0,0.0416421309386774
2024-04-01,GOOG,155.939697265625,156.5,157.0,151.64999389648438,151.8300018310547,24469800.0,NMS,Alphabet Inc.,Alphabet Inc.,Communication Services,Internet Content & Information,193.63,2361569574912.0,123469996032.0,0.151,Mountain View,CA,United States,181269.0,0.0416421309386774
2024-04-02,GOOG,155.31195068359375,155.8699951171875,155.99000549316406,153.4600067138672,154.75,17598100.0,NMS,Alphabet Inc.,Alphabet Inc.,Communication Services,Internet Content & Information,193.63,2361569574912.0,123469996032.0,0.151,Mountain View,CA,United States,181269.0,0.0416421309386774
2024-04-03,GOOG,155.81016540527344,156.3699951171875,156.5500030517578,154.1320037841797,154.9199981689453,17266200.0,NMS,Alphabet Inc.,Alphabet Inc.,Communication Services,Internet Content & Information,193.63,2361569574912.0,123469996032.0,0.151,Mountain View,CA,United States,181269.0,0.0416421309386774
2024-04-04,GOOG,151.39602661132812,151.94000244140625,156.17999267578125,151.8800048828125,155.0800018310547,24184800.0,NMS,Alphabet Inc.,Alphabet Inc.,Communication Services,Internet Content & Information,193.63,2361569574912.0,123469996032.0,0.151,Mountain View,CA,United States,181269.0,0.0416421309386774
2024-04-05,GOOG,153.3888702392578,153.94000244140625,154.83999633789062,151.08099365234375,151.67999267578125,16289800.0,NMS,Alphabet Inc.,Alphabet Inc.,Communication Services,Internet Content & Information,193.63,2361569574912.0,123469996032.0,0.151,Mountain View,CA,United States,181269.0,0.0416421309386774
2024-04-08,GOOG,155.58099365234375,156.13999938964844,156.65499877929688,153.99000549316406,154.01499938964844,16641500.0,NMS,Alphabet Inc.,Alphabet Inc.,Communication Services,Internet Content & Information,193.63,2361569574912.0,123469996032.0,0.151,Mountain View,CA,United States,181269.0,0.0416421309386774
2024-04-09,GOOG,157.57382202148438,158.13999938964844,159.88999938964844,156.63999938964844,157.35000610351562,21538100.0,NMS,Alphabet Inc.,Alphabet Inc.,Communication Services,Internet Content & Information,193.63,2361569574912.0,123469996032.0,0.151,Mountain View,CA,United States,181269.0,0.0416421309386774
2024-04-10,GOOG,157.09555053710938,157.66000366210938,158.16000366210938,156.1999969482422,157.8800048828125,16339200.0,NMS,Alphabet Inc.,Alphabet Inc.,Communication Services,Internet Content & Information,193.63,2361569574912.0,123469996032.0,0.151,Mountain View,CA,United States,181269.0,0.0416421309386774
2024-04-11,GOOG,160.21432495117188,160.7899932861328,161.1199951171875,157.92999267578125,158.33999633789062,17841700.0,NMS,Alphabet Inc.,Alphabet Inc.,Communication Services,Internet Content & Information,193.63,2361569574912.0,123469996032.0,0.151,Mountain View,CA,United States,181269.0,0.0416421309386774
2024-04-12,GOOG,158.6200714111328,159.19000244140625,161.6999969482422,158.60000610351562,159.40499877929688,16968200.0,NMS,Alphabet Inc.,Alphabet Inc.,Communication Services,Internet Content & Information,193.63,2361569574912.0,123469996032.0,0.151,Mountain View,CA,United States,181269.0,0.0416421309386774
2024-04-15,GOOG,155.7703094482422,156.3300018310547,160.8300018310547,156.14999389648438,160.27999877929688,21140900.0,NMS,Alphabet Inc.,Alphabet Inc.,Communication Services,Internet Content & Information,193.63,2361569574912.0,123469996032.0,0.151,Mountain View,CA,United States,181269.0,0.0416421309386774
2024-04-16,GOOG,155.4414825439453,156.0,157.22999572753906,155.0500030517578,155.63999938964844,15413200.0,NMS,Alphabet Inc.,Alphabet Inc.,Communication Services,Internet Content & Information,193.63,2361569574912.0,123469996032.0,0.151,Mountain View,CA,United States,181269.0,0.0416421309386774
2024-04-17,GOOG,156.31834411621094,156.8800048828125,158.68099975585938,156.13499450683594,157.19000244140625,16237800.0,NMS,Alphabet Inc.,Alphabet Inc.,Communication Services,Internet Content & Information,193.63,2361569574912.0,123469996032.0,0.151,Mountain View,CA,United States,181269.0,0.0416421309386774
2024-04-18,GOOG,156.89625549316406,157.4600067138672,158.48500061035156,156.2100067138672,156.9250030517578,14016100.0,NMS,Alphabet Inc.,Alphabet Inc.,Communication Services,Internet Content & Information,193.63,2361569574912.0,123469996032.0,0.151,Mountain View,CA,United States,181269.0,0.0416421309386774
2024-04-19,GOOG,155.16249084472656,155.72000122070312,157.99000549316406,153.91000366210938,157.75,20063900.0,NMS,Alphabet Inc.,Alphabet Inc.,Communication Services,Internet Content & Information,193.63,2361569574912.0,123469996032.0,0.151,Mountain View,CA,United States,181269.0,0.0416421309386774
2024-04-22,GOOG,157.38449096679688,157.9499969482422,159.18499755859375,155.66000366210938,156.00999450683594,17243900.0,NMS,Alphabet Inc.,Alphabet Inc.,Communication Services,Internet Content & Information,193.63,2361569574912.0,123469996032.0,0.151,Mountain View,CA,United States,181269.0,0.0416421309386774
2024-04-23,GOOG,159.3474578857422,159.9199981689453,160.47999572753906,157.96499633789062,158.58999633789062,16115400.0,NMS,Alphabet Inc.,Alphabet Inc.,Communication Services,Internet Content & Information,193.63,2361569574912.0,123469996032.0,0.151,Mountain View,CA,United States,181269.0,0.0416421309386774
2024-04-24,GOOG,160.52322387695312,161.10000610351562,161.38999938964844,158.82000732421875,159.08999633789062,19485700.0,NMS,Alphabet Inc.,Alphabet Inc.,Communication Services,Internet Content & Information,193.63,2361569574912.0,123469996032.0,0.151,Mountain View,CA,United States,181269.0,0.0416421309386774
2024-04-25,GOOG,157.38449096679688,157.9499969482422,158.27999877929688,152.76800537109375,153.36000061035156,36197800.0,NMS,Alphabet Inc.,Alphabet Inc.,Communication Services,Internet Content & Information,193.63,2361569574912.0,123469996032.0,0.151,Mountain View,CA,United States,181269.0,0.0416421309386774
2024-04-26,GOOG,173.06814575195312,173.69000244140625,176.4199981689453,171.39999389648438,175.99000549316406,56500800.0,NMS,Alphabet Inc.,Alphabet Inc.,Communication Services,Internet Content & Information,193.63,2361569574912.0,123469996032.0,0.151,Mountain View,CA,United States,181269.0,0.0416421309386774
2024-04-29,GOOG,167.2988739013672,167.89999389648438,171.3800048828125,167.05999755859375,170.77000427246094,35914600.0,NMS,Alphabet Inc.,Alphabet Inc.,Communication Services,Internet Content & Information,193.63,2361569574912.0,123469996032.0,0.151,Mountain View,CA,United States,181269.0,0.0416421309386774
2024-04-30,GOOG,164.05055236816406,164.63999938964844,169.8699951171875,164.5,167.3800048828125,29420800.0,NMS,Alphabet Inc.,Alphabet Inc.,Communication Services,Internet Content & Information,193.63,2361569574912.0,123469996032.0,0.151,Mountain View,CA,United States,181269.0,0.0416421309386774
2024-05-01,GOOG,164.9772186279297,165.57000732421875,168.80999755859375,164.89999389648438,166.17999267578125,25223200.0,NMS,Alphabet Inc.,Alphabet Inc.,Communication Services,Internet Content & Information,193.63,2361569574912.0,123469996032.0,0.151,Mountain View,CA,United States,181269.0,0.0416421309386774
2024-05-02,GOOG,167.8568878173828,168.4600067138672,168.52999877929688,165.69000244140625,166.6699981689453,17041100.0,NMS,Alphabet Inc.,Alphabet Inc.,Communication Services,Internet Content & Information,193.63,2361569574912.0,123469996032.0,0.151,Mountain View,CA,United States,181269.0,0.0416421309386774
2024-05-03,GOOG,168.38499450683594,168.99000549316406,169.85000610351562,164.97999572753906,169.5399932861328,22767100.0,NMS,Alphabet Inc.,Alphabet Inc.,Communication Services,Internet Content & Information,193.63,2361569574912.0,123469996032.0,0.151,Mountain View,CA,United States,181269.0,0.0416421309386774
2024-05-06,GOOG,169.2219696044922,169.8300018310547,169.89999389648438,167.88999938964844,169.22000122070312,15147900.0,NMS,Alphabet Inc.,Alphabet Inc.,Communication Services,Internet Content & Information,193.63,2361569574912.0,123469996032.0,0.151,Mountain View,CA,United States,181269.0,0.0416421309386774
2024-05-07,GOOG,172.36068725585938,172.97999572753906,173.47000122070312,170.0,170.1199951171875,21102400.0,NMS,Alphabet Inc.,Alphabet Inc.,Communication Services,Internet Content & Information,193.63,2361569574912.0,123469996032.0,0.151,Mountain View,CA,United States,181269.0,0.0416421309386774
2024-05-08,GOOG,170.54721069335938,171.16000366210938,171.90899658203125,170.52200317382812,170.75,14569900.0,NMS,Alphabet Inc.,Alphabet Inc.,Communication Services,Internet Content & Information,193.63,2361569574912.0,123469996032.0,0.151,Mountain View,CA,United States,181269.0,0.0416421309386774
2024-05-09,GOOG,170.96571350097656,171.5800018310547,172.44000244140625,169.92999267578125,171.14999389648438,11937700.0,NMS,Alphabet Inc.,Alphabet Inc.,Communication Services,Internet Content & Information,193.63,2361569574912.0,123469996032.0,0.151,Mountain View,CA,United States,181269.0,0.0416421309386774
2024-05-10,GOOG,169.68031311035156,170.2899932861328,171.33999633789062,167.91000366210938,169.69000244140625,18740500.0,NMS,Alphabet Inc.,Alphabet Inc.,Communication Services,Internet Content & Information,193.63,2361569574912.0,123469996032.0,0.151,Mountain View,CA,United States,181269.0,0.0416421309386774
2024-05-13,GOOG,170.2881317138672,170.89999389648438,170.9499969482422,165.75999450683594,165.8470001220703,19648600.0,NMS,Alphabet Inc.,Alphabet Inc.,Communication Services,Internet Content & Information,193.63,2361569574912.0,123469996032.0,0.151,Mountain View,CA,United States,181269.0,0.0416421309386774
2024-05-14,GOOG,171.314453125,171.92999267578125,172.77999877929688,170.4199981689453,171.58999633789062,18729500.0,NMS,Alphabet Inc.,Alphabet Inc.,Communication Services,Internet Content & Information,193.63,2361569574912.0,123469996032.0,0.151,Mountain View,CA,United States,181269.0,0.0416421309386774
2024-05-15,GOOG,173.25746154785156,173.8800048828125,174.04600524902344,172.02999877929688,172.3000030517578,20958200.0,NMS,Alphabet Inc.,Alphabet Inc.,Communication Services,Internet Content & Information,193.63,2361569574912.0,123469996032.0,0.151,Mountain View,CA,United States,181269.0,0.0416421309386774
2024-05-16,GOOG,174.80191040039062,175.42999267578125,176.33999633789062,174.0500030517578,174.60000610351562,17247300.0,NMS,Alphabet Inc.,Alphabet Inc.,Communication Services,Internet Content & Information,193.63,2361569574912.0,123469996032.0,0.151,Mountain View,CA,United States,181269.0,0.0416421309386774
2024-05-17,GOOG,176.65525817871094,177.2899932861328,177.4949951171875,174.97999572753906,175.5500030517578,16546400.0,NMS,Alphabet Inc.,Alphabet Inc.,Communication Services,Internet Content & Information,193.63,2361569574912.0,123469996032.0,0.151,Mountain View,CA,United States,181269.0,0.0416421309386774
2024-05-20,GOOG,177.82107543945312,178.4600067138672,179.9499969482422,177.22500610351562,177.30999755859375,17495100.0,NMS,Alphabet Inc.,Alphabet Inc.,Communication Services,Internet Content & Information,193.63,2361569574912.0,123469996032.0,0.151,Mountain View,CA,United States,181269.0,0.0416421309386774
2024-05-21,GOOG,178.89720153808594,179.5399932861328,179.82000732421875,177.30999755859375,178.39999389648438,14706000.0,NMS,Alphabet Inc.,Alphabet Inc.,Communication Services,Internet Content & Information,193.63,2361569574912.0,123469996032.0,0.151,Mountain View,CA,United States,181269.0,0.0416421309386774
2024-05-22,GOOG,177.3627166748047,178.0,178.8520050048828,176.77999877929688,178.39999389648438,16189400.0,NMS,Alphabet Inc.,Alphabet Inc.,Communication Services,Internet Content & Information,193.63,2361569574912.0,123469996032.0,0.151,Mountain View,CA,United States,181269.0,0.0416421309386774
2024-05-23,GOOG,174.43324279785156,175.05999755859375,179.91000366210938,174.5399932861328,178.77999877929688,14928400.0,NMS,Alphabet Inc.,Alphabet Inc.,Communication Services,Internet Content & Information,193.63,2361569574912.0,123469996032.0,0.151,Mountain View,CA,United States,181269.0,0.0416421309386774
2024-05-24,GOOG,175.69869995117188,176.3300018310547,177.3040008544922,175.1999969482422,176.52000427246094,11400600.0,NMS,Alphabet Inc.,Alphabet Inc.,Communication Services,Internet Content & Information,193.63,2361569574912.0,123469996032.0,0.151,Mountain View,CA,United States,181269.0,0.0416421309386774
2024-05-28,GOOG,177.38265991210938,178.02000427246094,178.50999450683594,175.67999267578125,175.74000549316406,15655300.0,NMS,Alphabet Inc.,Alphabet Inc.,Communication Services,Internet Content & Information,193.63,2361569574912.0,123469996032.0,0.151,Mountain View,CA,United States,181269.0,0.0416421309386774
2024-05-29,GOOG,176.76486206054688,177.39999389648438,178.22999572753906,176.25999450683594,176.80999755859375,15023800.0,NMS,Alphabet Inc.,Alphabet Inc.,Communication Services,Internet Content & Information,193.63,2361569574912.0,123469996032.0,0.151,Mountain View,CA,United States,181269.0,0.0416421309386774
2024-05-30,GOOG,172.93861389160156,173.55999755859375,176.69000244140625,173.22999572753906,176.69000244140625,18844000.0,NMS,Alphabet Inc.,Alphabet Inc.,Communication Services,Internet Content & Information,193.63,2361569574912.0,123469996032.0,0.151,Mountain View,CA,United States,181269.0,0.0416421309386774
2024-05-31,GOOG,173.33717346191406,173.9600067138672,174.4199981689453,170.97000122070312,173.39999389648438,28085200.0,NMS,Alphabet Inc.,Alphabet Inc.,Communication Services,Internet Content & Information,193.63,2361569574912.0,123469996032.0,0.151,Mountain View,CA,United States,181269.0,0.0416421309386774
2024-06-03,GOOG,173.7955322265625,174.4199981689453,175.86000061035156,172.4499969482422,173.8800048828125,20742800.0,NMS,Alphabet Inc.,Alphabet Inc.,Communication Services,Internet Content & Information,193.63,2361569574912.0,123469996032.0,0.151,Mountain View,CA,United States,181269.0,0.0416421309386774
2024-06-04,GOOG,174.5030059814453,175.1300048828125,175.19000244140625,173.22000122070312,174.4499969482422,14066600.0,NMS,Alphabet Inc.,Alphabet Inc.,Communication Services,Internet Content & Information,193.63,2361569574912.0,123469996032.0,0.151,Mountain View,CA,United States,181269.0,0.0416421309386774
2024-06-05,GOOG,176.43606567382812,177.07000732421875,177.97000122070312,175.2899932861328,176.53500366210938,15233900.0,NMS,Alphabet Inc.,Alphabet Inc.,Communication Services,Internet Content & Information,193.63,2361569574912.0,123469996032.0,0.151,Mountain View,CA,United States,181269.0,0.0416421309386774
2024-06-06,GOOG,177.71145629882812,178.35000610351562,178.7100067138672,177.2100067138672,177.42999267578125,14255800.0,NMS,Alphabet Inc.,Alphabet Inc.,Communication Services,Internet Content & Information,193.63,2361569574912.0,123469996032.0,0.151,Mountain View,CA,United States,181269.0,0.0416421309386774
2024-06-07,GOOG,175.32005310058594,175.9499969482422,179.4199981689453,175.7899932861328,178.4600067138672,14716300.0,NMS,Alphabet Inc.,Alphabet Inc.,Communication Services,Internet Content & Information,193.63,2361569574912.0,123469996032.0,0.151,Mountain View,CA,United States,181269.0,0.0416421309386774
2024-06-10,GOOG,176.19790649414062,176.6300048828125,178.47000122070312,174.3800048828125,176.4499969482422,17122200.0,NMS,Alphabet Inc.,Alphabet Inc.,Communication Services,Internet Content & Information,193.63,2361569574912.0,123469996032.0,0.151,Mountain View,CA,United States,181269.0,0.0416421309386774
2024-06-11,GOOG,177.75408935546875,178.19000244140625,178.38999938964844,175.44000244140625,177.72000122070312,14402400.0,NMS,Alphabet Inc.,Alphabet Inc.,Communication Services,Internet Content & Information,193.63,2361569574912.0,123469996032.0,0.151,Mountain View,CA,United States,181269.0,0.0416421309386774
2024-06-12,GOOG,179.1207275390625,179.55999755859375,182.0800018310547,177.77999877929688,179.75,18600400.0,NMS,Alphabet Inc.,Alphabet Inc.,Communication Services,Internet Content & Information,193.63,2361569574912.0,123469996032.0,0.151,Mountain View,CA,United States,181269.0,0.0416421309386774
2024-06-13,GOOG,176.30764770507812,176.74000549316406,178.50999450683594,176.66000366210938,177.83999633789062,15956900.0,NMS,Alphabet Inc.,Alphabet Inc.,Communication Services,Internet Content & Information,193.63,2361569574912.0,123469996032.0,0.151,Mountain View,CA,United States,181269.0,0.0416421309386774
2024-06-14,GOOG,177.9336395263672,178.3699951171875,178.72999572753906,175.8520050048828,175.8520050048828,12361600.0,NMS,Alphabet Inc.,Alphabet Inc.,Communication Services,Internet Content & Information,193.63,2361569574912.0,123469996032.0,0.151,Mountain View,CA,United States,181269.0,0.0416421309386774
2024-06-17,GOOG,178.34263610839844,178.77999877929688,179.9199981689453,176.49000549316406,176.97999572753906,15272900.0,NMS,Alphabet Inc.,Alphabet Inc.,Communication Services,Internet Content & Information,193.63,2361569574912.0,123469996032.0,0.151,Mountain View,CA,United States,181269.0,0.0416421309386774
2024-06-18,GOOG,176.01834106445312,176.4499969482422,178.91000366210938,175.6199951171875,178.7899932861328,15640300.0,NMS,Alphabet Inc.,Alphabet Inc.,Communication Services,Internet Content & Information,193.63,2361569574912.0,123469996032.0,0.151,Mountain View,CA,United States,181269.0,0.0416421309386774
2024-06-20,GOOG,177.2752685546875,177.7100067138672,178.74000549316406,176.4600067138672,176.7100067138672,16753200.0,NMS,Alphabet Inc.,Alphabet Inc.,Communication Services,Internet Content & Information,193.63,2361569574912.0,123469996032.0,0.151,Mountain View,CA,United States,181269.0,0.0416421309386774
2024-06-21,GOOG,179.81900024414062,180.25999450683597,182.51199340820312,178.05999755859375,178.49000549316406,59728000.0,NMS,Alphabet Inc.,Alphabet Inc.,Communication Services,Internet Content & Information,193.63,2361569574912.0,123469996032.0,0.151,Mountain View,CA,United States,181269.0,0.0416421309386774
2024-06-24,GOOG,180.34771728515625,180.7899932861328,182.0800018310547,180.22999572753903,181.27999877929688,18198300.0,NMS,Alphabet Inc.,Alphabet Inc.,Communication Services,Internet Content & Information,193.63,2361569574912.0,123469996032.0,0.151,Mountain View,CA,United States,181269.0,0.0416421309386774
2024-06-25,GOOG,185.12600708007807,185.5800018310547,185.75,181.10499572753903,181.1450042724609,18917700.0,NMS,Alphabet Inc.,Alphabet Inc.,Communication Services,Internet Content & Information,193.63,2361569574912.0,123469996032.0,0.151,Mountain View,CA,United States,181269.0,0.0416421309386774
2024-06-26,GOOG,184.91650390625,185.3699951171875,185.92999267578125,183.9900054931641,184.1999969482422,13375700.0,NMS,Alphabet Inc.,Alphabet Inc.,Communication Services,Internet Content & Information,193.63,2361569574912.0,123469996032.0,0.151,Mountain View,CA,United States,181269.0,0.0416421309386774
2024-06-27,GOOG,186.4028778076172,186.8600006103516,187.5,185.4499969482422,185.6450042724609,13025700.0,NMS,Alphabet Inc.,Alphabet Inc.,Communication Services,Internet Content & Information,193.63,2361569574912.0,123469996032.0,0.151,Mountain View,CA,United States,181269.0,0.0416421309386774
2024-06-28,GOOG,182.9712829589844,183.4199981689453,186.5800018310547,183.3249969482422,185.72000122070312,23032400.0,NMS,Alphabet Inc.,Alphabet Inc.,Communication Services,Internet Content & Information,193.63,2361569574912.0,123469996032.0,0.151,Mountain View,CA,United States,181269.0,0.0416421309386774
2024-07-01,GOOG,184.03868103027344,184.4900054931641,185.33999633789065,182.72999572753903,184.47999572753903,11815900.0,NMS,Alphabet Inc.,Alphabet Inc.,Communication Services,Internet Content & Information,193.63,2361569574912.0,123469996032.0,0.151,Mountain View,CA,United States,181269.0,0.0416421309386774
2024-07-02,GOOG,186.1534881591797,186.6100006103516,186.9499969482422,183.05999755859372,183.47000122070312,12555500.0,NMS,Alphabet Inc.,Alphabet Inc.,Communication Services,Internet Content & Information,193.63,2361569574912.0,123469996032.0,0.151,Mountain View,CA,United States,181269.0,0.0416421309386774
2024-07-03,GOOG,186.93157958984372,187.38999938964844,187.6199951171875,185.38499450683597,186.3000030517578,7409100.0,NMS,Alphabet Inc.,Alphabet Inc.,Communication Services,Internet Content & Information,193.63,2361569574912.0,123469996032.0,0.151,Mountain View,CA,United States,181269.0,0.0416421309386774
2024-07-05,GOOG,191.4904022216797,191.9600067138672,192.25999450683597,187.32000732421875,187.32000732421875,14303400.0,NMS,Alphabet Inc.,Alphabet Inc.,Communication Services,Internet Content & Information,193.63,2361569574912.0,123469996032.0,0.151,Mountain View,CA,United States,181269.0,0.0416421309386774
2024-07-08,GOOG,190.01400756835935,190.47999572753903,191.6790008544922,189.32000732421875,191.3650054931641,12097600.0,NMS,Alphabet Inc.,Alphabet Inc.,Communication Services,Internet Content & Information,193.63,2361569574912.0,123469996032.0,0.151,Mountain View,CA,United States,181269.0,0.0416421309386774
2024-07-09,GOOG,189.9741058349609,190.44000244140625,192.8600006103516,190.22999572753903,191.75,10198500.0,NMS,Alphabet Inc.,Alphabet Inc.,Communication Services,Internet Content & Information,193.63,2361569574912.0,123469996032.0,0.151,Mountain View,CA,United States,181269.0,0.0416421309386774
2024-07-10,GOOG,192.18869018554688,192.66000366210935,193.30999755859372,190.6199951171875,190.75,12052900.0,NMS,Alphabet Inc.,Alphabet Inc.,Communication Services,Internet Content & Information,193.63,2361569574912.0,123469996032.0,0.151,Mountain View,CA,United States,181269.0,0.0416421309386774
2024-07-11,GOOG,186.841796875,187.3000030517578,192.41000366210935,186.82000732421875,191.33999633789065,16452000.0,NMS,Alphabet Inc.,Alphabet Inc.,Communication Services,Internet Content & Information,193.63,2361569574912.0,123469996032.0,0.151,Mountain View,CA,United States,181269.0,0.0416421309386774
2024-07-12,GOOG,186.3230743408203,186.77999877929688,188.69000244140625,186.13999938964844,186.9199981689453,14449100.0,NMS,Alphabet Inc.,Alphabet Inc.,Communication Services,Internet Content & Information,193.63,2361569574912.0,123469996032.0,0.151,Mountain View,CA,United States,181269.0,0.0416421309386774
2024-07-15,GOOG,187.7296142578125,188.19000244140625,189.8999938964844,186.4900054931641,186.4900054931641,12186000.0,NMS,Alphabet Inc.,Alphabet Inc.,Communication Services,Internet Content & Information,193.63,2361569574912.0,123469996032.0,0.151,Mountain View,CA,United States,181269.0,0.0416421309386774
2024-07-16,GOOG,185.04620361328125,185.5,190.33999633789065,185.1199951171875,188.9600067138672,12760100.0,NMS,Alphabet Inc.,Alphabet Inc.,Communication Services,Internet Content & Information,193.63,2361569574912.0,123469996032.0,0.151,Mountain View,CA,United States,181269.0,0.0416421309386774
2024-07-17,GOOG,182.17323303222656,182.6199951171875,185.22999572753903,181.6199951171875,184.67999267578125,17376600.0,NMS,Alphabet Inc.,Alphabet Inc.,Communication Services,Internet Content & Information,193.63,2361569574912.0,123469996032.0,0.151,Mountain View,CA,United States,181269.0,0.0416421309386774
2024-07-18,GOOG,178.7815704345703,179.22000122070312,184.0500030517578,178.2100067138672,183.5399932861328,17877200.0,NMS,Alphabet Inc.,Alphabet Inc.,Communication Services,Internet Content & Information,193.63,2361569574912.0,123469996032.0,0.151,Mountain View,CA,United States,181269.0,0.0416421309386774
2024-07-19,GOOG,178.95114135742188,179.38999938964844,181.97000122070312,178.86000061035156,180.3699951171875,14485900.0,NMS,Alphabet Inc.,Alphabet Inc.,Communication Services,Internet Content & Information,193.63,2361569574912.0,123469996032.0,0.151,Mountain View,CA,United States,181269.0,0.0416421309386774
2024-07-22,GOOG,182.9014587402344,183.3500061035156,184.3000030517578,181.8999938964844,182.3500061035156,16303900.0,NMS,Alphabet Inc.,Alphabet Inc.,Communication Services,Internet Content & Information,193.63,2361569574912.0,123469996032.0,0.151,Mountain View,CA,United States,181269.0,0.0416421309386774
2024-07-23,GOOG,183.1508636474609,183.6000061035156,185.22000122070312,183.3300018310547,183.83999633789065,23772600.0,NMS,Alphabet Inc.,Alphabet Inc.,Communication Services,Internet Content & Information,193.63,2361569574912.0,123469996032.0,0.151,Mountain View,CA,United States,181269.0,0.0416421309386774
2024-07-24,GOOG,173.94342041015625,174.3699951171875,177.9499969482422,173.57000732421875,175.38999938964844,31250700.0,NMS,Alphabet Inc.,Alphabet Inc.,Communication Services,Internet Content & Information,193.63,2361569574912.0,123469996032.0,0.151,Mountain View,CA,United States,181269.0,0.0416421309386774
2024-07-25,GOOG,168.74618530273438,169.16000366210938,175.1999969482422,169.0500030517578,174.25,28967900.0,NMS,Alphabet Inc.,Alphabet Inc.,Communication Services,Internet Content & Information,193.63,2361569574912.0,123469996032.0,0.151,Mountain View,CA,United States,181269.0,0.0416421309386774
2024-07-26,GOOG,168.267333984375,168.67999267578125,169.83999633789062,165.86500549316406,168.77000427246094,25150100.0,NMS,Alphabet Inc.,Alphabet Inc.,Communication Services,Internet Content & Information,193.63,2361569574912.0,123469996032.0,0.151,Mountain View,CA,United States,181269.0,0.0416421309386774
2024-07-29,GOOG,170.71136474609375,171.1300048828125,172.16000366210938,169.72000122070312,170.5,13768900.0,NMS,Alphabet Inc.,Alphabet Inc.,Communication Services,Internet Content & Information,193.63,2361569574912.0,123469996032.0,0.151,Mountain View,CA,United States,181269.0,0.0416421309386774
2024-07-30,GOOG,171.43955993652344,171.86000061035156,172.9499969482422,170.1199951171875,171.8300018310547,13681400.0,NMS,Alphabet Inc.,Alphabet Inc.,Communication Services,Internet Content & Information,193.63,2361569574912.0,123469996032.0,0.151,Mountain View,CA,United States,181269.0,0.0416421309386774
2024-07-31,GOOG,172.72640991210938,173.14999389648438,175.91000366210938,171.72000122070312,174.9199981689453,15650200.0,NMS,Alphabet Inc.,Alphabet Inc.,Communication Services,Internet Content & Information,193.63,2361569574912.0,123469996032.0,0.151,Mountain View,CA,United States,181269.0,0.0416421309386774
2024-08-01,GOOG,172.0281219482422,172.4499969482422,175.67999267578125,170.50999450683594,171.97999572753906,17177800.0,NMS,Alphabet Inc.,Alphabet Inc.,Communication Services,Internet Content & Information,193.63,2361569574912.0,123469996032.0,0.151,Mountain View,CA,United States,181269.0,0.0416421309386774
2024-08-02,GOOG,167.98802185058594,168.39999389648438,170.2100067138672,166.38999938964844,168.19000244140625,18907800.0,NMS,Alphabet Inc.,Alphabet Inc.,Communication Services,Internet Content & Information,193.63,2361569574912.0,123469996032.0,0.151,Mountain View,CA,United States,181269.0,0.0416421309386774
2024-08-05,GOOG,160.2470245361328,160.63999938964844,165.94000244140625,156.60000610351562,157.3699951171875,34907800.0,NMS,Alphabet Inc.,Alphabet Inc.,Communication Services,Internet Content & Information,193.63,2361569574912.0,123469996032.0,0.151,Mountain View,CA,United States,181269.0,0.0416421309386774
2024-08-06,GOOG,160.14724731445312,160.5399932861328,162.35000610351562,158.1300048828125,160.94500732421875,36146500.0,NMS,Alphabet Inc.,Alphabet Inc.,Communication Services,Internet Content & Information,193.63,2361569574912.0,123469996032.0,0.151,Mountain View,CA,United States,181269.0,0.0416421309386774
2024-08-07,GOOG,160.3567352294922,160.75,164.7899932861328,160.24000549316406,163.24000549316406,19334200.0,NMS,Alphabet Inc.,Alphabet Inc.,Communication Services,Internet Content & Information,193.63,2361569574912.0,123469996032.0,0.151,Mountain View,CA,United States,181269.0,0.0416421309386774
2024-08-08,GOOG,163.43917846679688,163.83999633789062,165.5,162.02999877929688,162.343994140625,15733600.0,NMS,Alphabet Inc.,Alphabet Inc.,Communication Services,Internet Content & Information,193.63,2361569574912.0,123469996032.0,0.151,Mountain View,CA,United States,181269.0,0.0416421309386774
2024-08-09,GOOG,164.9853973388672,165.38999938964844,165.52000427246094,160.92999267578125,161.64500427246094,13549200.0,NMS,Alphabet Inc.,Alphabet Inc.,Communication Services,Internet Content & Information,193.63,2361569574912.0,123469996032.0,0.151,Mountain View,CA,United States,181269.0,0.0416421309386774
2024-08-12,GOOG,163.54891967773438,163.9499969482422,166.6999969482422,163.5500030517578,165.9949951171875,12435000.0,NMS,Alphabet Inc.,Alphabet Inc.,Communication Services,Internet Content & Information,193.63,2361569574912.0,123469996032.0,0.151,Mountain View,CA,United States,181269.0,0.0416421309386774
2024-08-13,GOOG,165.52406311035156,165.92999267578125,166.5399932861328,164.77000427246094,165.18499755859375,12717600.0,NMS,Alphabet Inc.,Alphabet Inc.,Communication Services,Internet Content & Information,193.63,2361569574912.0,123469996032.0,0.151,Mountain View,CA,United States,181269.0,0.0416421309386774
2024-08-14,GOOG,161.6336212158203,162.02999877929688,164.9600067138672,159.52999877929688,164.2100067138672,22515900.0,NMS,Alphabet Inc.,Alphabet Inc.,Communication Services,Internet Content & Information,193.63,2361569574912.0,123469996032.0,0.151,Mountain View,CA,United States,181269.0,0.0416421309386774
2024-08-15,GOOG,162.7708282470703,163.1699981689453,163.52000427246094,161.49000549316406,162.2100067138672,18392500.0,NMS,Alphabet Inc.,Alphabet Inc.,Communication Services,Internet Content & Information,193.63,2361569574912.0,123469996032.0,0.151,Mountain View,CA,United States,181269.0,0.0416421309386774
2024-08-16,GOOG,164.33700561523438,164.74000549316406,166.9499969482422,163.0800018310547,163.41000366210938,16853100.0,NMS,Alphabet Inc.,Alphabet Inc.,Communication Services,Internet Content & Information,193.63,2361569574912.0,123469996032.0,0.151,Mountain View,CA,United States,181269.0,0.0416421309386774
2024-08-19,GOOG,167.98802185058594,168.39999389648438,168.47000122070312,166.08999633789062,167.0,13100800.0,NMS,Alphabet Inc.,Alphabet Inc.,Communication Services,Internet Content & Information,193.63,2361569574912.0,123469996032.0,0.151,Mountain View,CA,United States,181269.0,0.0416421309386774
2024-08-20,GOOG,168.5466766357422,168.9600067138672,170.41000366210938,168.66000366210938,168.74000549316406,12622500.0,NMS,Alphabet Inc.,Alphabet Inc.,Communication Services,Internet Content & Information,193.63,2361569574912.0,123469996032.0,0.151,Mountain View,CA,United States,181269.0,0.0416421309386774
2024-08-21,GOOG,167.2199249267578,167.6300048828125,168.63999938964844,166.57000732421875,166.99000549316406,15269600.0,NMS,Alphabet Inc.,Alphabet Inc.,Communication Services,Internet Content & Information,193.63,2361569574912.0,123469996032.0,0.151,Mountain View,CA,United States,181269.0,0.0416421309386774
2024-08-22,GOOG,165.0851593017578,165.49000549316406,169.4199981689453,165.02999877929688,169.0399932861328,19123800.0,NMS,Alphabet Inc.,Alphabet Inc.,Communication Services,Internet Content & Information,193.63,2361569574912.0,123469996032.0,0.151,Mountain View,CA,United States,181269.0,0.0416421309386774
2024-08-23,GOOG,167.02040100097656,167.42999267578125,167.9499969482422,165.66000366210938,166.5500030517578,14281600.0,NMS,Alphabet Inc.,Alphabet Inc.,Communication Services,Internet Content & Information,193.63,2361569574912.0,123469996032.0,0.151,Mountain View,CA,United States,181269.0,0.0416421309386774
2024-08-26,GOOG,167.51918029785156,167.92999267578125,169.3800048828125,166.32000732421875,168.15499877929688,11990300.0,NMS,Alphabet Inc.,Alphabet Inc.,Communication Services,Internet Content & Information,193.63,2361569574912.0,123469996032.0,0.151,Mountain View,CA,United States,181269.0,0.0416421309386774
2024-08-27,GOOG,165.9729766845703,166.3800048828125,168.2449951171875,166.16000366210938,167.61000061035156,13718200.0,NMS,Alphabet Inc.,Alphabet Inc.,Communication Services,Internet Content & Information,193.63,2361569574912.0,123469996032.0,0.151,Mountain View,CA,United States,181269.0,0.0416421309386774
2024-08-28,GOOG,164.09756469726562,164.5,167.38999938964844,163.27999877929688,166.77999877929688,15208700.0,NMS,Alphabet Inc.,Alphabet Inc.,Communication Services,Internet Content & Information,193.63,2361569574912.0,123469996032.0,0.151,Mountain View,CA,United States,181269.0,0.0416421309386774
2024-08-29,GOOG,163.00025939941406,163.39999389648438,167.6300048828125,161.98199462890625,166.05999755859375,17133800.0,NMS,Alphabet Inc.,Alphabet Inc.,Communication Services,Internet Content & Information,193.63,2361569574912.0,123469996032.0,0.151,Mountain View,CA,United States,181269.0,0.0416421309386774
2024-08-30,GOOG,164.70608520507812,165.11000061035156,165.27999877929688,163.41000366210938,164.22000122070312,18498800.0,NMS,Alphabet Inc.,Alphabet Inc.,Communication Services,Internet Content & Information,193.63,2361569574912.0,123469996032.0,0.151,Mountain View,CA,United States,181269.0,0.0416421309386774
2024-09-03,GOOG,158.22198486328125,158.61000061035156,163.3800048828125,157.85499572753906,163.31500244140625,26533100.0,NMS,Alphabet Inc.,Alphabet Inc.,Communication Services,Internet Content & Information,193.63,2361569574912.0,123469996032.0,0.151,Mountain View,CA,United States,181269.0,0.0416421309386774
2024-09-04,GOOG,157.4239501953125,157.80999755859375,160.39999389648438,157.44000244140625,158.0749969482422,17410700.0,NMS,Alphabet Inc.,Alphabet Inc.,Communication Services,Internet Content & Information,193.63,2361569574912.0,123469996032.0,0.151,Mountain View,CA,United States,181269.0,0.0416421309386774
2024-09-05,GOOG,158.21202087402344,158.60000610351562,161.01499938964844,157.52000427246094,157.77999877929688,14139500.0,NMS,Alphabet Inc.,Alphabet Inc.,Communication Services,Internet Content & Information,193.63,2361569574912.0,123469996032.0,0.151,Mountain View,CA,United States,181269.0,0.0416421309386774
2024-09-06,GOOG,151.75784301757812,152.1300048828125,159.22000122070312,151.93499755859375,158.69000244140625,24999100.0,NMS,Alphabet Inc.,Alphabet Inc.,Communication Services,Internet Content & Information,193.63,2361569574912.0,123469996032.0,0.151,Mountain View,CA,United States,181269.0,0.0416421309386774
2024-09-09,GOOG,149.3705291748047,149.5399932861328,154.63999938964844,148.1999969482422,153.6300048828125,28057700.0,NMS,Alphabet Inc.,Alphabet Inc.,Communication Services,Internet Content & Information,193.63,2361569574912.0,123469996032.0,0.151,Mountain View,CA,United States,181269.0,0.0416421309386774
2024-09-10,GOOG,149.83999633789062,150.00999450683594,152.3000030517578,149.54299926757812,151.4499969482422,20401800.0,NMS,Alphabet Inc.,Alphabet Inc.,Communication Services,Internet Content & Information,193.63,2361569574912.0,123469996032.0,0.151,Mountain View,CA,United States,181269.0,0.0416421309386774
2024-09-11,GOOG,151.97756958007812,152.14999389648438,152.47999572753906,148.6999969482422,151.08999633789062,18991500.0,NMS,Alphabet Inc.,Alphabet Inc.,Communication Services,Internet Content & Information,193.63,2361569574912.0,123469996032.0,0.151,Mountain View,CA,United States,181269.0,0.0416421309386774
2024-09-12,GOOG,155.36373901367188,155.5399932861328,155.61000061035156,153.5,154.80999755859375,21024100.0,NMS,Alphabet Inc.,Alphabet Inc.,Communication Services,Internet Content & Information,193.63,2361569574912.0,123469996032.0,0.151,Mountain View,CA,United States,181269.0,0.0416421309386774
2024-09-13,GOOG,158.19053649902344,158.3699951171875,159.27499389648438,156.11000061035156,156.36199951171875,16733900.0,NMS,Alphabet Inc.,Alphabet Inc.,Communication Services,Internet Content & Information,193.63,2361569574912.0,123469996032.0,0.151,Mountain View,CA,United States,181269.0,0.0416421309386774
2024-09-16,GOOG,158.80984497070312,158.99000549316406,159.24000549316406,157.61000061035156,158.3300018310547,14157600.0,NMS,Alphabet Inc.,Alphabet Inc.,Communication Services,Internet Content & Information,193.63,2361569574912.0,123469996032.0,0.151,Mountain View,CA,United States,181269.0,0.0416421309386774
2024-09-17,GOOG,160.09837341308594,160.27999877929688,161.58999633789062,159.41000366210938,160.08999633789062,12064800.0,NMS,Alphabet Inc.,Alphabet Inc.,Communication Services,Internet Content & Information,193.63,2361569574912.0,123469996032.0,0.151,Mountain View,CA,United States,181269.0,0.0416421309386774
2024-09-18,GOOG,160.6277618408203,160.80999755859375,161.6300048828125,159.66000366210938,160.85000610351562,16756500.0,NMS,Alphabet Inc.,Alphabet Inc.,Communication Services,Internet Content & Information,193.63,2361569574912.0,123469996032.0,0.151,Mountain View,CA,United States,181269.0,0.0416421309386774
2024-09-19,GOOG,163.05502319335938,163.24000549316406,164.99000549316406,162.52200317382812,164.82000732421875,17548200.0,NMS,Alphabet Inc.,Alphabet Inc.,Communication Services,Internet Content & Information,193.63,2361569574912.0,123469996032.0,0.151,Mountain View,CA,United States,181269.0,0.0416421309386774
2024-09-20,GOOG,164.45343017578125,164.63999938964844,164.75,163.17999267578125,164.52000427246094,46362700.0,NMS,Alphabet Inc.,Alphabet Inc.,Communication Services,Internet Content & Information,193.63,2361569574912.0,123469996032.0,0.151,Mountain View,CA,United States,181269.0,0.0416421309386774
2024-09-23,GOOG,162.88522338867188,163.07000732421875,166.61000061035156,162.9499969482422,165.33999633789062,15648400.0,NMS,Alphabet Inc.,Alphabet Inc.,Communication Services,Internet Content & Information,193.63,2361569574912.0,123469996032.0,0.151,Mountain View,CA,United States,181269.0,0.0416421309386774
2024-09-24,GOOG,163.45455932617188,163.63999938964844,164.5500030517578,162.02999877929688,164.25,18774100.0,NMS,Alphabet Inc.,Alphabet Inc.,Communication Services,Internet Content & Information,193.63,2361569574912.0,123469996032.0,0.151,Mountain View,CA,United States,181269.0,0.0416421309386774
2024-09-25,GOOG,162.8052978515625,162.99000549316406,164.2169952392578,162.77499389648438,162.97000122070312,13607900.0,NMS,Alphabet Inc.,Alphabet Inc.,Communication Services,Internet Content & Information,193.63,2361569574912.0,123469996032.0,0.151,Mountain View,CA,United States,181269.0,0.0416421309386774
2024-09-26,GOOG,163.64434814453125,163.8300018310547,165.5,163.5,165.02999877929688,18234500.0,NMS,Alphabet Inc.,Alphabet Inc.,Communication Services,Internet Content & Information,193.63,2361569574912.0,123469996032.0,0.151,Mountain View,CA,United States,181269.0,0.0416421309386774
2024-09-27,GOOG,165.10269165039062,165.2899932861328,166.97000122070312,163.8300018310547,163.91000366210938,13604300.0,NMS,Alphabet Inc.,Alphabet Inc.,Communication Services,Internet Content & Information,193.63,2361569574912.0,123469996032.0,0.151,Mountain View,CA,United States,181269.0,0.0416421309386774
2024-09-30,GOOG,167.00054931640625,167.19000244140625,167.36000061035156,164.63999938964844,164.77999877929688,14070100.0,NMS,Alphabet Inc.,Alphabet Inc.,Communication Services,Internet Content & Information,193.63,2361569574912.0,123469996032.0,0.151,Mountain View,CA,United States,181269.0,0.0416421309386774
2024-10-01,GOOG,168.22914123535156,168.4199981689453,170.44000244140625,165.89999389648438,168.86000061035156,18629500.0,NMS,Alphabet Inc.,Alphabet Inc.,Communication Services,Internet Content & Information,193.63,2361569574912.0,123469996032.0,0.151,Mountain View,CA,United States,181269.0,0.0416421309386774
2024-10-02,GOOG,167.1204071044922,167.30999755859375,168.8800048828125,166.25,167.75999450683594,12745000.0,NMS,Alphabet Inc.,Alphabet Inc.,Communication Services,Internet Content & Information,193.63,2361569574912.0,123469996032.0,0.151,Mountain View,CA,United States,181269.0,0.0416421309386774
2024-10-03,GOOG,167.02052307128906,167.2100067138672,167.91000366210938,165.3699951171875,165.82000732421875,11004300.0,NMS,Alphabet Inc.,Alphabet Inc.,Communication Services,Internet Content & Information,193.63,2361569574912.0,123469996032.0,0.151,Mountain View,CA,United States,181269.0,0.0416421309386774
2024-10-04,GOOG,168.36898803710938,168.55999755859375,169.5500030517578,166.9600067138672,169.33999633789062,11422100.0,NMS,Alphabet Inc.,Alphabet Inc.,Communication Services,Internet Content & Information,193.63,2361569574912.0,123469996032.0,0.151,Mountain View,CA,United States,181269.0,0.0416421309386774
2024-10-07,GOOG,164.20370483398438,164.38999938964844,169.89999389648438,164.1300048828125,169.13999938964844,14034700.0,NMS,Alphabet Inc.,Alphabet Inc.,Communication Services,Internet Content & Information,193.63,2361569574912.0,123469996032.0,0.151,Mountain View,CA,United States,181269.0,0.0416421309386774
2024-10-08,GOOG,165.51222229003906,165.6999969482422,166.10000610351562,164.30999755859375,165.42999267578125,11723900.0,NMS,Alphabet Inc.,Alphabet Inc.,Communication Services,Internet Content & Information,193.63,2361569574912.0,123469996032.0,0.151,Mountain View,CA,United States,181269.0,0.0416421309386774
2024-10-09,GOOG,162.87521362304688,163.05999755859375,166.25999450683594,161.1199951171875,164.85499572753906,19666400.0,NMS,Alphabet Inc.,Alphabet Inc.,Communication Services,Internet Content & Information,193.63,2361569574912.0,123469996032.0,0.151,Mountain View,CA,United States,181269.0,0.0416421309386774
2024-10-10,GOOG,162.9950714111328,163.17999267578125,164.31100463867188,161.63999938964844,162.11000061035156,12900500.0,NMS,Alphabet Inc.,Alphabet Inc.,Communication Services,Internet Content & Information,193.63,2361569574912.0,123469996032.0,0.151,Mountain View,CA,United States,181269.0,0.0416421309386774
2024-10-11,GOOG,164.3335723876953,164.52000427246094,165.27000427246094,162.5,163.3300018310547,10946000.0,NMS,Alphabet Inc.,Alphabet Inc.,Communication Services,Internet Content & Information,193.63,2361569574912.0,123469996032.0,0.151,Mountain View,CA,United States,181269.0,0.0416421309386774
2024-10-14,GOOG,166.1614990234375,166.35000610351562,167.6199951171875,164.77999877929688,164.91000366210938,9981800.0,NMS,Alphabet Inc.,Alphabet Inc.,Communication Services,Internet Content & Information,193.63,2361569574912.0,123469996032.0,0.151,Mountain View,CA,United States,181269.0,0.0416421309386774
2024-10-15,GOOG,166.7108612060547,166.89999389648438,169.08999633789062,166.0500030517578,167.13999938964844,14829300.0,NMS,Alphabet Inc.,Alphabet Inc.,Communication Services,Internet Content & Information,193.63,2361569574912.0,123469996032.0,0.151,Mountain View,CA,United States,181269.0,0.0416421309386774
2024-10-16,GOOG,166.55105590820312,166.74000549316406,167.27999877929688,165.21600341796875,166.02999877929688,9968500.0,NMS,Alphabet Inc.,Alphabet Inc.,Communication Services,Internet Content & Information,193.63,2361569574912.0,123469996032.0,0.151,Mountain View,CA,United States,181269.0,0.0416421309386774
2024-10-17,GOOG,164.32357788085938,164.50999450683594,167.92999267578125,164.3699951171875,167.3800048828125,15113400.0,NMS,Alphabet Inc.,Alphabet Inc.,Communication Services,Internet Content & Information,193.63,2361569574912.0,123469996032.0,0.151,Mountain View,CA,United States,181269.0,0.0416421309386774
2024-10-18,GOOG,164.8629608154297,165.0500030517578,166.3699951171875,164.75,164.8699951171875,13091300.0,NMS,Alphabet Inc.,Alphabet Inc.,Communication Services,Internet Content & Information,193.63,2361569574912.0,123469996032.0,0.151,Mountain View,CA,United States,181269.0,0.0416421309386774
2024-10-21,GOOG,165.61212158203125,165.8000030517578,166.22000122070312,164.30499267578125,164.5800018310547,11384000.0,NMS,Alphabet Inc.,Alphabet Inc.,Communication Services,Internet Content & Information,193.63,2361569574912.0,123469996032.0,0.151,Mountain View,CA,United States,181269.0,0.0416421309386774
2024-10-22,GOOG,166.63096618652344,166.82000732421875,167.47000122070312,164.6699981689453,164.6999969482422,11958600.0,NMS,Alphabet Inc.,Alphabet Inc.,Communication Services,Internet Content & Information,193.63,2361569574912.0,123469996032.0,0.151,Mountain View,CA,United States,181269.0,0.0416421309386774
2024-10-23,GOOG,164.29360961914062,164.47999572753906,167.60000610351562,163.63299560546875,166.42999267578125,12754300.0,NMS,Alphabet Inc.,Alphabet Inc.,Communication Services,Internet Content & Information,193.63,2361569574912.0,123469996032.0,0.151,Mountain View,CA,United States,181269.0,0.0416421309386774
2024-10-24,GOOG,164.3435516357422,164.52999877929688,165.0500030517578,162.77000427246094,164.58999633789062,12764400.0,NMS,Alphabet Inc.,Alphabet Inc.,Communication Services,Internet Content & Information,193.63,2361569574912.0,123469996032.0,0.151,Mountain View,CA,United States,181269.0,0.0416421309386774
2024-10-25,GOOG,166.80076599121094,166.99000549316406,167.39999389648438,165.22999572753906,165.36500549316406,14566400.0,NMS,Alphabet Inc.,Alphabet Inc.,Communication Services,Internet Content & Information,193.63,2361569574912.0,123469996032.0,0.151,Mountain View,CA,United States,181269.0,0.0416421309386774
2024-10-28,GOOG,168.14923095703125,168.33999633789062,170.6060028076172,165.7899932861328,170.58999633789062,20858300.0,NMS,Alphabet Inc.,Alphabet Inc.,Communication Services,Internet Content & Information,193.63,2361569574912.0,123469996032.0,0.151,Mountain View,CA,United States,181269.0,0.0416421309386774
2024-10-29,GOOG,170.94606018066406,171.13999938964844,171.86000061035156,168.66000366210938,169.38499450683594,28916100.0,NMS,Alphabet Inc.,Alphabet Inc.,Communication Services,Internet Content & Information,193.63,2361569574912.0,123469996032.0,0.151,Mountain View,CA,United States,181269.0,0.0416421309386774
2024-10-30,GOOG,175.94039916992188,176.13999938964844,183.7899932861328,175.7449951171875,182.41000366210935,49698300.0,NMS,Alphabet Inc.,Alphabet Inc.,Communication Services,Internet Content & Information,193.63,2361569574912.0,123469996032.0,0.151,Mountain View,CA,United States,181269.0,0.0416421309386774
2024-10-31,GOOG,172.4943084716797,172.69000244140625,178.4199981689453,172.55999755859375,174.72000122070312,32801900.0,NMS,Alphabet Inc.,Alphabet Inc.,Communication Services,Internet Content & Information,193.63,2361569574912.0,123469996032.0,0.151,Mountain View,CA,United States,181269.0,0.0416421309386774
2024-11-01,GOOG,172.454345703125,172.64999389648438,173.82000732421875,170.30999755859375,171.5399932861328,21752900.0,NMS,Alphabet Inc.,Alphabet Inc.,Communication Services,Internet Content & Information,193.63,2361569574912.0,123469996032.0,0.151,Mountain View,CA,United States,181269.0,0.0416421309386774
2024-11-04,GOOG,170.486572265625,170.67999267578125,171.9199981689453,169.48500061035156,171.24000549316406,16194000.0,NMS,Alphabet Inc.,Alphabet Inc.,Communication Services,Internet Content & Information,193.63,2361569574912.0,123469996032.0,0.151,Mountain View,CA,United States,181269.0,0.0416421309386774
2024-11-05,GOOG,171.21575927734375,171.41000366210938,172.0970001220703,170.3699951171875,170.8300018310547,12518300.0,NMS,Alphabet Inc.,Alphabet Inc.,Communication Services,Internet Content & Information,193.63,2361569574912.0,123469996032.0,0.151,Mountain View,CA,United States,181269.0,0.0416421309386774
2024-11-06,GOOG,178.12791442871094,178.3300018310547,178.63999938964844,175.0399932861328,175.35000610351562,27061500.0,NMS,Alphabet Inc.,Alphabet Inc.,Communication Services,Internet Content & Information,193.63,2361569574912.0,123469996032.0,0.151,Mountain View,CA,United States,181269.0,0.0416421309386774
2024-11-07,GOOG,182.0734405517578,182.27999877929688,182.5800018310547,178.88999938964844,179.11000061035156,16730400.0,NMS,Alphabet Inc.,Alphabet Inc.,Communication Services,Internet Content & Information,193.63,2361569574912.0,123469996032.0,0.151,Mountain View,CA,United States,181269.0,0.0416421309386774
2024-11-08,GOOG,179.65618896484375,179.86000061035156,182.3500061035156,179.57000732421875,182.0,15021500.0,NMS,Alphabet Inc.,Alphabet Inc.,Communication Services,Internet Content & Information,193.63,2361569574912.0,123469996032.0,0.151,Mountain View,CA,United States,181269.0,0.0416421309386774
2024-11-11,GOOG,181.7637939453125,181.97000122070312,182.0850067138672,179.99000549316406,180.07000732421875,12503400.0,NMS,Alphabet Inc.,Alphabet Inc.,Communication Services,Internet Content & Information,193.63,2361569574912.0,123469996032.0,0.151,Mountain View,CA,United States,181269.0,0.0416421309386774
2024-11-12,GOOG,183.11227416992188,183.32000732421875,184.0249938964844,180.9900054931641,181.3800048828125,14065800.0,NMS,Alphabet Inc.,Alphabet Inc.,Communication Services,Internet Content & Information,193.63,2361569574912.0,123469996032.0,0.151,Mountain View,CA,United States,181269.0,0.0416421309386774
2024-11-13,GOOG,180.2854766845703,180.4900054931641,182.6150054931641,180.1199951171875,182.1499938964844,13969700.0,NMS,Alphabet Inc.,Alphabet Inc.,Communication Services,Internet Content & Information,193.63,2361569574912.0,123469996032.0,0.151,Mountain View,CA,United States,181269.0,0.0416421309386774
2024-11-14,GOOG,177.14903259277344,177.35000610351562,180.44500732421875,176.02999877929688,179.75,17925800.0,NMS,Alphabet Inc.,Alphabet Inc.,Communication Services,Internet Content & Information,193.63,2361569574912.0,123469996032.0,0.151,Mountain View,CA,United States,181269.0,0.0416421309386774
2024-11-15,GOOG,173.6929473876953,173.88999938964844,175.8800048828125,172.7449951171875,175.63999938964844,21708900.0,NMS,Alphabet Inc.,Alphabet Inc.,Communication Services,Internet Content & Information,193.63,2361569574912.0,123469996032.0,0.151,Mountain View,CA,United States,181269.0,0.0416421309386774
2024-11-18,GOOG,176.5996551513672,176.8000030517578,176.91000366210938,174.4199981689453,174.9550018310547,18725400.0,NMS,Alphabet Inc.,Alphabet Inc.,Communication Services,Internet Content & Information,193.63,2361569574912.0,123469996032.0,0.151,Mountain View,CA,United States,181269.0,0.0416421309386774
2024-11-19,GOOG,179.37649536132812,179.5800018310547,180.1699981689453,175.11599731445312,175.23500061035156,15392900.0,NMS,Alphabet Inc.,Alphabet Inc.,Communication Services,Internet Content & Information,193.63,2361569574912.0,123469996032.0,0.151,Mountain View,CA,United States,181269.0,0.0416421309386774
2024-11-20,GOOG,177.12904357910156,177.3300018310547,179.11000061035156,175.3300018310547,178.8300018310547,15729800.0,NMS,Alphabet Inc.,Alphabet Inc.,Communication Services,Internet Content & Information,193.63,2361569574912.0,123469996032.0,0.151,Mountain View,CA,United States,181269.0,0.0416421309386774
2024-11-21,GOOG,169.0482177734375,169.24000549316406,175.5800018310547,165.30999755859375,175.4550018310547,38839400.0,NMS,Alphabet Inc.,Alphabet Inc.,Communication Services,Internet Content & Information,193.63,2361569574912.0,123469996032.0,0.151,Mountain View,CA,United States,181269.0,0.0416421309386774
2024-11-22,GOOG,166.38125610351562,166.57000732421875,168.26499938964844,165.7100067138672,167.16000366210938,24497000.0,NMS,Alphabet Inc.,Alphabet Inc.,Communication Services,Internet Content & Information,193.63,2361569574912.0,123469996032.0,0.151,Mountain View,CA,United States,181269.0,0.0416421309386774
2024-11-25,GOOG,169.2379913330078,169.42999267578125,170.4600067138672,167.39999389648438,167.99000549316406,21395700.0,NMS,Alphabet Inc.,Alphabet Inc.,Communication Services,Internet Content & Information,193.63,2361569574912.0,123469996032.0,0.151,Mountain View,CA,United States,181269.0,0.0416421309386774
2024-11-26,GOOG,170.42665100097656,170.6199951171875,171.4949951171875,169.42999267578125,169.49000549316406,14937500.0,NMS,Alphabet Inc.,Alphabet Inc.,Communication Services,Internet Content & Information,193.63,2361569574912.0,123469996032.0,0.151,Mountain View,CA,United States,181269.0,0.0416421309386774
2024-11-27,GOOG,170.62643432617188,170.82000732421875,171.13999938964844,169.6699981689453,170.67999267578125,12433400.0,NMS,Alphabet Inc.,Alphabet Inc.,Communication Services,Internet Content & Information,193.63,2361569574912.0,123469996032.0,0.151,Mountain View,CA,United States,181269.0,0.0416421309386774
2024-11-29,GOOG,170.2967987060547,170.49000549316406,170.8699951171875,168.75,170.05999755859375,9250700.0,NMS,Alphabet Inc.,Alphabet Inc.,Communication Services,Internet Content & Information,193.63,2361569574912.0,123469996032.0,0.151,Mountain View,CA,United States,181269.0,0.0416421309386774
2024-12-02,GOOG,172.7839813232422,172.97999572753906,173.60000610351562,170.27000427246094,170.32000732421875,16593400.0,NMS,Alphabet Inc.,Alphabet Inc.,Communication Services,Internet Content & Information,193.63,2361569574912.0,123469996032.0,0.151,Mountain View,CA,United States,181269.0,0.0416421309386774
2024-12-03,GOOG,172.82394409179688,173.02000427246094,174.32000732421875,172.50999450683594,173.1199951171875,15721500.0,NMS,Alphabet Inc.,Alphabet Inc.,Communication Services,Internet Content & Information,193.63,2361569574912.0,123469996032.0,0.151,Mountain View,CA,United States,181269.0,0.0416421309386774
2024-12-04,GOOG,175.8904571533203,176.08999633789062,176.42999267578125,172.75,172.77999877929688,18239800.0,NMS,Alphabet Inc.,Alphabet Inc.,Communication Services,Internet Content & Information,193.63,2361569574912.0,123469996032.0,0.151,Mountain View,CA,United States,181269.0,0.0416421309386774
2024-12-05,GOOG,174.1124725341797,174.30999755859375,177.7100067138672,174.00999450683594,177.32000732421875,16145500.0,NMS,Alphabet Inc.,Alphabet Inc.,Communication Services,Internet Content & Information,193.63,2361569574912.0,123469996032.0,0.151,Mountain View,CA,United States,181269.0,0.0416421309386774
2024-12-06,GOOG,176.29000854492188,176.49000549316406,176.83900451660156,173.5500030517578,173.8800048828125,13319500.0,NMS,Alphabet Inc.,Alphabet Inc.,Communication Services,Internet Content & Information,193.63,2361569574912.0,123469996032.0,0.151,Mountain View,CA,United States,181269.0,0.0416421309386774
2024-12-09,GOOG,177.10000610351562,177.10000610351562,178.0399932861328,175.39999389648438,175.71499633789062,19887800.0,NMS,Alphabet Inc.,Alphabet Inc.,Communication Services,Internet Content & Information,193.63,2361569574912.0,123469996032.0,0.151,Mountain View,CA,United States,181269.0,0.0416421309386774
2024-12-10,GOOG,186.52999877929688,186.52999877929688,188.02999877929688,182.6699981689453,184.53500366210935,34317400.0,NMS,Alphabet Inc.,Alphabet Inc.,Communication Services,Internet Content & Information,193.63,2361569574912.0,123469996032.0,0.151,Mountain View,CA,United States,181269.0,0.0416421309386774
2024-12-11,GOOG,196.7100067138672,196.7100067138672,196.88999938964844,186.25999450683597,186.6999969482422,41664500.0,NMS,Alphabet Inc.,Alphabet Inc.,Communication Services,Internet Content & Information,193.63,2361569574912.0,123469996032.0,0.151,Mountain View,CA,United States,181269.0,0.0416421309386774
2024-12-12,GOOG,193.6300048828125,193.6300048828125,196.70530700683597,193.2899932861328,196.32000732421875,23241432.0,NMS,Alphabet Inc.,Alphabet Inc.,Communication Services,Internet Content & Information,193.63,2361569574912.0,123469996032.0,0.151,Mountain View,CA,United States,181269.0,0.0416421309386774
2024-01-02,AAPL,184.73497009277344,185.63999938964844,188.44000244140625,183.88999938964844,187.1499938964844,82488700.0,NMS,Apple Inc.,Apple Inc.,Technology,Consumer Electronics,247.96,3748113678336.0,134660997120.0,0.061,Cupertino,CA,United States,164000.0,0.0660914004924592
2024-01-03,AAPL,183.35174560546875,184.25,185.8800048828125,183.42999267578125,184.22000122070312,58414500.0,NMS,Apple Inc.,Apple Inc.,Technology,Consumer Electronics,247.96,3748113678336.0,134660997120.0,0.061,Cupertino,CA,United States,164000.0,0.0660914004924592
2024-01-04,AAPL,181.02317810058597,181.91000366210935,183.08999633789065,180.8800048828125,182.1499938964844,71983600.0,NMS,Apple Inc.,Apple Inc.,Technology,Consumer Electronics,247.96,3748113678336.0,134660997120.0,0.061,Cupertino,CA,United States,164000.0,0.0660914004924592
2024-01-05,AAPL,180.29669189453125,181.17999267578125,182.75999450683597,180.1699981689453,181.9900054931641,62303300.0,NMS,Apple Inc.,Apple Inc.,Technology,Consumer Electronics,247.96,3748113678336.0,134660997120.0,0.061,Cupertino,CA,United States,164000.0,0.0660914004924592
2024-01-08,AAPL,184.6553649902344,185.55999755859372,185.6000061035156,181.5,182.08999633789065,59144500.0,NMS,Apple Inc.,Apple Inc.,Technology,Consumer Electronics,247.96,3748113678336.0,134660997120.0,0.061,Cupertino,CA,United States,164000.0,0.0660914004924592
2024-01-09,AAPL,184.23741149902344,185.13999938964844,185.1499938964844,182.72999572753903,183.9199981689453,42841800.0,NMS,Apple Inc.,Apple Inc.,Technology,Consumer Electronics,247.96,3748113678336.0,134660997120.0,0.061,Cupertino,CA,United States,164000.0,0.0660914004924592
2024-01-10,AAPL,185.28228759765625,186.19000244140625,186.3999938964844,183.9199981689453,184.3500061035156,46792900.0,NMS,Apple Inc.,Apple Inc.,Technology,Consumer Electronics,247.96,3748113678336.0,134660997120.0,0.061,Cupertino,CA,United States,164000.0,0.0660914004924592
2024-01-11,AAPL,184.6852264404297,185.58999633789065,187.0500030517578,183.6199951171875,186.5399932861328,49128400.0,NMS,Apple Inc.,Apple Inc.,Technology,Consumer Electronics,247.96,3748113678336.0,134660997120.0,0.061,Cupertino,CA,United States,164000.0,0.0660914004924592
2024-01-12,AAPL,185.01361083984372,185.9199981689453,186.7400054931641,185.19000244140625,186.05999755859372,40444700.0,NMS,Apple Inc.,Apple Inc.,Technology,Consumer Electronics,247.96,3748113678336.0,134660997120.0,0.061,Cupertino,CA,United States,164000.0,0.0660914004924592
2024-01-16,AAPL,182.7347717285156,183.6300048828125,184.25999450683597,180.92999267578125,182.16000366210935,65603000.0,NMS,Apple Inc.,Apple Inc.,Technology,Consumer Electronics,247.96,3748113678336.0,134660997120.0,0.061,Cupertino,CA,United States,164000.0,0.0660914004924592
2024-01-17,AAPL,181.78939819335935,182.67999267578125,182.92999267578125,180.3000030517578,181.2700042724609,47317400.0,NMS,Apple Inc.,Apple Inc.,Technology,Consumer Electronics,247.96,3748113678336.0,134660997120.0,0.061,Cupertino,CA,United States,164000.0,0.0660914004924592
2024-01-18,AAPL,187.7104034423828,188.6300048828125,189.13999938964844,185.8300018310547,186.08999633789065,78005800.0,NMS,Apple Inc.,Apple Inc.,Technology,Consumer Electronics,247.96,3748113678336.0,134660997120.0,0.061,Cupertino,CA,United States,164000.0,0.0660914004924592
2024-01-19,AAPL,190.6261138916016,191.55999755859372,191.9499969482422,188.82000732421875,189.3300018310547,68741000.0,NMS,Apple Inc.,Apple Inc.,Technology,Consumer Electronics,247.96,3748113678336.0,134660997120.0,0.061,Cupertino,CA,United States,164000.0,0.0660914004924592
2024-01-22,AAPL,192.9447479248047,193.88999938964844,195.3300018310547,192.25999450683597,192.3000030517578,60133900.0,NMS,Apple Inc.,Apple Inc.,Technology,Consumer Electronics,247.96,3748113678336.0,134660997120.0,0.061,Cupertino,CA,United States,164000.0,0.0660914004924592
2024-01-23,AAPL,194.2284698486328,195.17999267578125,195.75,193.8300018310547,195.0200042724609,42355600.0,NMS,Apple Inc.,Apple Inc.,Technology,Consumer Electronics,247.96,3748113678336.0,134660997120.0,0.061,Cupertino,CA,United States,164000.0,0.0660914004924592
2024-01-24,AAPL,193.55177307128903,194.5,196.3800048828125,194.33999633789065,195.4199981689453,53631300.0,NMS,Apple Inc.,Apple Inc.,Technology,Consumer Electronics,247.96,3748113678336.0,134660997120.0,0.061,Cupertino,CA,United States,164000.0,0.0660914004924592
2024-01-25,AAPL,193.223388671875,194.1699981689453,196.2700042724609,193.1100006103516,195.22000122070312,54822100.0,NMS,Apple Inc.,Apple Inc.,Technology,Consumer Electronics,247.96,3748113678336.0,134660997120.0,0.061,Cupertino,CA,United States,164000.0,0.0660914004924592
2024-01-26,AAPL,191.4819183349609,192.4199981689453,194.75999450683597,191.94000244140625,194.2700042724609,44594000.0,NMS,Apple Inc.,Apple Inc.,Technology,Consumer Electronics,247.96,3748113678336.0,134660997120.0,0.061,Cupertino,CA,United States,164000.0,0.0660914004924592
2024-01-29,AAPL,190.79527282714844,191.72999572753903,192.1999969482422,189.5800018310547,192.00999450683597,47145600.0,NMS,Apple Inc.,Apple Inc.,Technology,Consumer Electronics,247.96,3748113678336.0,134660997120.0,0.061,Cupertino,CA,United States,164000.0,0.0660914004924592
2024-01-30,AAPL,187.12327575683597,188.0399932861328,191.8000030517578,187.47000122070312,190.94000244140625,55859400.0,NMS,Apple Inc.,Apple Inc.,Technology,Consumer Electronics,247.96,3748113678336.0,134660997120.0,0.061,Cupertino,CA,United States,164000.0,0.0660914004924592
2024-01-31,AAPL,183.5010223388672,184.3999938964844,187.1000061035156,184.3500061035156,187.0399932861328,55467800.0,NMS,Apple Inc.,Apple Inc.,Technology,Consumer Electronics,247.96,3748113678336.0,134660997120.0,0.061,Cupertino,CA,United States,164000.0,0.0660914004924592
2024-02-01,AAPL,185.94903564453125,186.8600006103516,186.9499969482422,183.82000732421875,183.9900054931641,64885400.0,NMS,Apple Inc.,Apple Inc.,Technology,Consumer Electronics,247.96,3748113678336.0,134660997120.0,0.061,Cupertino,CA,United States,164000.0,0.0660914004924592
2024-02-02,AAPL,184.94395446777344,185.8500061035156,187.3300018310547,179.25,179.86000061035156,102518000.0,NMS,Apple Inc.,Apple Inc.,Technology,Consumer Electronics,247.96,3748113678336.0,134660997120.0,0.061,Cupertino,CA,United States,164000.0,0.0660914004924592
2024-02-05,AAPL,186.7650146484375,187.67999267578125,189.25,185.83999633789065,188.1499938964844,69668800.0,NMS,Apple Inc.,Apple Inc.,Technology,Consumer Electronics,247.96,3748113678336.0,134660997120.0,0.061,Cupertino,CA,United States,164000.0,0.0660914004924592
2024-02-06,AAPL,188.37713623046875,189.3000030517578,189.30999755859372,186.7700042724609,186.8600006103516,43490800.0,NMS,Apple Inc.,Apple Inc.,Technology,Consumer Electronics,247.96,3748113678336.0,134660997120.0,0.061,Cupertino,CA,United States,164000.0,0.0660914004924592
2024-02-07,AAPL,188.4865875244141,189.41000366210935,191.0500030517578,188.6100006103516,190.63999938964844,53439000.0,NMS,Apple Inc.,Apple Inc.,Technology,Consumer Electronics,247.96,3748113678336.0,134660997120.0,0.061,Cupertino,CA,United States,164000.0,0.0660914004924592
2024-02-08,AAPL,187.40191650390625,188.32000732421875,189.5399932861328,187.3500061035156,189.38999938964844,40962000.0,NMS,Apple Inc.,Apple Inc.,Technology,Consumer Electronics,247.96,3748113678336.0,134660997120.0,0.061,Cupertino,CA,United States,164000.0,0.0660914004924592
2024-02-09,AAPL,188.1691436767578,188.8500061035156,189.9900054931641,188.0,188.6499938964844,45155200.0,NMS,Apple Inc.,Apple Inc.,Technology,Consumer Electronics,247.96,3748113678336.0,134660997120.0,0.061,Cupertino,CA,United States,164000.0,0.0660914004924592
2024-02-12,AAPL,186.47525024414065,187.1499938964844,188.6699981689453,186.7899932861328,188.4199981689453,41781900.0,NMS,Apple Inc.,Apple Inc.,Technology,Consumer Electronics,247.96,3748113678336.0,134660997120.0,0.061,Cupertino,CA,United States,164000.0,0.0660914004924592
2024-02-13,AAPL,184.37286376953125,185.0399932861328,186.2100067138672,183.50999450683597,185.7700042724609,56529500.0,NMS,Apple Inc.,Apple Inc.,Technology,Consumer Electronics,247.96,3748113678336.0,134660997120.0,0.061,Cupertino,CA,United States,164000.0,0.0660914004924592
2024-02-14,AAPL,183.48606872558597,184.1499938964844,185.52999877929688,182.44000244140625,185.32000732421875,54630500.0,NMS,Apple Inc.,Apple Inc.,Technology,Consumer Electronics,247.96,3748113678336.0,134660997120.0,0.061,Cupertino,CA,United States,164000.0,0.0660914004924592
2024-02-15,AAPL,183.19712829589844,183.8600006103516,184.4900054931641,181.3500061035156,183.5500030517578,65434500.0,NMS,Apple Inc.,Apple Inc.,Technology,Consumer Electronics,247.96,3748113678336.0,134660997120.0,0.061,Cupertino,CA,United States,164000.0,0.0660914004924592
2024-02-16,AAPL,181.6527099609375,182.30999755859372,184.8500061035156,181.6699981689453,183.4199981689453,49701400.0,NMS,Apple Inc.,Apple Inc.,Technology,Consumer Electronics,247.96,3748113678336.0,134660997120.0,0.061,Cupertino,CA,United States,164000.0,0.0660914004924592
2024-02-20,AAPL,180.9054107666016,181.55999755859372,182.42999267578125,180.0,181.7899932861328,53665600.0,NMS,Apple Inc.,Apple Inc.,Technology,Consumer Electronics,247.96,3748113678336.0,134660997120.0,0.061,Cupertino,CA,United States,164000.0,0.0660914004924592
2024-02-21,AAPL,181.6626892089844,182.32000732421875,182.88999938964844,180.66000366210935,181.94000244140625,41529700.0,NMS,Apple Inc.,Apple Inc.,Technology,Consumer Electronics,247.96,3748113678336.0,134660997120.0,0.061,Cupertino,CA,United States,164000.0,0.0660914004924592
2024-02-22,AAPL,183.70526123046875,184.3699951171875,184.9600067138672,182.4600067138672,183.47999572753903,52292200.0,NMS,Apple Inc.,Apple Inc.,Technology,Consumer Electronics,247.96,3748113678336.0,134660997120.0,0.061,Cupertino,CA,United States,164000.0,0.0660914004924592
2024-02-23,AAPL,181.8619537353516,182.5200042724609,185.0399932861328,182.22999572753903,185.00999450683597,45119700.0,NMS,Apple Inc.,Apple Inc.,Technology,Consumer Electronics,247.96,3748113678336.0,134660997120.0,0.061,Cupertino,CA,United States,164000.0,0.0660914004924592
2024-02-26,AAPL,180.50686645507807,181.16000366210935,182.75999450683597,180.6499938964844,182.2400054931641,40867400.0,NMS,Apple Inc.,Apple Inc.,Technology,Consumer Electronics,247.96,3748113678336.0,134660997120.0,0.061,Cupertino,CA,United States,164000.0,0.0660914004924592
2024-02-27,AAPL,181.97157287597656,182.6300048828125,183.9199981689453,179.55999755859375,181.1000061035156,54318900.0,NMS,Apple Inc.,Apple Inc.,Technology,Consumer Electronics,247.96,3748113678336.0,134660997120.0,0.061,Cupertino,CA,United States,164000.0,0.0660914004924592
2024-02-28,AAPL,180.76593017578125,181.4199981689453,183.1199951171875,180.1300048828125,182.50999450683597,48953900.0,NMS,Apple Inc.,Apple Inc.,Technology,Consumer Electronics,247.96,3748113678336.0,134660997120.0,0.061,Cupertino,CA,United States,164000.0,0.0660914004924592
2024-02-29,AAPL,180.0983428955078,180.75,182.57000732421875,179.52999877929688,181.2700042724609,136682600.0,NMS,Apple Inc.,Apple Inc.,Technology,Consumer Electronics,247.96,3748113678336.0,134660997120.0,0.061,Cupertino,CA,United States,164000.0,0.0660914004924592
2024-03-01,AAPL,179.01226806640625,179.66000366210938,180.52999877929688,177.3800048828125,179.5500030517578,73488000.0,NMS,Apple Inc.,Apple Inc.,Technology,Consumer Electronics,247.96,3748113678336.0,134660997120.0,0.061,Cupertino,CA,United States,164000.0,0.0660914004924592
2024-03-04,AAPL,174.4687042236328,175.10000610351562,176.89999389648438,173.7899932861328,176.14999389648438,81510100.0,NMS,Apple Inc.,Apple Inc.,Technology,Consumer Electronics,247.96,3748113678336.0,134660997120.0,0.061,Cupertino,CA,United States,164000.0,0.0660914004924592
2024-03-05,AAPL,169.5066680908203,170.1199951171875,172.0399932861328,169.6199951171875,170.75999450683594,95132400.0,NMS,Apple Inc.,Apple Inc.,Technology,Consumer Electronics,247.96,3748113678336.0,134660997120.0,0.061,Cupertino,CA,United States,164000.0,0.0660914004924592
2024-03-06,AAPL,168.51025390625,169.1199951171875,171.24000549316406,168.67999267578125,171.05999755859375,68587700.0,NMS,Apple Inc.,Apple Inc.,Technology,Consumer Electronics,247.96,3748113678336.0,134660997120.0,0.061,Cupertino,CA,United States,164000.0,0.0660914004924592
2024-03-07,AAPL,168.3907012939453,169.0,170.72999572753906,168.49000549316406,169.14999389648438,71765100.0,NMS,Apple Inc.,Apple Inc.,Technology,Consumer Electronics,247.96,3748113678336.0,134660997120.0,0.061,Cupertino,CA,United States,164000.0,0.0660914004924592
2024-03-08,AAPL,170.11447143554688,170.72999572753906,173.6999969482422,168.94000244140625,169.0,76114600.0,NMS,Apple Inc.,Apple Inc.,Technology,Consumer Electronics,247.96,3748113678336.0,134660997120.0,0.061,Cupertino,CA,United States,164000.0,0.0660914004924592
2024-03-11,AAPL,172.12718200683594,172.75,174.3800048828125,172.0500030517578,172.94000244140625,60139500.0,NMS,Apple Inc.,Apple Inc.,Technology,Consumer Electronics,247.96,3748113678336.0,134660997120.0,0.061,Cupertino,CA,United States,164000.0,0.0660914004924592
2024-03-12,AAPL,172.60543823242188,173.22999572753906,174.02999877929688,171.00999450683594,173.14999389648438,59825400.0,NMS,Apple Inc.,Apple Inc.,Technology,Consumer Electronics,247.96,3748113678336.0,134660997120.0,0.061,Cupertino,CA,United States,164000.0,0.0660914004924592
2024-03-13,AAPL,170.51303100585938,171.1300048828125,173.19000244140625,170.75999450683594,172.77000427246094,52488700.0,NMS,Apple Inc.,Apple Inc.,Technology,Consumer Electronics,247.96,3748113678336.0,134660997120.0,0.061,Cupertino,CA,United States,164000.0,0.0660914004924592
2024-03-14,AAPL,172.3762664794922,173.0,174.30999755859375,172.0500030517578,172.91000366210938,72913500.0,NMS,Apple Inc.,Apple Inc.,Technology,Consumer Electronics,247.96,3748113678336.0,134660997120.0,0.061,Cupertino,CA,United States,164000.0,0.0660914004924592
2024-03-15,AAPL,171.99765014648438,172.6199951171875,172.6199951171875,170.2899932861328,171.1699981689453,121664700.0,NMS,Apple Inc.,Apple Inc.,Technology,Consumer Electronics,247.96,3748113678336.0,134660997120.0,0.061,Cupertino,CA,United States,164000.0,0.0660914004924592
2024-03-18,AAPL,173.09368896484375,173.72000122070312,177.7100067138672,173.52000427246094,175.57000732421875,75604200.0,NMS,Apple Inc.,Apple Inc.,Technology,Consumer Electronics,247.96,3748113678336.0,134660997120.0,0.061,Cupertino,CA,United States,164000.0,0.0660914004924592
2024-03-19,AAPL,175.4451904296875,176.0800018310547,176.61000061035156,173.02999877929688,174.33999633789062,55215200.0,NMS,Apple Inc.,Apple Inc.,Technology,Consumer Electronics,247.96,3748113678336.0,134660997120.0,0.061,Cupertino,CA,United States,164000.0,0.0660914004924592
2024-03-20,AAPL,178.02581787109375,178.6699981689453,178.6699981689453,175.08999633789062,175.72000122070312,53423100.0,NMS,Apple Inc.,Apple Inc.,Technology,Consumer Electronics,247.96,3748113678336.0,134660997120.0,0.061,Cupertino,CA,United States,164000.0,0.0660914004924592
2024-03-21,AAPL,170.7521514892578,171.3699951171875,177.49000549316406,170.83999633789062,177.0500030517578,106181300.0,NMS,Apple Inc.,Apple Inc.,Technology,Consumer Electronics,247.96,3748113678336.0,134660997120.0,0.061,Cupertino,CA,United States,164000.0,0.0660914004924592
2024-03-22,AAPL,171.6588592529297,172.27999877929688,173.0500030517578,170.05999755859375,171.75999450683594,71106600.0,NMS,Apple Inc.,Apple Inc.,Technology,Consumer Electronics,247.96,3748113678336.0,134660997120.0,0.061,Cupertino,CA,United States,164000.0,0.0660914004924592
2024-03-25,AAPL,170.23403930664062,170.85000610351562,171.94000244140625,169.4499969482422,170.57000732421875,54288300.0,NMS,Apple Inc.,Apple Inc.,Technology,Consumer Electronics,247.96,3748113678336.0,134660997120.0,0.061,Cupertino,CA,United States,164000.0,0.0660914004924592
2024-03-26,AAPL,169.09814453125,169.7100067138672,171.4199981689453,169.5800018310547,170.0,57388400.0,NMS,Apple Inc.,Apple Inc.,Technology,Consumer Electronics,247.96,3748113678336.0,134660997120.0,0.061,Cupertino,CA,United States,164000.0,0.0660914004924592
2024-03-27,AAPL,172.68515014648438,173.30999755859375,173.60000610351562,170.11000061035156,170.41000366210938,60273300.0,NMS,Apple Inc.,Apple Inc.,Technology,Consumer Electronics,247.96,3748113678336.0,134660997120.0,0.061,Cupertino,CA,United States,164000.0,0.0660914004924592
2024-03-28,AAPL,170.86175537109375,171.47999572753906,172.22999572753906,170.50999450683594,171.75,65672700.0,NMS,Apple Inc.,Apple Inc.,Technology,Consumer Electronics,247.96,3748113678336.0,134660997120.0,0.061,Cupertino,CA,United States,164000.0,0.0660914004924592
2024-04-01,AAPL,169.4169921875,170.02999877929688,171.25,169.47999572753906,171.19000244140625,46240500.0,NMS,Apple Inc.,Apple Inc.,Technology,Consumer Electronics,247.96,3748113678336.0,134660997120.0,0.061,Cupertino,CA,United States,164000.0,0.0660914004924592
2024-04-02,AAPL,168.2312774658203,168.83999633789062,169.33999633789062,168.22999572753906,169.0800018310547,49329500.0,NMS,Apple Inc.,Apple Inc.,Technology,Consumer Electronics,247.96,3748113678336.0,134660997120.0,0.061,Cupertino,CA,United States,164000.0,0.0660914004924592
2024-04-03,AAPL,169.03834533691406,169.64999389648438,170.67999267578125,168.5800018310547,168.7899932861328,47691700.0,NMS,Apple Inc.,Apple Inc.,Technology,Consumer Electronics,247.96,3748113678336.0,134660997120.0,0.061,Cupertino,CA,United States,164000.0,0.0660914004924592
2024-04-04,AAPL,168.21136474609375,168.82000732421875,171.9199981689453,168.82000732421875,170.2899932861328,53704400.0,NMS,Apple Inc.,Apple Inc.,Technology,Consumer Electronics,247.96,3748113678336.0,134660997120.0,0.061,Cupertino,CA,United States,164000.0,0.0660914004924592
2024-04-05,AAPL,168.96859741210938,169.5800018310547,170.38999938964844,168.9499969482422,169.58999633789062,42055200.0,NMS,Apple Inc.,Apple Inc.,Technology,Consumer Electronics,247.96,3748113678336.0,134660997120.0,0.061,Cupertino,CA,United States,164000.0,0.0660914004924592
2024-04-08,AAPL,167.84268188476562,168.4499969482422,169.1999969482422,168.24000549316406,169.02999877929688,37425500.0,NMS,Apple Inc.,Apple Inc.,Technology,Consumer Electronics,247.96,3748113678336.0,134660997120.0,0.061,Cupertino,CA,United States,164000.0,0.0660914004924592
2024-04-09,AAPL,169.0582733154297,169.6699981689453,170.0800018310547,168.35000610351562,168.6999969482422,42451200.0,NMS,Apple Inc.,Apple Inc.,Technology,Consumer Electronics,247.96,3748113678336.0,134660997120.0,0.061,Cupertino,CA,United States,164000.0,0.0660914004924592
2024-04-10,AAPL,167.1750946044922,167.77999877929688,169.08999633789062,167.11000061035156,168.8000030517578,49709300.0,NMS,Apple Inc.,Apple Inc.,Technology,Consumer Electronics,247.96,3748113678336.0,134660997120.0,0.061,Cupertino,CA,United States,164000.0,0.0660914004924592
2024-04-11,AAPL,174.40892028808594,175.0399932861328,175.4600067138672,168.16000366210938,168.33999633789062,91070300.0,NMS,Apple Inc.,Apple Inc.,Technology,Consumer Electronics,247.96,3748113678336.0,134660997120.0,0.061,Cupertino,CA,United States,164000.0,0.0660914004924592
2024-04-12,AAPL,175.91348266601562,176.5500030517578,178.36000061035156,174.2100067138672,174.25999450683594,101593300.0,NMS,Apple Inc.,Apple Inc.,Technology,Consumer Electronics,247.96,3748113678336.0,134660997120.0,0.061,Cupertino,CA,United States,164000.0,0.0660914004924592
2024-04-15,AAPL,172.06739807128906,172.69000244140625,176.6300048828125,172.5,175.36000061035156,73531800.0,NMS,Apple Inc.,Apple Inc.,Technology,Consumer Electronics,247.96,3748113678336.0,134660997120.0,0.061,Cupertino,CA,United States,164000.0,0.0660914004924592
2024-04-16,AAPL,168.7693328857422,169.3800048828125,173.75999450683594,168.27000427246094,171.75,73711200.0,NMS,Apple Inc.,Apple Inc.,Technology,Consumer Electronics,247.96,3748113678336.0,134660997120.0,0.061,Cupertino,CA,United States,164000.0,0.0660914004924592
2024-04-17,AAPL,167.39430236816406,168.0,170.64999389648438,168.0,169.61000061035156,50901200.0,NMS,Apple Inc.,Apple Inc.,Technology,Consumer Electronics,247.96,3748113678336.0,134660997120.0,0.061,Cupertino,CA,United States,164000.0,0.0660914004924592
2024-04-18,AAPL,166.437744140625,167.0399932861328,168.63999938964844,166.5500030517578,168.02999877929688,43122900.0,NMS,Apple Inc.,Apple Inc.,Technology,Consumer Electronics,247.96,3748113678336.0,134660997120.0,0.061,Cupertino,CA,United States,164000.0,0.0660914004924592
2024-04-19,AAPL,164.40512084960938,165.0,166.39999389648438,164.0800018310547,166.2100067138672,67772100.0,NMS,Apple Inc.,Apple Inc.,Technology,Consumer Electronics,247.96,3748113678336.0,134660997120.0,0.061,Cupertino,CA,United States,164000.0,0.0660914004924592
2024-04-22,AAPL,165.24208068847656,165.83999633789062,167.25999450683594,164.77000427246094,165.52000427246094,48116400.0,NMS,Apple Inc.,Apple Inc.,Technology,Consumer Electronics,247.96,3748113678336.0,134660997120.0,0.061,Cupertino,CA,United States,164000.0,0.0660914004924592
2024-04-23,AAPL,166.2982635498047,166.89999389648438,167.0500030517578,164.9199981689453,165.35000610351562,49537800.0,NMS,Apple Inc.,Apple Inc.,Technology,Consumer Electronics,247.96,3748113678336.0,134660997120.0,0.061,Cupertino,CA,United States,164000.0,0.0660914004924592
2024-04-24,AAPL,168.41062927246094,169.02000427246094,169.3000030517578,166.2100067138672,166.5399932861328,48251800.0,NMS,Apple Inc.,Apple Inc.,Technology,Consumer Electronics,247.96,3748113678336.0,134660997120.0,0.061,Cupertino,CA,United States,164000.0,0.0660914004924592
2024-04-25,AAPL,169.27749633789062,169.88999938964844,170.61000061035156,168.14999389648438,169.52999877929688,50558300.0,NMS,Apple Inc.,Apple Inc.,Technology,Consumer Electronics,247.96,3748113678336.0,134660997120.0,0.061,Cupertino,CA,United States,164000.0,0.0660914004924592
2024-04-26,AAPL,168.6896209716797,169.3000030517578,171.33999633789062,169.17999267578125,169.8800048828125,44838400.0,NMS,Apple Inc.,Apple Inc.,Technology,Consumer Electronics,247.96,3748113678336.0,134660997120.0,0.061,Cupertino,CA,United States,164000.0,0.0660914004924592
2024-04-29,AAPL,172.8744659423828,173.5,176.02999877929688,173.10000610351562,173.3699951171875,68169400.0,NMS,Apple Inc.,Apple Inc.,Technology,Consumer Electronics,247.96,3748113678336.0,134660997120.0,0.061,Cupertino,CA,United States,164000.0,0.0660914004924592
2024-04-30,AAPL,169.7158966064453,170.3300018310547,174.99000549316406,170.0,173.3300018310547,65934800.0,NMS,Apple Inc.,Apple Inc.,Technology,Consumer Electronics,247.96,3748113678336.0,134660997120.0,0.061,Cupertino,CA,United States,164000.0,0.0660914004924592
2024-05-01,AAPL,168.6896209716797,169.3000030517578,172.7100067138672,169.11000061035156,169.5800018310547,50383100.0,NMS,Apple Inc.,Apple Inc.,Technology,Consumer Electronics,247.96,3748113678336.0,134660997120.0,0.061,Cupertino,CA,United States,164000.0,0.0660914004924592
2024-05-02,AAPL,172.4061737060547,173.02999877929688,173.4199981689453,170.88999938964844,172.50999450683594,94214900.0,NMS,Apple Inc.,Apple Inc.,Technology,Consumer Electronics,247.96,3748113678336.0,134660997120.0,0.061,Cupertino,CA,United States,164000.0,0.0660914004924592
2024-05-03,AAPL,182.71885681152344,183.3800048828125,187.0,182.66000366210935,186.6499938964844,163224100.0,NMS,Apple Inc.,Apple Inc.,Technology,Consumer Electronics,247.96,3748113678336.0,134660997120.0,0.061,Cupertino,CA,United States,164000.0,0.0660914004924592
2024-05-06,AAPL,181.0548858642578,181.7100067138672,184.1999969482422,180.4199981689453,182.3500061035156,78569700.0,NMS,Apple Inc.,Apple Inc.,Technology,Consumer Electronics,247.96,3748113678336.0,134660997120.0,0.061,Cupertino,CA,United States,164000.0,0.0660914004924592
2024-05-07,AAPL,181.7423858642578,182.3999938964844,184.8999938964844,181.32000732421875,183.4499969482422,77305800.0,NMS,Apple Inc.,Apple Inc.,Technology,Consumer Electronics,247.96,3748113678336.0,134660997120.0,0.061,Cupertino,CA,United States,164000.0,0.0660914004924592
2024-05-08,AAPL,182.0811767578125,182.7400054931641,183.07000732421875,181.4499969482422,182.8500061035156,45057100.0,NMS,Apple Inc.,Apple Inc.,Technology,Consumer Electronics,247.96,3748113678336.0,134660997120.0,0.061,Cupertino,CA,United States,164000.0,0.0660914004924592
2024-05-09,AAPL,183.90457153320312,184.57000732421875,184.66000366210935,182.1100006103516,182.55999755859372,48983000.0,NMS,Apple Inc.,Apple Inc.,Technology,Consumer Electronics,247.96,3748113678336.0,134660997120.0,0.061,Cupertino,CA,United States,164000.0,0.0660914004924592
2024-05-10,AAPL,182.63742065429688,183.0500030517578,185.08999633789065,182.1300048828125,184.8999938964844,50759500.0,NMS,Apple Inc.,Apple Inc.,Technology,Consumer Electronics,247.96,3748113678336.0,134660997120.0,0.061,Cupertino,CA,United States,164000.0,0.0660914004924592
2024-05-13,AAPL,185.8601531982422,186.27999877929688,187.1000061035156,184.6199951171875,185.44000244140625,72044800.0,NMS,Apple Inc.,Apple Inc.,Technology,Consumer Electronics,247.96,3748113678336.0,134660997120.0,0.061,Cupertino,CA,United States,164000.0,0.0660914004924592
2024-05-14,AAPL,187.00755310058597,187.42999267578125,188.3000030517578,186.2899932861328,187.50999450683597,52393600.0,NMS,Apple Inc.,Apple Inc.,Technology,Consumer Electronics,247.96,3748113678336.0,134660997120.0,0.061,Cupertino,CA,United States,164000.0,0.0660914004924592
2024-05-15,AAPL,189.2924041748047,189.72000122070312,190.6499938964844,187.3699951171875,187.91000366210935,70400000.0,NMS,Apple Inc.,Apple Inc.,Technology,Consumer Electronics,247.96,3748113678336.0,134660997120.0,0.061,Cupertino,CA,United States,164000.0,0.0660914004924592
2024-05-16,AAPL,189.41212463378903,189.83999633789065,191.1000061035156,189.66000366210935,190.47000122070312,52845200.0,NMS,Apple Inc.,Apple Inc.,Technology,Consumer Electronics,247.96,3748113678336.0,134660997120.0,0.061,Cupertino,CA,United States,164000.0,0.0660914004924592
2024-05-17,AAPL,189.4420623779297,189.8699951171875,190.80999755859372,189.17999267578125,189.50999450683597,41282900.0,NMS,Apple Inc.,Apple Inc.,Technology,Consumer Electronics,247.96,3748113678336.0,134660997120.0,0.061,Cupertino,CA,United States,164000.0,0.0660914004924592
2024-05-20,AAPL,190.6094207763672,191.0399932861328,191.9199981689453,189.00999450683597,189.3300018310547,44361300.0,NMS,Apple Inc.,Apple Inc.,Technology,Consumer Electronics,247.96,3748113678336.0,134660997120.0,0.061,Cupertino,CA,United States,164000.0,0.0660914004924592
2024-05-21,AAPL,191.91647338867188,192.3500061035156,192.72999572753903,190.9199981689453,191.08999633789065,42309400.0,NMS,Apple Inc.,Apple Inc.,Technology,Consumer Electronics,247.96,3748113678336.0,134660997120.0,0.061,Cupertino,CA,United States,164000.0,0.0660914004924592
2024-05-22,AAPL,190.46974182128903,190.8999938964844,192.82000732421875,190.2700042724609,192.2700042724609,34648500.0,NMS,Apple Inc.,Apple Inc.,Technology,Consumer Electronics,247.96,3748113678336.0,134660997120.0,0.061,Cupertino,CA,United States,164000.0,0.0660914004924592
2024-05-23,AAPL,186.45880126953125,186.8800048828125,191.0,186.6300048828125,190.97999572753903,51005900.0,NMS,Apple Inc.,Apple Inc.,Technology,Consumer Electronics,247.96,3748113678336.0,134660997120.0,0.061,Cupertino,CA,United States,164000.0,0.0660914004924592
2024-05-24,AAPL,189.5518035888672,189.97999572753903,190.5800018310547,188.0399932861328,188.82000732421875,36294600.0,NMS,Apple Inc.,Apple Inc.,Technology,Consumer Electronics,247.96,3748113678336.0,134660997120.0,0.061,Cupertino,CA,United States,164000.0,0.0660914004924592
2024-05-28,AAPL,189.56179809570312,189.9900054931641,193.0,189.1000061035156,191.50999450683597,52280100.0,NMS,Apple Inc.,Apple Inc.,Technology,Consumer Electronics,247.96,3748113678336.0,134660997120.0,0.061,Cupertino,CA,United States,164000.0,0.0660914004924592
2024-05-29,AAPL,189.86111450195312,190.2899932861328,192.25,189.50999450683597,189.6100006103516,53068000.0,NMS,Apple Inc.,Apple Inc.,Technology,Consumer Electronics,247.96,3748113678336.0,134660997120.0,0.061,Cupertino,CA,United States,164000.0,0.0660914004924592
2024-05-30,AAPL,190.85885620117188,191.2899932861328,192.17999267578125,190.6300048828125,190.75999450683597,49947900.0,NMS,Apple Inc.,Apple Inc.,Technology,Consumer Electronics,247.96,3748113678336.0,134660997120.0,0.061,Cupertino,CA,United States,164000.0,0.0660914004924592
2024-05-31,AAPL,191.8166961669922,192.25,192.57000732421875,189.91000366210935,191.44000244140625,75158300.0,NMS,Apple Inc.,Apple Inc.,Technology,Consumer Electronics,247.96,3748113678336.0,134660997120.0,0.061,Cupertino,CA,United States,164000.0,0.0660914004924592
2024-06-03,AAPL,193.59266662597656,194.02999877929688,194.9900054931641,192.5200042724609,192.8999938964844,50080500.0,NMS,Apple Inc.,Apple Inc.,Technology,Consumer Electronics,247.96,3748113678336.0,134660997120.0,0.061,Cupertino,CA,United States,164000.0,0.0660914004924592
2024-06-04,AAPL,193.91195678710935,194.3500061035156,195.32000732421875,193.02999877929688,194.63999938964844,47471400.0,NMS,Apple Inc.,Apple Inc.,Technology,Consumer Electronics,247.96,3748113678336.0,134660997120.0,0.061,Cupertino,CA,United States,164000.0,0.0660914004924592
2024-06-05,AAPL,195.42852783203125,195.8699951171875,196.8999938964844,194.8699951171875,195.3999938964844,54156800.0,NMS,Apple Inc.,Apple Inc.,Technology,Consumer Electronics,247.96,3748113678336.0,134660997120.0,0.061,Cupertino,CA,United States,164000.0,0.0660914004924592
2024-06-06,AAPL,194.04165649414065,194.47999572753903,196.5,194.1699981689453,195.69000244140625,41181800.0,NMS,Apple Inc.,Apple Inc.,Technology,Consumer Electronics,247.96,3748113678336.0,134660997120.0,0.061,Cupertino,CA,United States,164000.0,0.0660914004924592
2024-06-07,AAPL,196.4462432861328,196.88999938964844,196.94000244140625,194.13999938964844,194.6499938964844,53103900.0,NMS,Apple Inc.,Apple Inc.,Technology,Consumer Electronics,247.96,3748113678336.0,134660997120.0,0.061,Cupertino,CA,United States,164000.0,0.0660914004924592
2024-06-10,AAPL,192.68472290039065,193.1199951171875,197.3000030517578,192.1499938964844,196.8999938964844,97262100.0,NMS,Apple Inc.,Apple Inc.,Technology,Consumer Electronics,247.96,3748113678336.0,134660997120.0,0.061,Cupertino,CA,United States,164000.0,0.0660914004924592
2024-06-11,AAPL,206.68310546875,207.1499938964844,207.16000366210935,193.6300048828125,193.6499938964844,172373300.0,NMS,Apple Inc.,Apple Inc.,Technology,Consumer Electronics,247.96,3748113678336.0,134660997120.0,0.061,Cupertino,CA,United States,164000.0,0.0660914004924592
2024-06-12,AAPL,212.58978271484372,213.07000732421875,220.1999969482422,206.8999938964844,207.3699951171875,198134300.0,NMS,Apple Inc.,Apple Inc.,Technology,Consumer Electronics,247.96,3748113678336.0,134660997120.0,0.061,Cupertino,CA,United States,164000.0,0.0660914004924592
2024-06-13,AAPL,213.75714111328125,214.2400054931641,216.75,211.6000061035156,214.7400054931641,97862700.0,NMS,Apple Inc.,Apple Inc.,Technology,Consumer Electronics,247.96,3748113678336.0,134660997120.0,0.061,Cupertino,CA,United States,164000.0,0.0660914004924592
2024-06-14,AAPL,212.01107788085935,212.4900054931641,215.1699981689453,211.3000030517578,213.8500061035156,70122700.0,NMS,Apple Inc.,Apple Inc.,Technology,Consumer Electronics,247.96,3748113678336.0,134660997120.0,0.061,Cupertino,CA,United States,164000.0,0.0660914004924592
2024-06-17,AAPL,216.18165588378903,216.6699981689453,218.9499969482422,212.72000122070312,213.3699951171875,93728300.0,NMS,Apple Inc.,Apple Inc.,Technology,Consumer Electronics,247.96,3748113678336.0,134660997120.0,0.061,Cupertino,CA,United States,164000.0,0.0660914004924592
2024-06-18,AAPL,213.8070068359375,214.2899932861328,218.6300048828125,213.0,217.58999633789065,79943300.0,NMS,Apple Inc.,Apple Inc.,Technology,Consumer Electronics,247.96,3748113678336.0,134660997120.0,0.061,Cupertino,CA,United States,164000.0,0.0660914004924592
2024-06-20,AAPL,209.20741271972656,209.67999267578125,214.2400054931641,208.8500061035156,213.92999267578125,86172500.0,NMS,Apple Inc.,Apple Inc.,Technology,Consumer Electronics,247.96,3748113678336.0,134660997120.0,0.061,Cupertino,CA,United States,164000.0,0.0660914004924592
2024-06-21,AAPL,207.02235412597656,207.4900054931641,211.88999938964844,207.1100006103516,210.38999938964844,246421400.0,NMS,Apple Inc.,Apple Inc.,Technology,Consumer Electronics,247.96,3748113678336.0,134660997120.0,0.061,Cupertino,CA,United States,164000.0,0.0660914004924592
2024-06-24,AAPL,207.67086791992188,208.13999938964844,212.6999969482422,206.58999633789065,207.72000122070312,80727000.0,NMS,Apple Inc.,Apple Inc.,Technology,Consumer Electronics,247.96,3748113678336.0,134660997120.0,0.061,Cupertino,CA,United States,164000.0,0.0660914004924592
2024-06-25,AAPL,208.59878540039065,209.07000732421875,211.3800048828125,208.6100006103516,209.1499938964844,56713900.0,NMS,Apple Inc.,Apple Inc.,Technology,Consumer Electronics,247.96,3748113678336.0,134660997120.0,0.061,Cupertino,CA,United States,164000.0,0.0660914004924592
2024-06-26,AAPL,212.7693634033203,213.25,214.8600006103516,210.63999938964844,211.5,66213200.0,NMS,Apple Inc.,Apple Inc.,Technology,Consumer Electronics,247.96,3748113678336.0,134660997120.0,0.061,Cupertino,CA,United States,164000.0,0.0660914004924592
2024-06-27,AAPL,213.61746215820312,214.1000061035156,215.7400054931641,212.3500061035156,214.69000244140625,49772700.0,NMS,Apple Inc.,Apple Inc.,Technology,Consumer Electronics,247.96,3748113678336.0,134660997120.0,0.061,Cupertino,CA,United States,164000.0,0.0660914004924592
2024-06-28,AAPL,210.1452789306641,210.6199951171875,216.07000732421875,210.3000030517578,215.7700042724609,82542700.0,NMS,Apple Inc.,Apple Inc.,Technology,Consumer Electronics,247.96,3748113678336.0,134660997120.0,0.061,Cupertino,CA,United States,164000.0,0.0660914004924592
2024-07-01,AAPL,216.261474609375,216.75,217.50999450683597,211.9199981689453,212.08999633789065,60402900.0,NMS,Apple Inc.,Apple Inc.,Technology,Consumer Electronics,247.96,3748113678336.0,134660997120.0,0.061,Cupertino,CA,United States,164000.0,0.0660914004924592
2024-07-02,AAPL,219.77354431152344,220.2700042724609,220.3800048828125,215.1000061035156,216.1499938964844,58046200.0,NMS,Apple Inc.,Apple Inc.,Technology,Consumer Electronics,247.96,3748113678336.0,134660997120.0,0.061,Cupertino,CA,United States,164000.0,0.0660914004924592
2024-07-03,AAPL,221.0506591796875,221.5500030517578,221.5500030517578,219.02999877929688,220.0,37369800.0,NMS,Apple Inc.,Apple Inc.,Technology,Consumer Electronics,247.96,3748113678336.0,134660997120.0,0.061,Cupertino,CA,United States,164000.0,0.0660914004924592
2024-07-05,AAPL,225.8298492431641,226.33999633789065,226.4499969482422,221.6499938964844,221.6499938964844,60412400.0,NMS,Apple Inc.,Apple Inc.,Technology,Consumer Electronics,247.96,3748113678336.0,134660997120.0,0.061,Cupertino,CA,United States,164000.0,0.0660914004924592
2024-07-08,AAPL,227.30653381347656,227.82000732421875,227.8500061035156,223.25,227.08999633789065,59085900.0,NMS,Apple Inc.,Apple Inc.,Technology,Consumer Electronics,247.96,3748113678336.0,134660997120.0,0.061,Cupertino,CA,United States,164000.0,0.0660914004924592
2024-07-09,AAPL,228.16458129882807,228.67999267578125,229.3999938964844,226.3699951171875,227.92999267578125,48076100.0,NMS,Apple Inc.,Apple Inc.,Technology,Consumer Electronics,247.96,3748113678336.0,134660997120.0,0.061,Cupertino,CA,United States,164000.0,0.0660914004924592
2024-07-10,AAPL,232.4548797607422,232.97999572753903,233.0800018310547,229.25,229.3000030517578,62627700.0,NMS,Apple Inc.,Apple Inc.,Technology,Consumer Electronics,247.96,3748113678336.0,134660997120.0,0.061,Cupertino,CA,United States,164000.0,0.0660914004924592
2024-07-11,AAPL,227.05709838867188,227.57000732421875,232.38999938964844,225.7700042724609,231.38999938964844,64710600.0,NMS,Apple Inc.,Apple Inc.,Technology,Consumer Electronics,247.96,3748113678336.0,134660997120.0,0.061,Cupertino,CA,United States,164000.0,0.0660914004924592
2024-07-12,AAPL,230.0203857421875,230.5399932861328,232.63999938964844,228.67999267578125,228.9199981689453,53046500.0,NMS,Apple Inc.,Apple Inc.,Technology,Consumer Electronics,247.96,3748113678336.0,134660997120.0,0.061,Cupertino,CA,United States,164000.0,0.0660914004924592
2024-07-15,AAPL,233.87168884277344,234.3999938964844,237.22999572753903,233.08999633789065,236.47999572753903,62631300.0,NMS,Apple Inc.,Apple Inc.,Technology,Consumer Electronics,247.96,3748113678336.0,134660997120.0,0.061,Cupertino,CA,United States,164000.0,0.0660914004924592
2024-07-16,AAPL,234.29075622558597,234.82000732421875,236.2700042724609,232.3300018310547,235.0,43234300.0,NMS,Apple Inc.,Apple Inc.,Technology,Consumer Electronics,247.96,3748113678336.0,134660997120.0,0.061,Cupertino,CA,United States,164000.0,0.0660914004924592
2024-07-17,AAPL,228.3641357421875,228.8800048828125,231.4600067138672,226.63999938964844,229.4499969482422,57345900.0,NMS,Apple Inc.,Apple Inc.,Technology,Consumer Electronics,247.96,3748113678336.0,134660997120.0,0.061,Cupertino,CA,United States,164000.0,0.0660914004924592
2024-07-18,AAPL,223.6747131347656,224.17999267578125,230.44000244140625,222.2700042724609,230.27999877929688,66034600.0,NMS,Apple Inc.,Apple Inc.,Technology,Consumer Electronics,247.96,3748113678336.0,134660997120.0,0.061,Cupertino,CA,United States,164000.0,0.0660914004924592
2024-07-19,AAPL,223.80442810058597,224.30999755859372,226.8000030517578,223.27999877929688,224.82000732421875,49151500.0,NMS,Apple Inc.,Apple Inc.,Technology,Consumer Electronics,247.96,3748113678336.0,134660997120.0,0.061,Cupertino,CA,United States,164000.0,0.0660914004924592
2024-07-22,AAPL,223.45523071289065,223.9600067138672,227.77999877929688,223.08999633789065,227.00999450683597,48201800.0,NMS,Apple Inc.,Apple Inc.,Technology,Consumer Electronics,247.96,3748113678336.0,134660997120.0,0.061,Cupertino,CA,United States,164000.0,0.0660914004924592
2024-07-23,AAPL,224.5028533935547,225.00999450683597,226.94000244140625,222.67999267578125,224.3699951171875,39960300.0,NMS,Apple Inc.,Apple Inc.,Technology,Consumer Electronics,247.96,3748113678336.0,134660997120.0,0.061,Cupertino,CA,United States,164000.0,0.0660914004924592
2024-07-24,AAPL,218.04742431640625,218.5399932861328,224.8000030517578,217.1300048828125,224.0,61777600.0,NMS,Apple Inc.,Apple Inc.,Technology,Consumer Electronics,247.96,3748113678336.0,134660997120.0,0.061,Cupertino,CA,United States,164000.0,0.0660914004924592
2024-07-25,AAPL,216.99981689453125,217.4900054931641,220.8500061035156,214.6199951171875,218.92999267578125,51391200.0,NMS,Apple Inc.,Apple Inc.,Technology,Consumer Electronics,247.96,3748113678336.0,134660997120.0,0.061,Cupertino,CA,United States,164000.0,0.0660914004924592
2024-07-26,AAPL,217.46875,217.9600067138672,219.4900054931641,216.00999450683597,218.6999969482422,41601300.0,NMS,Apple Inc.,Apple Inc.,Technology,Consumer Electronics,247.96,3748113678336.0,134660997120.0,0.061,Cupertino,CA,United States,164000.0,0.0660914004924592
2024-07-29,AAPL,217.7481231689453,218.2400054931641,219.3000030517578,215.75,216.9600067138672,36311800.0,NMS,Apple Inc.,Apple Inc.,Technology,Consumer Electronics,247.96,3748113678336.0,134660997120.0,0.061,Cupertino,CA,United States,164000.0,0.0660914004924592
2024-07-30,AAPL,218.30685424804688,218.8000030517578,220.3300018310547,216.1199951171875,219.19000244140625,41643800.0,NMS,Apple Inc.,Apple Inc.,Technology,Consumer Electronics,247.96,3748113678336.0,134660997120.0,0.061,Cupertino,CA,United States,164000.0,0.0660914004924592
2024-07-31,AAPL,221.5794677734375,222.0800018310547,223.82000732421875,220.6300048828125,221.44000244140625,50036300.0,NMS,Apple Inc.,Apple Inc.,Technology,Consumer Electronics,247.96,3748113678336.0,134660997120.0,0.061,Cupertino,CA,United States,164000.0,0.0660914004924592
2024-08-01,AAPL,217.8678436279297,218.3600006103516,224.47999572753903,217.0200042724609,224.3699951171875,62501000.0,NMS,Apple Inc.,Apple Inc.,Technology,Consumer Electronics,247.96,3748113678336.0,134660997120.0,0.061,Cupertino,CA,United States,164000.0,0.0660914004924592
2024-08-02,AAPL,219.3644561767578,219.8600006103516,225.6000061035156,217.7100067138672,219.1499938964844,105568600.0,NMS,Apple Inc.,Apple Inc.,Technology,Consumer Electronics,247.96,3748113678336.0,134660997120.0,0.061,Cupertino,CA,United States,164000.0,0.0660914004924592
2024-08-05,AAPL,208.79833984375,209.2700042724609,213.5,196.0,199.08999633789065,119548600.0,NMS,Apple Inc.,Apple Inc.,Technology,Consumer Electronics,247.96,3748113678336.0,134660997120.0,0.061,Cupertino,CA,United States,164000.0,0.0660914004924592
2024-08-06,AAPL,206.76292419433597,207.22999572753903,209.9900054931641,201.07000732421875,205.3000030517578,69660500.0,NMS,Apple Inc.,Apple Inc.,Technology,Consumer Electronics,247.96,3748113678336.0,134660997120.0,0.061,Cupertino,CA,United States,164000.0,0.0660914004924592
2024-08-07,AAPL,209.34710693359372,209.82000732421875,213.63999938964844,206.38999938964844,206.8999938964844,63516400.0,NMS,Apple Inc.,Apple Inc.,Technology,Consumer Electronics,247.96,3748113678336.0,134660997120.0,0.061,Cupertino,CA,United States,164000.0,0.0660914004924592
2024-08-08,AAPL,212.8292236328125,213.30999755859372,214.1999969482422,208.8300018310547,213.1100006103516,47161100.0,NMS,Apple Inc.,Apple Inc.,Technology,Consumer Electronics,247.96,3748113678336.0,134660997120.0,0.061,Cupertino,CA,United States,164000.0,0.0660914004924592
2024-08-09,AAPL,215.7526397705078,216.2400054931641,216.77999877929688,211.97000122070312,212.1000061035156,42201600.0,NMS,Apple Inc.,Apple Inc.,Technology,Consumer Electronics,247.96,3748113678336.0,134660997120.0,0.061,Cupertino,CA,United States,164000.0,0.0660914004924592
2024-08-12,AAPL,217.2909393310547,217.52999877929688,219.50999450683597,215.6000061035156,216.07000732421875,38028100.0,NMS,Apple Inc.,Apple Inc.,Technology,Consumer Electronics,247.96,3748113678336.0,134660997120.0,0.061,Cupertino,CA,United States,164000.0,0.0660914004924592
2024-08-13,AAPL,221.02682495117188,221.2700042724609,221.88999938964844,219.00999450683597,219.00999450683597,44155300.0,NMS,Apple Inc.,Apple Inc.,Technology,Consumer Electronics,247.96,3748113678336.0,134660997120.0,0.061,Cupertino,CA,United States,164000.0,0.0660914004924592
2024-08-14,AAPL,221.4763336181641,221.72000122070312,223.02999877929688,219.6999969482422,220.57000732421875,41960600.0,NMS,Apple Inc.,Apple Inc.,Technology,Consumer Electronics,247.96,3748113678336.0,134660997120.0,0.061,Cupertino,CA,United States,164000.0,0.0660914004924592
2024-08-15,AAPL,224.47303771972656,224.72000122070312,225.3500061035156,222.75999450683597,224.6000061035156,46414000.0,NMS,Apple Inc.,Apple Inc.,Technology,Consumer Electronics,247.96,3748113678336.0,134660997120.0,0.061,Cupertino,CA,United States,164000.0,0.0660914004924592
2024-08-16,AAPL,225.80157470703125,226.0500030517578,226.8300018310547,223.6499938964844,223.9199981689453,44340200.0,NMS,Apple Inc.,Apple Inc.,Technology,Consumer Electronics,247.96,3748113678336.0,134660997120.0,0.061,Cupertino,CA,United States,164000.0,0.0660914004924592
2024-08-19,AAPL,225.64175415039065,225.88999938964844,225.9900054931641,223.0399932861328,225.72000122070312,40687800.0,NMS,Apple Inc.,Apple Inc.,Technology,Consumer Electronics,247.96,3748113678336.0,134660997120.0,0.061,Cupertino,CA,United States,164000.0,0.0660914004924592
2024-08-20,AAPL,226.2610626220703,226.50999450683597,227.1699981689453,225.4499969482422,225.7700042724609,30299000.0,NMS,Apple Inc.,Apple Inc.,Technology,Consumer Electronics,247.96,3748113678336.0,134660997120.0,0.061,Cupertino,CA,United States,164000.0,0.0660914004924592
2024-08-21,AAPL,226.15118408203125,226.3999938964844,227.97999572753903,225.0500030517578,226.5200042724609,34765500.0,NMS,Apple Inc.,Apple Inc.,Technology,Consumer Electronics,247.96,3748113678336.0,134660997120.0,0.061,Cupertino,CA,United States,164000.0,0.0660914004924592
2024-08-22,AAPL,224.2832489013672,224.52999877929688,228.33999633789065,223.8999938964844,227.7899932861328,43695300.0,NMS,Apple Inc.,Apple Inc.,Technology,Consumer Electronics,247.96,3748113678336.0,134660997120.0,0.061,Cupertino,CA,United States,164000.0,0.0660914004924592
2024-08-23,AAPL,226.5906982421875,226.83999633789065,228.22000122070312,224.3300018310547,225.66000366210935,38677300.0,NMS,Apple Inc.,Apple Inc.,Technology,Consumer Electronics,247.96,3748113678336.0,134660997120.0,0.061,Cupertino,CA,United States,164000.0,0.0660914004924592
2024-08-26,AAPL,226.93032836914065,227.17999267578125,227.27999877929688,223.88999938964844,226.75999450683597,30602200.0,NMS,Apple Inc.,Apple Inc.,Technology,Consumer Electronics,247.96,3748113678336.0,134660997120.0,0.061,Cupertino,CA,United States,164000.0,0.0660914004924592
2024-08-27,AAPL,227.7793884277344,228.02999877929688,228.8500061035156,224.88999938964844,226.0,35934600.0,NMS,Apple Inc.,Apple Inc.,Technology,Consumer Electronics,247.96,3748113678336.0,134660997120.0,0.061,Cupertino,CA,United States,164000.0,0.0660914004924592
2024-08-28,AAPL,226.2410888671875,226.4900054931641,229.8600006103516,225.67999267578125,227.9199981689453,38052200.0,NMS,Apple Inc.,Apple Inc.,Technology,Consumer Electronics,247.96,3748113678336.0,134660997120.0,0.061,Cupertino,CA,United States,164000.0,0.0660914004924592
2024-08-29,AAPL,229.53746032714844,229.7899932861328,232.9199981689453,228.8800048828125,230.1000061035156,51906300.0,NMS,Apple Inc.,Apple Inc.,Technology,Consumer Electronics,247.96,3748113678336.0,134660997120.0,0.061,Cupertino,CA,United States,164000.0,0.0660914004924592
2024-08-30,AAPL,228.7483367919922,229.0,230.3999938964844,227.47999572753903,230.19000244140625,52990800.0,NMS,Apple Inc.,Apple Inc.,Technology,Consumer Electronics,247.96,3748113678336.0,134660997120.0,0.061,Cupertino,CA,United States,164000.0,0.0660914004924592
2024-09-03,AAPL,222.52517700195312,222.7700042724609,229.0,221.1699981689453,228.5500030517578,50190600.0,NMS,Apple Inc.,Apple Inc.,Technology,Consumer Electronics,247.96,3748113678336.0,134660997120.0,0.061,Cupertino,CA,United States,164000.0,0.0660914004924592
2024-09-04,AAPL,220.6072998046875,220.8500061035156,221.77999877929688,217.47999572753903,221.66000366210935,43840200.0,NMS,Apple Inc.,Apple Inc.,Technology,Consumer Electronics,247.96,3748113678336.0,134660997120.0,0.061,Cupertino,CA,United States,164000.0,0.0660914004924592
2024-09-05,AAPL,222.13560485839844,222.3800048828125,225.47999572753903,221.5200042724609,221.6300048828125,36615400.0,NMS,Apple Inc.,Apple Inc.,Technology,Consumer Electronics,247.96,3748113678336.0,134660997120.0,0.061,Cupertino,CA,United States,164000.0,0.0660914004924592
2024-09-06,AAPL,220.57733154296875,220.82000732421875,225.2400054931641,219.7700042724609,223.9499969482422,48423000.0,NMS,Apple Inc.,Apple Inc.,Technology,Consumer Electronics,247.96,3748113678336.0,134660997120.0,0.061,Cupertino,CA,United States,164000.0,0.0660914004924592
2024-09-09,AAPL,220.66722106933597,220.91000366210935,221.2700042724609,216.7100067138672,220.82000732421875,67180000.0,NMS,Apple Inc.,Apple Inc.,Technology,Consumer Electronics,247.96,3748113678336.0,134660997120.0,0.061,Cupertino,CA,United States,164000.0,0.0660914004924592
2024-09-10,AAPL,219.86810302734372,220.1100006103516,221.47999572753903,216.72999572753903,218.9199981689453,51591000.0,NMS,Apple Inc.,Apple Inc.,Technology,Consumer Electronics,247.96,3748113678336.0,134660997120.0,0.061,Cupertino,CA,United States,164000.0,0.0660914004924592
2024-09-11,AAPL,222.4152984619141,222.66000366210935,223.08999633789065,217.88999938964844,221.4600067138672,44587100.0,NMS,Apple Inc.,Apple Inc.,Technology,Consumer Electronics,247.96,3748113678336.0,134660997120.0,0.061,Cupertino,CA,United States,164000.0,0.0660914004924592
2024-09-12,AAPL,222.52517700195312,222.7700042724609,223.5500030517578,219.82000732421875,222.5,37498200.0,NMS,Apple Inc.,Apple Inc.,Technology,Consumer Electronics,247.96,3748113678336.0,134660997120.0,0.061,Cupertino,CA,United States,164000.0,0.0660914004924592
2024-09-13,AAPL,222.25547790527344,222.5,224.0399932861328,221.91000366210935,223.5800018310547,36766600.0,NMS,Apple Inc.,Apple Inc.,Technology,Consumer Electronics,247.96,3748113678336.0,134660997120.0,0.061,Cupertino,CA,United States,164000.0,0.0660914004924592
2024-09-16,AAPL,216.082275390625,216.32000732421875,217.22000122070312,213.9199981689453,216.5399932861328,59357400.0,NMS,Apple Inc.,Apple Inc.,Technology,Consumer Electronics,247.96,3748113678336.0,134660997120.0,0.061,Cupertino,CA,United States,164000.0,0.0660914004924592
2024-09-17,AAPL,216.5517425537109,216.7899932861328,216.8999938964844,214.5,215.75,45519300.0,NMS,Apple Inc.,Apple Inc.,Technology,Consumer Electronics,247.96,3748113678336.0,134660997120.0,0.061,Cupertino,CA,United States,164000.0,0.0660914004924592
2024-09-18,AAPL,220.4474639892578,220.69000244140625,222.7100067138672,217.5399932861328,217.5500030517578,59894900.0,NMS,Apple Inc.,Apple Inc.,Technology,Consumer Electronics,247.96,3748113678336.0,134660997120.0,0.061,Cupertino,CA,United States,164000.0,0.0660914004924592
2024-09-19,AAPL,228.61846923828125,228.8699951171875,229.82000732421875,224.6300048828125,224.9900054931641,66781300.0,NMS,Apple Inc.,Apple Inc.,Technology,Consumer Electronics,247.96,3748113678336.0,134660997120.0,0.061,Cupertino,CA,United States,164000.0,0.0660914004924592
2024-09-20,AAPL,227.9492034912109,228.1999969482422,233.08999633789065,227.6199951171875,229.97000122070312,318679900.0,NMS,Apple Inc.,Apple Inc.,Technology,Consumer Electronics,247.96,3748113678336.0,134660997120.0,0.061,Cupertino,CA,United States,164000.0,0.0660914004924592
2024-09-23,AAPL,226.2211151123047,226.47000122070312,229.4499969482422,225.80999755859372,227.33999633789065,54146000.0,NMS,Apple Inc.,Apple Inc.,Technology,Consumer Electronics,247.96,3748113678336.0,134660997120.0,0.061,Cupertino,CA,United States,164000.0,0.0660914004924592
2024-09-24,AAPL,227.1201171875,227.3699951171875,229.3500061035156,225.72999572753903,228.6499938964844,43556100.0,NMS,Apple Inc.,Apple Inc.,Technology,Consumer Electronics,247.96,3748113678336.0,134660997120.0,0.061,Cupertino,CA,United States,164000.0,0.0660914004924592
2024-09-25,AAPL,226.1212158203125,226.3699951171875,227.2899932861328,224.0200042724609,224.92999267578125,42308700.0,NMS,Apple Inc.,Apple Inc.,Technology,Consumer Electronics,247.96,3748113678336.0,134660997120.0,0.061,Cupertino,CA,United States,164000.0,0.0660914004924592
2024-09-26,AAPL,227.26995849609372,227.5200042724609,228.5,225.41000366210935,227.3000030517578,36636700.0,NMS,Apple Inc.,Apple Inc.,Technology,Consumer Electronics,247.96,3748113678336.0,134660997120.0,0.061,Cupertino,CA,United States,164000.0,0.0660914004924592
2024-09-27,AAPL,227.53965759277344,227.7899932861328,229.5200042724609,227.3000030517578,228.4600067138672,34026000.0,NMS,Apple Inc.,Apple Inc.,Technology,Consumer Electronics,247.96,3748113678336.0,134660997120.0,0.061,Cupertino,CA,United States,164000.0,0.0660914004924592
2024-09-30,AAPL,232.7439422607422,233.0,233.0,229.6499938964844,230.0399932861328,54541900.0,NMS,Apple Inc.,Apple Inc.,Technology,Consumer Electronics,247.96,3748113678336.0,134660997120.0,0.061,Cupertino,CA,United States,164000.0,0.0660914004924592
2024-10-01,AAPL,225.9614105224609,226.2100067138672,229.6499938964844,223.7400054931641,229.5200042724609,63285000.0,NMS,Apple Inc.,Apple Inc.,Technology,Consumer Electronics,247.96,3748113678336.0,134660997120.0,0.061,Cupertino,CA,United States,164000.0,0.0660914004924592
2024-10-02,AAPL,226.53077697753903,226.77999877929688,227.3699951171875,223.0200042724609,225.88999938964844,32880600.0,NMS,Apple Inc.,Apple Inc.,Technology,Consumer Electronics,247.96,3748113678336.0,134660997120.0,0.061,Cupertino,CA,United States,164000.0,0.0660914004924592
2024-10-03,AAPL,225.42198181152344,225.6699981689453,226.80999755859372,223.32000732421875,225.13999938964844,34044200.0,NMS,Apple Inc.,Apple Inc.,Technology,Consumer Electronics,247.96,3748113678336.0,134660997120.0,0.061,Cupertino,CA,United States,164000.0,0.0660914004924592
2024-10-04,AAPL,226.55075073242188,226.8000030517578,228.0,224.1300048828125,227.8999938964844,37245100.0,NMS,Apple Inc.,Apple Inc.,Technology,Consumer Electronics,247.96,3748113678336.0,134660997120.0,0.061,Cupertino,CA,United States,164000.0,0.0660914004924592
2024-10-07,AAPL,221.4463653564453,221.69000244140625,225.69000244140625,221.3300018310547,224.5,39505400.0,NMS,Apple Inc.,Apple Inc.,Technology,Consumer Electronics,247.96,3748113678336.0,134660997120.0,0.061,Cupertino,CA,United States,164000.0,0.0660914004924592
2024-10-08,AAPL,225.5218811035156,225.7700042724609,225.97999572753903,223.25,224.3000030517578,31855700.0,NMS,Apple Inc.,Apple Inc.,Technology,Consumer Electronics,247.96,3748113678336.0,134660997120.0,0.061,Cupertino,CA,United States,164000.0,0.0660914004924592
2024-10-09,AAPL,229.2877349853516,229.5399932861328,229.75,224.8300018310547,225.22999572753903,33591100.0,NMS,Apple Inc.,Apple Inc.,Technology,Consumer Electronics,247.96,3748113678336.0,134660997120.0,0.061,Cupertino,CA,United States,164000.0,0.0660914004924592
2024-10-10,AAPL,228.7882843017578,229.0399932861328,229.5,227.1699981689453,227.77999877929688,28183500.0,NMS,Apple Inc.,Apple Inc.,Technology,Consumer Electronics,247.96,3748113678336.0,134660997120.0,0.061,Cupertino,CA,United States,164000.0,0.0660914004924592
2024-10-11,AAPL,227.2999267578125,227.5500030517578,229.41000366210935,227.33999633789065,229.3000030517578,31759200.0,NMS,Apple Inc.,Apple Inc.,Technology,Consumer Electronics,247.96,3748113678336.0,134660997120.0,0.061,Cupertino,CA,United States,164000.0,0.0660914004924592
2024-10-14,AAPL,231.0458068847656,231.3000030517578,231.72999572753903,228.6000061035156,228.6999969482422,39882100.0,NMS,Apple Inc.,Apple Inc.,Technology,Consumer Electronics,247.96,3748113678336.0,134660997120.0,0.061,Cupertino,CA,United States,164000.0,0.0660914004924592
2024-10-15,AAPL,233.59300231933597,233.8500061035156,237.4900054931641,232.3699951171875,233.6100006103516,64751400.0,NMS,Apple Inc.,Apple Inc.,Technology,Consumer Electronics,247.96,3748113678336.0,134660997120.0,0.061,Cupertino,CA,United States,164000.0,0.0660914004924592
2024-10-16,AAPL,231.5252685546875,231.77999877929688,232.1199951171875,229.83999633789065,231.6000061035156,34082200.0,NMS,Apple Inc.,Apple Inc.,Technology,Consumer Electronics,247.96,3748113678336.0,134660997120.0,0.061,Cupertino,CA,United States,164000.0,0.0660914004924592
2024-10-17,AAPL,231.89486694335935,232.1499938964844,233.8500061035156,230.5200042724609,233.42999267578125,32993800.0,NMS,Apple Inc.,Apple Inc.,Technology,Consumer Electronics,247.96,3748113678336.0,134660997120.0,0.061,Cupertino,CA,United States,164000.0,0.0660914004924592
2024-10-18,AAPL,234.74172973632807,235.0,236.17999267578125,234.00999450683597,236.17999267578125,46431500.0,NMS,Apple Inc.,Apple Inc.,Technology,Consumer Electronics,247.96,3748113678336.0,134660997120.0,0.061,Cupertino,CA,United States,164000.0,0.0660914004924592
2024-10-21,AAPL,236.22010803222656,236.47999572753903,236.8500061035156,234.4499969482422,234.4499969482422,36254500.0,NMS,Apple Inc.,Apple Inc.,Technology,Consumer Electronics,247.96,3748113678336.0,134660997120.0,0.061,Cupertino,CA,United States,164000.0,0.0660914004924592
2024-10-22,AAPL,235.60079956054688,235.8600006103516,236.22000122070312,232.6000061035156,233.88999938964844,38846600.0,NMS,Apple Inc.,Apple Inc.,Technology,Consumer Electronics,247.96,3748113678336.0,134660997120.0,0.061,Cupertino,CA,United States,164000.0,0.0660914004924592
2024-10-23,AAPL,230.5063934326172,230.75999450683597,235.13999938964844,227.75999450683597,234.0800018310547,52287000.0,NMS,Apple Inc.,Apple Inc.,Technology,Consumer Electronics,247.96,3748113678336.0,134660997120.0,0.061,Cupertino,CA,United States,164000.0,0.0660914004924592
2024-10-24,AAPL,230.31661987304688,230.57000732421875,230.82000732421875,228.41000366210935,229.97999572753903,31109500.0,NMS,Apple Inc.,Apple Inc.,Technology,Consumer Electronics,247.96,3748113678336.0,134660997120.0,0.061,Cupertino,CA,United States,164000.0,0.0660914004924592
2024-10-25,AAPL,231.1556854248047,231.41000366210935,233.22000122070312,229.57000732421875,229.7400054931641,38802300.0,NMS,Apple Inc.,Apple Inc.,Technology,Consumer Electronics,247.96,3748113678336.0,134660997120.0,0.061,Cupertino,CA,United States,164000.0,0.0660914004924592
2024-10-28,AAPL,233.14349365234372,233.3999938964844,234.72999572753903,232.5500030517578,233.32000732421875,36087100.0,NMS,Apple Inc.,Apple Inc.,Technology,Consumer Electronics,247.96,3748113678336.0,134660997120.0,0.061,Cupertino,CA,United States,164000.0,0.0660914004924592
2024-10-29,AAPL,233.41319274902344,233.6699981689453,234.3300018310547,232.32000732421875,233.1000061035156,35417200.0,NMS,Apple Inc.,Apple Inc.,Technology,Consumer Electronics,247.96,3748113678336.0,134660997120.0,0.061,Cupertino,CA,United States,164000.0,0.0660914004924592
2024-10-30,AAPL,229.8471221923828,230.1000061035156,233.47000122070312,229.5500030517578,232.6100006103516,47070900.0,NMS,Apple Inc.,Apple Inc.,Technology,Consumer Electronics,247.96,3748113678336.0,134660997120.0,0.061,Cupertino,CA,United States,164000.0,0.0660914004924592
2024-10-31,AAPL,225.66172790527344,225.91000366210935,229.8300018310547,225.3699951171875,229.33999633789065,64370100.0,NMS,Apple Inc.,Apple Inc.,Technology,Consumer Electronics,247.96,3748113678336.0,134660997120.0,0.061,Cupertino,CA,United States,164000.0,0.0660914004924592
2024-11-01,AAPL,222.6650238037109,222.91000366210935,225.3500061035156,220.2700042724609,220.97000122070312,65276700.0,NMS,Apple Inc.,Apple Inc.,Technology,Consumer Electronics,247.96,3748113678336.0,134660997120.0,0.061,Cupertino,CA,United States,164000.0,0.0660914004924592
2024-11-04,AAPL,221.76600646972656,222.00999450683597,222.7899932861328,219.7100067138672,220.9900054931641,44944500.0,NMS,Apple Inc.,Apple Inc.,Technology,Consumer Electronics,247.96,3748113678336.0,134660997120.0,0.061,Cupertino,CA,United States,164000.0,0.0660914004924592
2024-11-05,AAPL,223.2044219970703,223.4499969482422,223.9499969482422,221.13999938964844,221.8000030517578,28111300.0,NMS,Apple Inc.,Apple Inc.,Technology,Consumer Electronics,247.96,3748113678336.0,134660997120.0,0.061,Cupertino,CA,United States,164000.0,0.0660914004924592
2024-11-06,AAPL,222.4752349853516,222.72000122070312,226.07000732421875,221.19000244140625,222.6100006103516,54561100.0,NMS,Apple Inc.,Apple Inc.,Technology,Consumer Electronics,247.96,3748113678336.0,134660997120.0,0.061,Cupertino,CA,United States,164000.0,0.0660914004924592
2024-11-07,AAPL,227.22999572753903,227.47999572753903,227.8800048828125,224.57000732421875,224.6300048828125,42137700.0,NMS,Apple Inc.,Apple Inc.,Technology,Consumer Electronics,247.96,3748113678336.0,134660997120.0,0.061,Cupertino,CA,United States,164000.0,0.0660914004924592
2024-11-08,AAPL,226.9600067138672,226.9600067138672,228.66000366210935,226.41000366210935,227.1699981689453,38328800.0,NMS,Apple Inc.,Apple Inc.,Technology,Consumer Electronics,247.96,3748113678336.0,134660997120.0,0.061,Cupertino,CA,United States,164000.0,0.0660914004924592
2024-11-11,AAPL,224.22999572753903,224.22999572753903,225.6999969482422,221.5,225.0,42005600.0,NMS,Apple Inc.,Apple Inc.,Technology,Consumer Electronics,247.96,3748113678336.0,134660997120.0,0.061,Cupertino,CA,United States,164000.0,0.0660914004924592
2024-11-12,AAPL,224.22999572753903,224.22999572753903,225.58999633789065,223.3600006103516,224.5500030517578,40398300.0,NMS,Apple Inc.,Apple Inc.,Technology,Consumer Electronics,247.96,3748113678336.0,134660997120.0,0.061,Cupertino,CA,United States,164000.0,0.0660914004924592
2024-11-13,AAPL,225.1199951171875,225.1199951171875,226.6499938964844,222.75999450683597,224.00999450683597,48566200.0,NMS,Apple Inc.,Apple Inc.,Technology,Consumer Electronics,247.96,3748113678336.0,134660997120.0,0.061,Cupertino,CA,United States,164000.0,0.0660914004924592
2024-11-14,AAPL,228.22000122070312,228.22000122070312,228.8699951171875,225.0,225.0200042724609,44923900.0,NMS,Apple Inc.,Apple Inc.,Technology,Consumer Electronics,247.96,3748113678336.0,134660997120.0,0.061,Cupertino,CA,United States,164000.0,0.0660914004924592
2024-11-15,AAPL,225.0,225.0,226.9199981689453,224.2700042724609,226.3999938964844,47923700.0,NMS,Apple Inc.,Apple Inc.,Technology,Consumer Electronics,247.96,3748113678336.0,134660997120.0,0.061,Cupertino,CA,United States,164000.0,0.0660914004924592
2024-11-18,AAPL,228.0200042724609,228.0200042724609,229.7400054931641,225.1699981689453,225.25,44686000.0,NMS,Apple Inc.,Apple Inc.,Technology,Consumer Electronics,247.96,3748113678336.0,134660997120.0,0.061,Cupertino,CA,United States,164000.0,0.0660914004924592
2024-11-19,AAPL,228.27999877929688,228.27999877929688,230.16000366210935,226.66000366210935,226.97999572753903,36211800.0,NMS,Apple Inc.,Apple Inc.,Technology,Consumer Electronics,247.96,3748113678336.0,134660997120.0,0.061,Cupertino,CA,United States,164000.0,0.0660914004924592
2024-11-20,AAPL,229.0,229.0,229.92999267578125,225.88999938964844,228.05999755859372,35169600.0,NMS,Apple Inc.,Apple Inc.,Technology,Consumer Electronics,247.96,3748113678336.0,134660997120.0,0.061,Cupertino,CA,United States,164000.0,0.0660914004924592
2024-11-21,AAPL,228.5200042724609,228.5200042724609,230.16000366210935,225.7100067138672,228.8800048828125,42108300.0,NMS,Apple Inc.,Apple Inc.,Technology,Consumer Electronics,247.96,3748113678336.0,134660997120.0,0.061,Cupertino,CA,United States,164000.0,0.0660914004924592
2024-11-22,AAPL,229.8699951171875,229.8699951171875,230.72000122070312,228.05999755859372,228.05999755859372,38168300.0,NMS,Apple Inc.,Apple Inc.,Technology,Consumer Electronics,247.96,3748113678336.0,134660997120.0,0.061,Cupertino,CA,United States,164000.0,0.0660914004924592
2024-11-25,AAPL,232.8699951171875,232.8699951171875,233.25,229.7400054931641,231.4600067138672,90152800.0,NMS,Apple Inc.,Apple Inc.,Technology,Consumer Electronics,247.96,3748113678336.0,134660997120.0,0.061,Cupertino,CA,United States,164000.0,0.0660914004924592
2024-11-26,AAPL,235.05999755859372,235.05999755859372,235.57000732421875,233.3300018310547,233.3300018310547,45986200.0,NMS,Apple Inc.,Apple Inc.,Technology,Consumer Electronics,247.96,3748113678336.0,134660997120.0,0.061,Cupertino,CA,United States,164000.0,0.0660914004924592
2024-11-27,AAPL,234.92999267578125,234.92999267578125,235.69000244140625,233.80999755859372,234.47000122070312,33498400.0,NMS,Apple Inc.,Apple Inc.,Technology,Consumer Electronics,247.96,3748113678336.0,134660997120.0,0.061,Cupertino,CA,United States,164000.0,0.0660914004924592
2024-11-29,AAPL,237.3300018310547,237.3300018310547,237.80999755859372,233.97000122070312,234.80999755859372,28481400.0,NMS,Apple Inc.,Apple Inc.,Technology,Consumer Electronics,247.96,3748113678336.0,134660997120.0,0.061,Cupertino,CA,United States,164000.0,0.0660914004924592
2024-12-02,AAPL,239.58999633789065,239.58999633789065,240.7899932861328,237.16000366210935,237.2700042724609,48137100.0,NMS,Apple Inc.,Apple Inc.,Technology,Consumer Electronics,247.96,3748113678336.0,134660997120.0,0.061,Cupertino,CA,United States,164000.0,0.0660914004924592
2024-12-03,AAPL,242.6499938964844,242.6499938964844,242.75999450683597,238.8999938964844,239.80999755859372,38861000.0,NMS,Apple Inc.,Apple Inc.,Technology,Consumer Electronics,247.96,3748113678336.0,134660997120.0,0.061,Cupertino,CA,United States,164000.0,0.0660914004924592
2024-12-04,AAPL,243.00999450683597,243.00999450683597,244.1100006103516,241.25,242.8699951171875,44383900.0,NMS,Apple Inc.,Apple Inc.,Technology,Consumer Electronics,247.96,3748113678336.0,134660997120.0,0.061,Cupertino,CA,United States,164000.0,0.0660914004924592
2024-12-05,AAPL,243.0399932861328,243.0399932861328,244.5399932861328,242.1300048828125,243.9900054931641,40033900.0,NMS,Apple Inc.,Apple Inc.,Technology,Consumer Electronics,247.96,3748113678336.0,134660997120.0,0.061,Cupertino,CA,United States,164000.0,0.0660914004924592
2024-12-06,AAPL,242.83999633789065,242.83999633789065,244.6300048828125,242.0800018310547,242.91000366210935,36870600.0,NMS,Apple Inc.,Apple Inc.,Technology,Consumer Electronics,247.96,3748113678336.0,134660997120.0,0.061,Cupertino,CA,United States,164000.0,0.0660914004924592
2024-12-09,AAPL,246.75,246.75,247.2400054931641,241.75,241.8300018310547,44649200.0,NMS,Apple Inc.,Apple Inc.,Technology,Consumer Electronics,247.96,3748113678336.0,134660997120.0,0.061,Cupertino,CA,United States,164000.0,0.0660914004924592
2024-12-10,AAPL,247.7700042724609,247.7700042724609,248.2100067138672,245.33999633789065,246.88999938964844,36914800.0,NMS,Apple Inc.,Apple Inc.,Technology,Consumer Electronics,247.96,3748113678336.0,134660997120.0,0.061,Cupertino,CA,United States,164000.0,0.0660914004924592
2024-12-11,AAPL,246.4900054931641,246.4900054931641,250.8000030517578,246.25999450683597,247.9600067138672,45205800.0,NMS,Apple Inc.,Apple Inc.,Technology,Consumer Electronics,247.96,3748113678336.0,134660997120.0,0.061,Cupertino,CA,United States,164000.0,0.0660914004924592
2024-12-12,AAPL,247.9600067138672,247.9600067138672,248.7400054931641,245.67999267578125,246.94500732421875,29983256.0,NMS,Apple Inc.,Apple Inc.,Technology,Consumer Electronics,247.96,3748113678336.0,134660997120.0,0.061,Cupertino,CA,United States,164000.0,0.0660914004924592
2024-01-02,BRK-B,362.4599914550781,362.4599914550781,362.5700073242188,355.94000244140625,356.32000732421875,4737000.0,NYQ,Berkshire Hathaway Inc. New,Berkshire Hathaway Inc.,Financial Services,Insurance - Diversified,458.63,988214657024.0,149547008000.0,-0.002,Omaha,NE,United States,396500.0,0.0174254295026845
2024-01-03,BRK-B,366.75,366.75,367.8500061035156,361.0700073242188,362.0799865722656,4321800.0,NYQ,Berkshire Hathaway Inc. New,Berkshire Hathaway Inc.,Financial Services,Insurance - Diversified,458.63,988214657024.0,149547008000.0,-0.002,Omaha,NE,United States,396500.0,0.0174254295026845
2024-01-04,BRK-B,363.6799926757813,363.6799926757813,369.3699951171875,363.4100036621094,367.4100036621094,4142800.0,NYQ,Berkshire Hathaway Inc. New,Berkshire Hathaway Inc.,Financial Services,Insurance - Diversified,458.63,988214657024.0,149547008000.0,-0.002,Omaha,NE,United States,396500.0,0.0174254295026845
2024-01-05,BRK-B,365.5899963378906,365.5899963378906,366.2999877929688,364.1900024414063,364.8299865722656,2965200.0,NYQ,Berkshire Hathaway Inc. New,Berkshire Hathaway Inc.,Financial Services,Insurance - Diversified,458.63,988214657024.0,149547008000.0,-0.002,Omaha,NE,United States,396500.0,0.0174254295026845
2024-01-08,BRK-B,368.1799926757813,368.1799926757813,368.2999877929688,364.2000122070313,366.010009765625,3445700.0,NYQ,Berkshire Hathaway Inc. New,Berkshire Hathaway Inc.,Financial Services,Insurance - Diversified,458.63,988214657024.0,149547008000.0,-0.002,Omaha,NE,United States,396500.0,0.0174254295026845
2024-01-09,BRK-B,366.8999938964844,366.8999938964844,368.0,364.7699890136719,368.0,2998800.0,NYQ,Berkshire Hathaway Inc. New,Berkshire Hathaway Inc.,Financial Services,Insurance - Diversified,458.63,988214657024.0,149547008000.0,-0.002,Omaha,NE,United States,396500.0,0.0174254295026845
2024-01-10,BRK-B,367.9200134277344,367.9200134277344,368.8299865722656,365.75,366.260009765625,2448100.0,NYQ,Berkshire Hathaway Inc. New,Berkshire Hathaway Inc.,Financial Services,Insurance - Diversified,458.63,988214657024.0,149547008000.0,-0.002,Omaha,NE,United States,396500.0,0.0174254295026845
2024-01-11,BRK-B,363.3399963378906,363.3399963378906,367.8900146484375,362.1300048828125,367.80999755859375,3577800.0,NYQ,Berkshire Hathaway Inc. New,Berkshire Hathaway Inc.,Financial Services,Insurance - Diversified,458.63,988214657024.0,149547008000.0,-0.002,Omaha,NE,United States,396500.0,0.0174254295026845
2024-01-12,BRK-B,363.6199951171875,363.6199951171875,366.8500061035156,362.5700073242188,366.510009765625,2623100.0,NYQ,Berkshire Hathaway Inc. New,Berkshire Hathaway Inc.,Financial Services,Insurance - Diversified,458.63,988214657024.0,149547008000.0,-0.002,Omaha,NE,United States,396500.0,0.0174254295026845
2024-01-16,BRK-B,361.1000061035156,361.1000061035156,363.6000061035156,359.8900146484375,362.9400024414063,3046500.0,NYQ,Berkshire Hathaway Inc. New,Berkshire Hathaway Inc.,Financial Services,Insurance - Diversified,458.63,988214657024.0,149547008000.0,-0.002,Omaha,NE,United States,396500.0,0.0174254295026845
2024-01-17,BRK-B,359.2900085449219,359.2900085449219,362.5299987792969,357.9800109863281,359.010009765625,2550300.0,NYQ,Berkshire Hathaway Inc. New,Berkshire Hathaway Inc.,Financial Services,Insurance - Diversified,458.63,988214657024.0,149547008000.0,-0.002,Omaha,NE,United States,396500.0,0.0174254295026845
2024-01-18,BRK-B,362.3800048828125,362.3800048828125,362.6400146484375,358.29998779296875,359.25,3007800.0,NYQ,Berkshire Hathaway Inc. New,Berkshire Hathaway Inc.,Financial Services,Insurance - Diversified,458.63,988214657024.0,149547008000.0,-0.002,Omaha,NE,United States,396500.0,0.0174254295026845
2024-01-19,BRK-B,366.989990234375,366.989990234375,368.30999755859375,361.0199890136719,362.25,4063700.0,NYQ,Berkshire Hathaway Inc. New,Berkshire Hathaway Inc.,Financial Services,Insurance - Diversified,458.63,988214657024.0,149547008000.0,-0.002,Omaha,NE,United States,396500.0,0.0174254295026845
2024-01-22,BRK-B,368.05999755859375,368.05999755859375,369.2699890136719,366.5299987792969,368.0499877929688,3552500.0,NYQ,Berkshire Hathaway Inc. New,Berkshire Hathaway Inc.,Financial Services,Insurance - Diversified,458.63,988214657024.0,149547008000.0,-0.002,Omaha,NE,United States,396500.0,0.0174254295026845
2024-01-23,BRK-B,372.1400146484375,372.1400146484375,372.4200134277344,367.7099914550781,368.0199890136719,2896300.0,NYQ,Berkshire Hathaway Inc. New,Berkshire Hathaway Inc.,Financial Services,Insurance - Diversified,458.63,988214657024.0,149547008000.0,-0.002,Omaha,NE,United States,396500.0,0.0174254295026845
2024-01-24,BRK-B,376.5899963378906,376.5899963378906,377.7900085449219,372.0299987792969,372.5299987792969,4589300.0,NYQ,Berkshire Hathaway Inc. New,Berkshire Hathaway Inc.,Financial Services,Insurance - Diversified,458.63,988214657024.0,149547008000.0,-0.002,Omaha,NE,United States,396500.0,0.0174254295026845
2024-01-25,BRK-B,380.8500061035156,380.8500061035156,380.989990234375,377.8900146484375,379.239990234375,4055800.0,NYQ,Berkshire Hathaway Inc. New,Berkshire Hathaway Inc.,Financial Services,Insurance - Diversified,458.63,988214657024.0,149547008000.0,-0.002,Omaha,NE,United States,396500.0,0.0174254295026845
2024-01-26,BRK-B,385.3999938964844,385.3999938964844,385.7300109863281,380.0,381.0499877929688,3621400.0,NYQ,Berkshire Hathaway Inc. New,Berkshire Hathaway Inc.,Financial Services,Insurance - Diversified,458.63,988214657024.0,149547008000.0,-0.002,Omaha,NE,United States,396500.0,0.0174254295026845
2024-01-29,BRK-B,383.1799926757813,383.1799926757813,385.7000122070313,379.1700134277344,385.489990234375,3797400.0,NYQ,Berkshire Hathaway Inc. New,Berkshire Hathaway Inc.,Financial Services,Insurance - Diversified,458.63,988214657024.0,149547008000.0,-0.002,Omaha,NE,United States,396500.0,0.0174254295026845
2024-01-30,BRK-B,387.1499938964844,387.1499938964844,387.6400146484375,380.0799865722656,383.239990234375,3090900.0,NYQ,Berkshire Hathaway Inc. New,Berkshire Hathaway Inc.,Financial Services,Insurance - Diversified,458.63,988214657024.0,149547008000.0,-0.002,Omaha,NE,United States,396500.0,0.0174254295026845
2024-01-31,BRK-B,383.739990234375,383.739990234375,387.9200134277344,383.5499877929688,386.5299987792969,3856400.0,NYQ,Berkshire Hathaway Inc. New,Berkshire Hathaway Inc.,Financial Services,Insurance - Diversified,458.63,988214657024.0,149547008000.0,-0.002,Omaha,NE,United States,396500.0,0.0174254295026845
2024-02-01,BRK-B,386.4400024414063,386.4400024414063,386.5499877929688,381.4800109863281,384.0,2947100.0,NYQ,Berkshire Hathaway Inc. New,Berkshire Hathaway Inc.,Financial Services,Insurance - Diversified,458.63,988214657024.0,149547008000.0,-0.002,Omaha,NE,United States,396500.0,0.0174254295026845
2024-02-02,BRK-B,390.75,390.75,392.0700073242188,386.4400024414063,386.6799926757813,3806800.0,NYQ,Berkshire Hathaway Inc. New,Berkshire Hathaway Inc.,Financial Services,Insurance - Diversified,458.63,988214657024.0,149547008000.0,-0.002,Omaha,NE,United States,396500.0,0.0174254295026845
2024-02-05,BRK-B,390.760009765625,390.760009765625,393.3699951171875,389.2900085449219,389.9500122070313,3651900.0,NYQ,Berkshire Hathaway Inc. New,Berkshire Hathaway Inc.,Financial Services,Insurance - Diversified,458.63,988214657024.0,149547008000.0,-0.002,Omaha,NE,United States,396500.0,0.0174254295026845
2024-02-06,BRK-B,393.739990234375,393.739990234375,393.9299926757813,390.0,390.2900085449219,2573400.0,NYQ,Berkshire Hathaway Inc. New,Berkshire Hathaway Inc.,Financial Services,Insurance - Diversified,458.63,988214657024.0,149547008000.0,-0.002,Omaha,NE,United States,396500.0,0.0174254295026845
2024-02-07,BRK-B,397.6600036621094,397.6600036621094,399.1499938964844,394.3599853515625,394.6000061035156,3426800.0,NYQ,Berkshire Hathaway Inc. New,Berkshire Hathaway Inc.,Financial Services,Insurance - Diversified,458.63,988214657024.0,149547008000.0,-0.002,Omaha,NE,United States,396500.0,0.0174254295026845
2024-02-08,BRK-B,397.489990234375,397.489990234375,398.6499938964844,394.8500061035156,397.2200012207031,3357700.0,NYQ,Berkshire Hathaway Inc. New,Berkshire Hathaway Inc.,Financial Services,Insurance - Diversified,458.63,988214657024.0,149547008000.0,-0.002,Omaha,NE,United States,396500.0,0.0174254295026845
2024-02-09,BRK-B,398.3599853515625,398.3599853515625,398.3599853515625,395.8200073242188,397.30999755859375,2509800.0,NYQ,Berkshire Hathaway Inc. New,Berkshire Hathaway Inc.,Financial Services,Insurance - Diversified,458.63,988214657024.0,149547008000.0,-0.002,Omaha,NE,United States,396500.0,0.0174254295026845
2024-02-12,BRK-B,397.7099914550781,397.7099914550781,399.4800109863281,396.1900024414063,398.6499938964844,2817900.0,NYQ,Berkshire Hathaway Inc. New,Berkshire Hathaway Inc.,Financial Services,Insurance - Diversified,458.63,988214657024.0,149547008000.0,-0.002,Omaha,NE,United States,396500.0,0.0174254295026845
2024-02-13,BRK-B,394.7999877929688,394.7999877929688,399.7099914550781,392.1000061035156,397.1799926757813,3458500.0,NYQ,Berkshire Hathaway Inc. New,Berkshire Hathaway Inc.,Financial Services,Insurance - Diversified,458.63,988214657024.0,149547008000.0,-0.002,Omaha,NE,United States,396500.0,0.0174254295026845
2024-02-14,BRK-B,398.6799926757813,398.6799926757813,398.8599853515625,393.5499877929688,395.1499938964844,2669200.0,NYQ,Berkshire Hathaway Inc. New,Berkshire Hathaway Inc.,Financial Services,Insurance - Diversified,458.63,988214657024.0,149547008000.0,-0.002,Omaha,NE,United States,396500.0,0.0174254295026845
2024-02-15,BRK-B,403.4500122070313,403.4500122070313,404.2699890136719,398.2999877929688,399.1400146484375,3076000.0,NYQ,Berkshire Hathaway Inc. New,Berkshire Hathaway Inc.,Financial Services,Insurance - Diversified,458.63,988214657024.0,149547008000.0,-0.002,Omaha,NE,United States,396500.0,0.0174254295026845
2024-02-16,BRK-B,405.989990234375,405.989990234375,406.739990234375,402.5899963378906,404.4400024414063,3532200.0,NYQ,Berkshire Hathaway Inc. New,Berkshire Hathaway Inc.,Financial Services,Insurance - Diversified,458.63,988214657024.0,149547008000.0,-0.002,Omaha,NE,United States,396500.0,0.0174254295026845
2024-02-20,BRK-B,407.1499938964844,407.1499938964844,411.1099853515625,406.05999755859375,406.4700012207031,3530700.0,NYQ,Berkshire Hathaway Inc. New,Berkshire Hathaway Inc.,Financial Services,Insurance - Diversified,458.63,988214657024.0,149547008000.0,-0.002,Omaha,NE,United States,396500.0,0.0174254295026845
2024-02-21,BRK-B,409.25,409.25,409.4800109863281,406.7000122070313,408.260009765625,2717600.0,NYQ,Berkshire Hathaway Inc. New,Berkshire Hathaway Inc.,Financial Services,Insurance - Diversified,458.63,988214657024.0,149547008000.0,-0.002,Omaha,NE,United States,396500.0,0.0174254295026845
2024-02-22,BRK-B,415.1600036621094,415.1600036621094,416.260009765625,411.0,411.2999877929688,3687600.0,NYQ,Berkshire Hathaway Inc. New,Berkshire Hathaway Inc.,Financial Services,Insurance - Diversified,458.63,988214657024.0,149547008000.0,-0.002,Omaha,NE,United States,396500.0,0.0174254295026845
2024-02-23,BRK-B,417.2200012207031,417.2200012207031,420.55999755859375,416.5199890136719,417.6799926757813,4015600.0,NYQ,Berkshire Hathaway Inc. New,Berkshire Hathaway Inc.,Financial Services,Insurance - Diversified,458.63,988214657024.0,149547008000.0,-0.002,Omaha,NE,United States,396500.0,0.0174254295026845
2024-02-26,BRK-B,409.1400146484375,409.1400146484375,430.0,408.8500061035156,422.0,7432300.0,NYQ,Berkshire Hathaway Inc. New,Berkshire Hathaway Inc.,Financial Services,Insurance - Diversified,458.63,988214657024.0,149547008000.0,-0.002,Omaha,NE,United States,396500.0,0.0174254295026845
2024-02-27,BRK-B,408.9100036621094,408.9100036621094,409.9599914550781,401.7099914550781,409.2099914550781,4609100.0,NYQ,Berkshire Hathaway Inc. New,Berkshire Hathaway Inc.,Financial Services,Insurance - Diversified,458.63,988214657024.0,149547008000.0,-0.002,Omaha,NE,United States,396500.0,0.0174254295026845
2024-02-28,BRK-B,412.1400146484375,412.1400146484375,414.6700134277344,407.7099914550781,408.5,4067400.0,NYQ,Berkshire Hathaway Inc. New,Berkshire Hathaway Inc.,Financial Services,Insurance - Diversified,458.63,988214657024.0,149547008000.0,-0.002,Omaha,NE,United States,396500.0,0.0174254295026845
2024-02-29,BRK-B,409.3999938964844,409.3999938964844,413.7900085449219,408.3800048828125,413.1000061035156,4845200.0,NYQ,Berkshire Hathaway Inc. New,Berkshire Hathaway Inc.,Financial Services,Insurance - Diversified,458.63,988214657024.0,149547008000.0,-0.002,Omaha,NE,United States,396500.0,0.0174254295026845
2024-03-01,BRK-B,407.1099853515625,407.1099853515625,410.3900146484375,405.4500122070313,409.4800109863281,3282100.0,NYQ,Berkshire Hathaway Inc. New,Berkshire Hathaway Inc.,Financial Services,Insurance - Diversified,458.63,988214657024.0,149547008000.0,-0.002,Omaha,NE,United States,396500.0,0.0174254295026845
2024-03-04,BRK-B,403.3900146484375,403.3900146484375,405.9500122070313,401.4299926757813,405.0,4179400.0,NYQ,Berkshire Hathaway Inc. New,Berkshire Hathaway Inc.,Financial Services,Insurance - Diversified,458.63,988214657024.0,149547008000.0,-0.002,Omaha,NE,United States,396500.0,0.0174254295026845
2024-03-05,BRK-B,400.739990234375,400.739990234375,403.3299865722656,398.7799987792969,402.5499877929688,4711700.0,NYQ,Berkshire Hathaway Inc. New,Berkshire Hathaway Inc.,Financial Services,Insurance - Diversified,458.63,988214657024.0,149547008000.0,-0.002,Omaha,NE,United States,396500.0,0.0174254295026845
2024-03-06,BRK-B,403.9599914550781,403.9599914550781,407.4400024414063,401.7000122070313,402.1799926757813,3839100.0,NYQ,Berkshire Hathaway Inc. New,Berkshire Hathaway Inc.,Financial Services,Insurance - Diversified,458.63,988214657024.0,149547008000.0,-0.002,Omaha,NE,United States,396500.0,0.0174254295026845
2024-03-07,BRK-B,402.3900146484375,402.3900146484375,406.3999938964844,399.5700073242188,406.1099853515625,4181300.0,NYQ,Berkshire Hathaway Inc. New,Berkshire Hathaway Inc.,Financial Services,Insurance - Diversified,458.63,988214657024.0,149547008000.0,-0.002,Omaha,NE,United States,396500.0,0.0174254295026845
2024-03-08,BRK-B,403.1499938964844,403.1499938964844,403.3599853515625,400.010009765625,401.0799865722656,3410600.0,NYQ,Berkshire Hathaway Inc. New,Berkshire Hathaway Inc.,Financial Services,Insurance - Diversified,458.63,988214657024.0,149547008000.0,-0.002,Omaha,NE,United States,396500.0,0.0174254295026845
2024-03-11,BRK-B,404.760009765625,404.760009765625,405.010009765625,402.739990234375,403.2999877929688,2431700.0,NYQ,Berkshire Hathaway Inc. New,Berkshire Hathaway Inc.,Financial Services,Insurance - Diversified,458.63,988214657024.0,149547008000.0,-0.002,Omaha,NE,United States,396500.0,0.0174254295026845
2024-03-12,BRK-B,404.9800109863281,404.9800109863281,407.2000122070313,404.1000061035156,406.7799987792969,2616700.0,NYQ,Berkshire Hathaway Inc. New,Berkshire Hathaway Inc.,Financial Services,Insurance - Diversified,458.63,988214657024.0,149547008000.0,-0.002,Omaha,NE,United States,396500.0,0.0174254295026845
2024-03-13,BRK-B,408.1300048828125,408.1300048828125,409.0,404.1499938964844,405.2999877929688,3584600.0,NYQ,Berkshire Hathaway Inc. New,Berkshire Hathaway Inc.,Financial Services,Insurance - Diversified,458.63,988214657024.0,149547008000.0,-0.002,Omaha,NE,United States,396500.0,0.0174254295026845
2024-03-14,BRK-B,406.7300109863281,406.7300109863281,409.0799865722656,403.3399963378906,409.0799865722656,3734700.0,NYQ,Berkshire Hathaway Inc. New,Berkshire Hathaway Inc.,Financial Services,Insurance - Diversified,458.63,988214657024.0,149547008000.0,-0.002,Omaha,NE,United States,396500.0,0.0174254295026845
2024-03-15,BRK-B,408.1300048828125,408.1300048828125,408.4599914550781,402.5,404.2699890136719,7548800.0,NYQ,Berkshire Hathaway Inc. New,Berkshire Hathaway Inc.,Financial Services,Insurance - Diversified,458.63,988214657024.0,149547008000.0,-0.002,Omaha,NE,United States,396500.0,0.0174254295026845
2024-03-18,BRK-B,408.4100036621094,408.4100036621094,410.6000061035156,406.0,408.7000122070313,3775700.0,NYQ,Berkshire Hathaway Inc. New,Berkshire Hathaway Inc.,Financial Services,Insurance - Diversified,458.63,988214657024.0,149547008000.0,-0.002,Omaha,NE,United States,396500.0,0.0174254295026845
2024-03-19,BRK-B,411.760009765625,411.760009765625,412.1900024414063,408.0899963378906,409.0799865722656,2795800.0,NYQ,Berkshire Hathaway Inc. New,Berkshire Hathaway Inc.,Financial Services,Insurance - Diversified,458.63,988214657024.0,149547008000.0,-0.002,Omaha,NE,United States,396500.0,0.0174254295026845
2024-03-20,BRK-B,416.1099853515625,416.1099853515625,416.30999755859375,411.5499877929688,412.0199890136719,2932900.0,NYQ,Berkshire Hathaway Inc. New,Berkshire Hathaway Inc.,Financial Services,Insurance - Diversified,458.63,988214657024.0,149547008000.0,-0.002,Omaha,NE,United States,396500.0,0.0174254295026845
2024-03-21,BRK-B,413.7799987792969,413.7799987792969,417.8299865722656,413.510009765625,416.7000122070313,3401600.0,NYQ,Berkshire Hathaway Inc. New,Berkshire Hathaway Inc.,Financial Services,Insurance - Diversified,458.63,988214657024.0,149547008000.0,-0.002,Omaha,NE,United States,396500.0,0.0174254295026845
2024-03-22,BRK-B,411.6000061035156,411.6000061035156,414.3500061035156,411.3999938964844,413.0,2999600.0,NYQ,Berkshire Hathaway Inc. New,Berkshire Hathaway Inc.,Financial Services,Insurance - Diversified,458.63,988214657024.0,149547008000.0,-0.002,Omaha,NE,United States,396500.0,0.0174254295026845
2024-03-25,BRK-B,409.9200134277344,409.9200134277344,411.0700073242188,408.9200134277344,410.6700134277344,2804200.0,NYQ,Berkshire Hathaway Inc. New,Berkshire Hathaway Inc.,Financial Services,Insurance - Diversified,458.63,988214657024.0,149547008000.0,-0.002,Omaha,NE,United States,396500.0,0.0174254295026845
2024-03-26,BRK-B,411.5700073242188,411.5700073242188,412.6600036621094,408.6000061035156,410.0,2935100.0,NYQ,Berkshire Hathaway Inc. New,Berkshire Hathaway Inc.,Financial Services,Insurance - Diversified,458.63,988214657024.0,149547008000.0,-0.002,Omaha,NE,United States,396500.0,0.0174254295026845
2024-03-27,BRK-B,416.9299926757813,416.9299926757813,417.2099914550781,413.3999938964844,413.6499938964844,2926000.0,NYQ,Berkshire Hathaway Inc. New,Berkshire Hathaway Inc.,Financial Services,Insurance - Diversified,458.63,988214657024.0,149547008000.0,-0.002,Omaha,NE,United States,396500.0,0.0174254295026845
2024-03-28,BRK-B,420.5199890136719,420.5199890136719,421.4400024414063,415.8500061035156,417.7999877929688,4377400.0,NYQ,Berkshire Hathaway Inc. New,Berkshire Hathaway Inc.,Financial Services,Insurance - Diversified,458.63,988214657024.0,149547008000.0,-0.002,Omaha,NE,United States,396500.0,0.0174254295026845
2024-04-01,BRK-B,420.2000122070313,420.2000122070313,421.6600036621094,417.80999755859375,421.489990234375,2716100.0,NYQ,Berkshire Hathaway Inc. New,Berkshire Hathaway Inc.,Financial Services,Insurance - Diversified,458.63,988214657024.0,149547008000.0,-0.002,Omaha,NE,United States,396500.0,0.0174254295026845
2024-04-02,BRK-B,418.9200134277344,418.9200134277344,421.010009765625,418.0899963378906,419.75,3174900.0,NYQ,Berkshire Hathaway Inc. New,Berkshire Hathaway Inc.,Financial Services,Insurance - Diversified,458.63,988214657024.0,149547008000.0,-0.002,Omaha,NE,United States,396500.0,0.0174254295026845
2024-04-03,BRK-B,420.239990234375,420.239990234375,421.9100036621094,418.5199890136719,419.0,2740800.0,NYQ,Berkshire Hathaway Inc. New,Berkshire Hathaway Inc.,Financial Services,Insurance - Diversified,458.63,988214657024.0,149547008000.0,-0.002,Omaha,NE,United States,396500.0,0.0174254295026845
2024-04-04,BRK-B,415.3200073242188,415.3200073242188,424.5199890136719,414.5499877929688,423.8399963378906,3800600.0,NYQ,Berkshire Hathaway Inc. New,Berkshire Hathaway Inc.,Financial Services,Insurance - Diversified,458.63,988214657024.0,149547008000.0,-0.002,Omaha,NE,United States,396500.0,0.0174254295026845
2024-04-05,BRK-B,418.6199951171875,418.6199951171875,419.2699890136719,415.4100036621094,416.55999755859375,2738300.0,NYQ,Berkshire Hathaway Inc. New,Berkshire Hathaway Inc.,Financial Services,Insurance - Diversified,458.63,988214657024.0,149547008000.0,-0.002,Omaha,NE,United States,396500.0,0.0174254295026845
2024-04-08,BRK-B,415.9700012207031,415.9700012207031,418.5700073242188,415.6300048828125,418.3200073242188,2485700.0,NYQ,Berkshire Hathaway Inc. New,Berkshire Hathaway Inc.,Financial Services,Insurance - Diversified,458.63,988214657024.0,149547008000.0,-0.002,Omaha,NE,United States,396500.0,0.0174254295026845
2024-04-09,BRK-B,414.6900024414063,414.6900024414063,417.3200073242188,412.1199951171875,416.5799865722656,2233100.0,NYQ,Berkshire Hathaway Inc. New,Berkshire Hathaway Inc.,Financial Services,Insurance - Diversified,458.63,988214657024.0,149547008000.0,-0.002,Omaha,NE,United States,396500.0,0.0174254295026845
2024-04-10,BRK-B,409.1099853515625,409.1099853515625,413.55999755859375,407.5299987792969,412.739990234375,3121300.0,NYQ,Berkshire Hathaway Inc. New,Berkshire Hathaway Inc.,Financial Services,Insurance - Diversified,458.63,988214657024.0,149547008000.0,-0.002,Omaha,NE,United States,396500.0,0.0174254295026845
2024-04-11,BRK-B,407.6099853515625,407.6099853515625,411.1499938964844,404.0499877929688,408.3999938964844,2889900.0,NYQ,Berkshire Hathaway Inc. New,Berkshire Hathaway Inc.,Financial Services,Insurance - Diversified,458.63,988214657024.0,149547008000.0,-0.002,Omaha,NE,United States,396500.0,0.0174254295026845
2024-04-12,BRK-B,403.260009765625,403.260009765625,407.2099914550781,401.4400024414063,405.0,3467300.0,NYQ,Berkshire Hathaway Inc. New,Berkshire Hathaway Inc.,Financial Services,Insurance - Diversified,458.63,988214657024.0,149547008000.0,-0.002,Omaha,NE,United States,396500.0,0.0174254295026845
2024-04-15,BRK-B,400.260009765625,400.260009765625,409.05999755859375,399.8599853515625,406.989990234375,3002300.0,NYQ,Berkshire Hathaway Inc. New,Berkshire Hathaway Inc.,Financial Services,Insurance - Diversified,458.63,988214657024.0,149547008000.0,-0.002,Omaha,NE,United States,396500.0,0.0174254295026845
2024-04-16,BRK-B,396.9200134277344,396.9200134277344,401.25,396.5,400.9700012207031,3435500.0,NYQ,Berkshire Hathaway Inc. New,Berkshire Hathaway Inc.,Financial Services,Insurance - Diversified,458.63,988214657024.0,149547008000.0,-0.002,Omaha,NE,United States,396500.0,0.0174254295026845
2024-04-17,BRK-B,397.739990234375,397.739990234375,399.2799987792969,395.6600036621094,398.9400024414063,2465600.0,NYQ,Berkshire Hathaway Inc. New,Berkshire Hathaway Inc.,Financial Services,Insurance - Diversified,458.63,988214657024.0,149547008000.0,-0.002,Omaha,NE,United States,396500.0,0.0174254295026845
2024-04-18,BRK-B,399.8900146484375,399.8900146484375,402.989990234375,399.1000061035156,399.7000122070313,2669500.0,NYQ,Berkshire Hathaway Inc. New,Berkshire Hathaway Inc.,Financial Services,Insurance - Diversified,458.63,988214657024.0,149547008000.0,-0.002,Omaha,NE,United States,396500.0,0.0174254295026845
2024-04-19,BRK-B,405.0799865722656,405.0799865722656,405.5700073242188,400.1700134277344,401.0400085449219,3996100.0,NYQ,Berkshire Hathaway Inc. New,Berkshire Hathaway Inc.,Financial Services,Insurance - Diversified,458.63,988214657024.0,149547008000.0,-0.002,Omaha,NE,United States,396500.0,0.0174254295026845
2024-04-22,BRK-B,408.7799987792969,408.7799987792969,411.3500061035156,406.25,406.8399963378906,2980600.0,NYQ,Berkshire Hathaway Inc. New,Berkshire Hathaway Inc.,Financial Services,Insurance - Diversified,458.63,988214657024.0,149547008000.0,-0.002,Omaha,NE,United States,396500.0,0.0174254295026845
2024-04-23,BRK-B,408.739990234375,408.739990234375,410.7200012207031,405.6400146484375,410.25,2287600.0,NYQ,Berkshire Hathaway Inc. New,Berkshire Hathaway Inc.,Financial Services,Insurance - Diversified,458.63,988214657024.0,149547008000.0,-0.002,Omaha,NE,United States,396500.0,0.0174254295026845
2024-04-24,BRK-B,405.9500122070313,405.9500122070313,407.6199951171875,403.8800048828125,407.1000061035156,2506900.0,NYQ,Berkshire Hathaway Inc. New,Berkshire Hathaway Inc.,Financial Services,Insurance - Diversified,458.63,988214657024.0,149547008000.0,-0.002,Omaha,NE,United States,396500.0,0.0174254295026845
2024-04-25,BRK-B,404.9100036621094,404.9100036621094,406.1400146484375,400.3500061035156,404.8500061035156,2670200.0,NYQ,Berkshire Hathaway Inc. New,Berkshire Hathaway Inc.,Financial Services,Insurance - Diversified,458.63,988214657024.0,149547008000.0,-0.002,Omaha,NE,United States,396500.0,0.0174254295026845
2024-04-26,BRK-B,402.1000061035156,402.1000061035156,404.75,401.4100036621094,403.9200134277344,3023100.0,NYQ,Berkshire Hathaway Inc. New,Berkshire Hathaway Inc.,Financial Services,Insurance - Diversified,458.63,988214657024.0,149547008000.0,-0.002,Omaha,NE,United States,396500.0,0.0174254295026845
2024-04-29,BRK-B,400.9599914550781,400.9599914550781,404.8699951171875,400.0799865722656,402.6600036621094,2363600.0,NYQ,Berkshire Hathaway Inc. New,Berkshire Hathaway Inc.,Financial Services,Insurance - Diversified,458.63,988214657024.0,149547008000.0,-0.002,Omaha,NE,United States,396500.0,0.0174254295026845
2024-04-30,BRK-B,396.7300109863281,396.7300109863281,400.6000061035156,396.3699951171875,400.5799865722656,3070500.0,NYQ,Berkshire Hathaway Inc. New,Berkshire Hathaway Inc.,Financial Services,Insurance - Diversified,458.63,988214657024.0,149547008000.0,-0.002,Omaha,NE,United States,396500.0,0.0174254295026845
2024-05-01,BRK-B,398.5799865722656,398.5799865722656,402.3200073242188,396.3500061035156,396.6099853515625,2605000.0,NYQ,Berkshire Hathaway Inc. New,Berkshire Hathaway Inc.,Financial Services,Insurance - Diversified,458.63,988214657024.0,149547008000.0,-0.002,Omaha,NE,United States,396500.0,0.0174254295026845
2024-05-02,BRK-B,400.6000061035156,400.6000061035156,401.55999755859375,397.8800048828125,401.0,2672200.0,NYQ,Berkshire Hathaway Inc. New,Berkshire Hathaway Inc.,Financial Services,Insurance - Diversified,458.63,988214657024.0,149547008000.0,-0.002,Omaha,NE,United States,396500.0,0.0174254295026845
2024-05-03,BRK-B,400.8699951171875,400.8699951171875,404.5,399.2099914550781,404.5,4119100.0,NYQ,Berkshire Hathaway Inc. New,Berkshire Hathaway Inc.,Financial Services,Insurance - Diversified,458.63,988214657024.0,149547008000.0,-0.002,Omaha,NE,United States,396500.0,0.0174254295026845
2024-05-06,BRK-B,404.9200134277344,404.9200134277344,405.1499938964844,399.260009765625,403.9599914550781,3918900.0,NYQ,Berkshire Hathaway Inc. New,Berkshire Hathaway Inc.,Financial Services,Insurance - Diversified,458.63,988214657024.0,149547008000.0,-0.002,Omaha,NE,United States,396500.0,0.0174254295026845
2024-05-07,BRK-B,406.1400146484375,406.1400146484375,407.260009765625,403.6099853515625,406.9299926757813,3084200.0,NYQ,Berkshire Hathaway Inc. New,Berkshire Hathaway Inc.,Financial Services,Insurance - Diversified,458.63,988214657024.0,149547008000.0,-0.002,Omaha,NE,United States,396500.0,0.0174254295026845
2024-05-08,BRK-B,406.3699951171875,406.3699951171875,407.2300109863281,403.75,406.4700012207031,2398100.0,NYQ,Berkshire Hathaway Inc. New,Berkshire Hathaway Inc.,Financial Services,Insurance - Diversified,458.63,988214657024.0,149547008000.0,-0.002,Omaha,NE,United States,396500.0,0.0174254295026845
2024-05-09,BRK-B,408.8200073242188,408.8200073242188,408.8699951171875,405.4599914550781,406.25,2356600.0,NYQ,Berkshire Hathaway Inc. New,Berkshire Hathaway Inc.,Financial Services,Insurance - Diversified,458.63,988214657024.0,149547008000.0,-0.002,Omaha,NE,United States,396500.0,0.0174254295026845
2024-05-10,BRK-B,412.0499877929688,412.0499877929688,412.3800048828125,409.2000122070313,409.8500061035156,3084500.0,NYQ,Berkshire Hathaway Inc. New,Berkshire Hathaway Inc.,Financial Services,Insurance - Diversified,458.63,988214657024.0,149547008000.0,-0.002,Omaha,NE,United States,396500.0,0.0174254295026845
2024-05-13,BRK-B,411.2200012207031,411.2200012207031,414.2999877929688,410.1900024414063,414.05999755859375,2710300.0,NYQ,Berkshire Hathaway Inc. New,Berkshire Hathaway Inc.,Financial Services,Insurance - Diversified,458.63,988214657024.0,149547008000.0,-0.002,Omaha,NE,United States,396500.0,0.0174254295026845
2024-05-14,BRK-B,410.239990234375,410.239990234375,411.55999755859375,408.1700134277344,410.4500122070313,2672400.0,NYQ,Berkshire Hathaway Inc. New,Berkshire Hathaway Inc.,Financial Services,Insurance - Diversified,458.63,988214657024.0,149547008000.0,-0.002,Omaha,NE,United States,396500.0,0.0174254295026845
2024-05-15,BRK-B,412.760009765625,412.760009765625,413.3999938964844,410.1000061035156,410.510009765625,2854600.0,NYQ,Berkshire Hathaway Inc. New,Berkshire Hathaway Inc.,Financial Services,Insurance - Diversified,458.63,988214657024.0,149547008000.0,-0.002,Omaha,NE,United States,396500.0,0.0174254295026845
2024-05-16,BRK-B,413.1199951171875,413.1199951171875,416.3399963378906,412.9100036621094,413.7999877929688,3549700.0,NYQ,Berkshire Hathaway Inc. New,Berkshire Hathaway Inc.,Financial Services,Insurance - Diversified,458.63,988214657024.0,149547008000.0,-0.002,Omaha,NE,United States,396500.0,0.0174254295026845
2024-05-17,BRK-B,416.9400024414063,416.9400024414063,417.3299865722656,413.7000122070313,413.9800109863281,2988700.0,NYQ,Berkshire Hathaway Inc. New,Berkshire Hathaway Inc.,Financial Services,Insurance - Diversified,458.63,988214657024.0,149547008000.0,-0.002,Omaha,NE,United States,396500.0,0.0174254295026845
2024-05-20,BRK-B,413.0,413.0,417.2799987792969,412.6199951171875,417.0400085449219,3287900.0,NYQ,Berkshire Hathaway Inc. New,Berkshire Hathaway Inc.,Financial Services,Insurance - Diversified,458.63,988214657024.0,149547008000.0,-0.002,Omaha,NE,United States,396500.0,0.0174254295026845
2024-05-21,BRK-B,414.3699951171875,414.3699951171875,415.7000122070313,412.55999755859375,413.5899963378906,2731900.0,NYQ,Berkshire Hathaway Inc. New,Berkshire Hathaway Inc.,Financial Services,Insurance - Diversified,458.63,988214657024.0,149547008000.0,-0.002,Omaha,NE,United States,396500.0,0.0174254295026845
2024-05-22,BRK-B,413.989990234375,413.989990234375,417.260009765625,412.9599914550781,414.9500122070313,2664400.0,NYQ,Berkshire Hathaway Inc. New,Berkshire Hathaway Inc.,Financial Services,Insurance - Diversified,458.63,988214657024.0,149547008000.0,-0.002,Omaha,NE,United States,396500.0,0.0174254295026845
2024-05-23,BRK-B,405.8800048828125,405.8800048828125,413.25,404.8699951171875,413.25,3392300.0,NYQ,Berkshire Hathaway Inc. New,Berkshire Hathaway Inc.,Financial Services,Insurance - Diversified,458.63,988214657024.0,149547008000.0,-0.002,Omaha,NE,United States,396500.0,0.0174254295026845
2024-05-24,BRK-B,407.4100036621094,407.4100036621094,407.9599914550781,405.5,406.8999938964844,2067700.0,NYQ,Berkshire Hathaway Inc. New,Berkshire Hathaway Inc.,Financial Services,Insurance - Diversified,458.63,988214657024.0,149547008000.0,-0.002,Omaha,NE,United States,396500.0,0.0174254295026845
2024-05-28,BRK-B,403.8999938964844,403.8999938964844,408.239990234375,401.8699951171875,408.239990234375,3315400.0,NYQ,Berkshire Hathaway Inc. New,Berkshire Hathaway Inc.,Financial Services,Insurance - Diversified,458.63,988214657024.0,149547008000.0,-0.002,Omaha,NE,United States,396500.0,0.0174254295026845
2024-05-29,BRK-B,404.0899963378906,404.0899963378906,405.8699951171875,401.5799865722656,403.0,3426800.0,NYQ,Berkshire Hathaway Inc. New,Berkshire Hathaway Inc.,Financial Services,Insurance - Diversified,458.63,988214657024.0,149547008000.0,-0.002,Omaha,NE,United States,396500.0,0.0174254295026845
2024-05-30,BRK-B,408.6099853515625,408.6099853515625,409.0400085449219,402.7699890136719,403.7699890136719,2905300.0,NYQ,Berkshire Hathaway Inc. New,Berkshire Hathaway Inc.,Financial Services,Insurance - Diversified,458.63,988214657024.0,149547008000.0,-0.002,Omaha,NE,United States,396500.0,0.0174254295026845
2024-05-31,BRK-B,414.3999938964844,414.3999938964844,415.3999938964844,406.8800048828125,408.0899963378906,5190000.0,NYQ,Berkshire Hathaway Inc. New,Berkshire Hathaway Inc.,Financial Services,Insurance - Diversified,458.63,988214657024.0,149547008000.0,-0.002,Omaha,NE,United States,396500.0,0.0174254295026845
2024-06-03,BRK-B,414.7900085449219,414.7900085449219,416.7200012207031,408.7799987792969,414.8900146484375,4903000.0,NYQ,Berkshire Hathaway Inc. New,Berkshire Hathaway Inc.,Financial Services,Insurance - Diversified,458.63,988214657024.0,149547008000.0,-0.002,Omaha,NE,United States,396500.0,0.0174254295026845
2024-06-04,BRK-B,409.5299987792969,409.5299987792969,415.8900146484375,406.4400024414063,414.8500061035156,4154800.0,NYQ,Berkshire Hathaway Inc. New,Berkshire Hathaway Inc.,Financial Services,Insurance - Diversified,458.63,988214657024.0,149547008000.0,-0.002,Omaha,NE,United States,396500.0,0.0174254295026845
2024-06-05,BRK-B,409.8500061035156,409.8500061035156,410.2799987792969,405.7699890136719,410.1000061035156,2634400.0,NYQ,Berkshire Hathaway Inc. New,Berkshire Hathaway Inc.,Financial Services,Insurance - Diversified,458.63,988214657024.0,149547008000.0,-0.002,Omaha,NE,United States,396500.0,0.0174254295026845
2024-06-06,BRK-B,411.0799865722656,411.0799865722656,411.239990234375,407.3800048828125,410.4200134277344,3438900.0,NYQ,Berkshire Hathaway Inc. New,Berkshire Hathaway Inc.,Financial Services,Insurance - Diversified,458.63,988214657024.0,149547008000.0,-0.002,Omaha,NE,United States,396500.0,0.0174254295026845
2024-06-07,BRK-B,413.7200012207031,413.7200012207031,415.8800048828125,409.8500061035156,411.2799987792969,2942100.0,NYQ,Berkshire Hathaway Inc. New,Berkshire Hathaway Inc.,Financial Services,Insurance - Diversified,458.63,988214657024.0,149547008000.0,-0.002,Omaha,NE,United States,396500.0,0.0174254295026845
2024-06-10,BRK-B,410.80999755859375,410.80999755859375,413.9400024414063,409.2699890136719,413.3399963378906,2667300.0,NYQ,Berkshire Hathaway Inc. New,Berkshire Hathaway Inc.,Financial Services,Insurance - Diversified,458.63,988214657024.0,149547008000.0,-0.002,Omaha,NE,United States,396500.0,0.0174254295026845
2024-06-11,BRK-B,408.5,408.5,408.9100036621094,406.1099853515625,408.8800048828125,3605900.0,NYQ,Berkshire Hathaway Inc. New,Berkshire Hathaway Inc.,Financial Services,Insurance - Diversified,458.63,988214657024.0,149547008000.0,-0.002,Omaha,NE,United States,396500.0,0.0174254295026845
2024-06-12,BRK-B,408.7699890136719,408.7699890136719,411.8900146484375,407.1600036621094,411.0899963378906,3551900.0,NYQ,Berkshire Hathaway Inc. New,Berkshire Hathaway Inc.,Financial Services,Insurance - Diversified,458.63,988214657024.0,149547008000.0,-0.002,Omaha,NE,United States,396500.0,0.0174254295026845
2024-06-13,BRK-B,405.9200134277344,405.9200134277344,408.0,403.5700073242188,407.6300048828125,4563300.0,NYQ,Berkshire Hathaway Inc. New,Berkshire Hathaway Inc.,Financial Services,Insurance - Diversified,458.63,988214657024.0,149547008000.0,-0.002,Omaha,NE,United States,396500.0,0.0174254295026845
2024-06-14,BRK-B,405.5400085449219,405.5400085449219,406.3399963378906,403.3299865722656,404.8999938964844,2768600.0,NYQ,Berkshire Hathaway Inc. New,Berkshire Hathaway Inc.,Financial Services,Insurance - Diversified,458.63,988214657024.0,149547008000.0,-0.002,Omaha,NE,United States,396500.0,0.0174254295026845
2024-06-17,BRK-B,407.3200073242188,407.3200073242188,407.8200073242188,403.5499877929688,405.1799926757813,3406500.0,NYQ,Berkshire Hathaway Inc. New,Berkshire Hathaway Inc.,Financial Services,Insurance - Diversified,458.63,988214657024.0,149547008000.0,-0.002,Omaha,NE,United States,396500.0,0.0174254295026845
2024-06-18,BRK-B,407.9500122070313,407.9500122070313,408.5,405.2799987792969,406.75,4005300.0,NYQ,Berkshire Hathaway Inc. New,Berkshire Hathaway Inc.,Financial Services,Insurance - Diversified,458.63,988214657024.0,149547008000.0,-0.002,Omaha,NE,United States,396500.0,0.0174254295026845
2024-06-20,BRK-B,409.1499938964844,409.1499938964844,411.0,404.0499877929688,407.25,4844700.0,NYQ,Berkshire Hathaway Inc. New,Berkshire Hathaway Inc.,Financial Services,Insurance - Diversified,458.63,988214657024.0,149547008000.0,-0.002,Omaha,NE,United States,396500.0,0.0174254295026845
2024-06-21,BRK-B,409.6199951171875,409.6199951171875,410.4700012207031,407.6799926757813,409.8200073242188,9009400.0,NYQ,Berkshire Hathaway Inc. New,Berkshire Hathaway Inc.,Financial Services,Insurance - Diversified,458.63,988214657024.0,149547008000.0,-0.002,Omaha,NE,United States,396500.0,0.0174254295026845
2024-06-24,BRK-B,413.9800109863281,413.9800109863281,417.0,410.0,410.7000122070313,4933300.0,NYQ,Berkshire Hathaway Inc. New,Berkshire Hathaway Inc.,Financial Services,Insurance - Diversified,458.63,988214657024.0,149547008000.0,-0.002,Omaha,NE,United States,396500.0,0.0174254295026845
2024-06-25,BRK-B,410.9700012207031,410.9700012207031,414.25,409.6199951171875,414.0,3879800.0,NYQ,Berkshire Hathaway Inc. New,Berkshire Hathaway Inc.,Financial Services,Insurance - Diversified,458.63,988214657024.0,149547008000.0,-0.002,Omaha,NE,United States,396500.0,0.0174254295026845
2024-06-26,BRK-B,410.260009765625,410.260009765625,410.6799926757813,407.25,410.0199890136719,3334300.0,NYQ,Berkshire Hathaway Inc. New,Berkshire Hathaway Inc.,Financial Services,Insurance - Diversified,458.63,988214657024.0,149547008000.0,-0.002,Omaha,NE,United States,396500.0,0.0174254295026845
2024-06-27,BRK-B,407.9500122070313,407.9500122070313,410.260009765625,406.3399963378906,410.260009765625,3218600.0,NYQ,Berkshire Hathaway Inc. New,Berkshire Hathaway Inc.,Financial Services,Insurance - Diversified,458.63,988214657024.0,149547008000.0,-0.002,Omaha,NE,United States,396500.0,0.0174254295026845
2024-06-28,BRK-B,406.7999877929688,406.7999877929688,410.0499877929688,405.7900085449219,408.25,6819800.0,NYQ,Berkshire Hathaway Inc. New,Berkshire Hathaway Inc.,Financial Services,Insurance - Diversified,458.63,988214657024.0,149547008000.0,-0.002,Omaha,NE,United States,396500.0,0.0174254295026845
2024-07-01,BRK-B,405.1900024414063,405.1900024414063,409.6700134277344,403.8200073242188,408.0899963378906,2974100.0,NYQ,Berkshire Hathaway Inc. New,Berkshire Hathaway Inc.,Financial Services,Insurance - Diversified,458.63,988214657024.0,149547008000.0,-0.002,Omaha,NE,United States,396500.0,0.0174254295026845
2024-07-02,BRK-B,407.1000061035156,407.1000061035156,407.3900146484375,403.9200134277344,404.0199890136719,3220900.0,NYQ,Berkshire Hathaway Inc. New,Berkshire Hathaway Inc.,Financial Services,Insurance - Diversified,458.63,988214657024.0,149547008000.0,-0.002,Omaha,NE,United States,396500.0,0.0174254295026845
2024-07-03,BRK-B,405.7699890136719,405.7699890136719,407.1600036621094,404.2200012207031,407.1600036621094,1970300.0,NYQ,Berkshire Hathaway Inc. New,Berkshire Hathaway Inc.,Financial Services,Insurance - Diversified,458.63,988214657024.0,149547008000.0,-0.002,Omaha,NE,United States,396500.0,0.0174254295026845
2024-07-05,BRK-B,411.1700134277344,411.1700134277344,411.3999938964844,405.0299987792969,406.239990234375,5149200.0,NYQ,Berkshire Hathaway Inc. New,Berkshire Hathaway Inc.,Financial Services,Insurance - Diversified,458.63,988214657024.0,149547008000.0,-0.002,Omaha,NE,United States,396500.0,0.0174254295026845
2024-07-08,BRK-B,409.0799865722656,409.0799865722656,413.7900085449219,408.0,411.2699890136719,3559500.0,NYQ,Berkshire Hathaway Inc. New,Berkshire Hathaway Inc.,Financial Services,Insurance - Diversified,458.63,988214657024.0,149547008000.0,-0.002,Omaha,NE,United States,396500.0,0.0174254295026845
2024-07-09,BRK-B,410.5199890136719,410.5199890136719,413.7099914550781,408.6400146484375,409.4200134277344,2989700.0,NYQ,Berkshire Hathaway Inc. New,Berkshire Hathaway Inc.,Financial Services,Insurance - Diversified,458.63,988214657024.0,149547008000.0,-0.002,Omaha,NE,United States,396500.0,0.0174254295026845
2024-07-10,BRK-B,413.7900085449219,413.7900085449219,413.9599914550781,409.3999938964844,410.80999755859375,3791800.0,NYQ,Berkshire Hathaway Inc. New,Berkshire Hathaway Inc.,Financial Services,Insurance - Diversified,458.63,988214657024.0,149547008000.0,-0.002,Omaha,NE,United States,396500.0,0.0174254295026845
2024-07-11,BRK-B,418.7799987792969,418.7799987792969,419.2000122070313,412.0,413.989990234375,4065200.0,NYQ,Berkshire Hathaway Inc. New,Berkshire Hathaway Inc.,Financial Services,Insurance - Diversified,458.63,988214657024.0,149547008000.0,-0.002,Omaha,NE,United States,396500.0,0.0174254295026845
2024-07-12,BRK-B,424.4400024414063,424.4400024414063,427.4500122070313,419.7000122070313,420.2300109863281,4834600.0,NYQ,Berkshire Hathaway Inc. New,Berkshire Hathaway Inc.,Financial Services,Insurance - Diversified,458.63,988214657024.0,149547008000.0,-0.002,Omaha,NE,United States,396500.0,0.0174254295026845
2024-07-15,BRK-B,434.4200134277344,434.4200134277344,434.7099914550781,425.2999877929688,425.5899963378906,4594900.0,NYQ,Berkshire Hathaway Inc. New,Berkshire Hathaway Inc.,Financial Services,Insurance - Diversified,458.63,988214657024.0,149547008000.0,-0.002,Omaha,NE,United States,396500.0,0.0174254295026845
2024-07-16,BRK-B,438.8999938964844,438.8999938964844,439.0499877929688,434.0199890136719,437.3999938964844,4293700.0,NYQ,Berkshire Hathaway Inc. New,Berkshire Hathaway Inc.,Financial Services,Insurance - Diversified,458.63,988214657024.0,149547008000.0,-0.002,Omaha,NE,United States,396500.0,0.0174254295026845
2024-07-17,BRK-B,445.6099853515625,445.6099853515625,446.1499938964844,437.8399963378906,437.8500061035156,4776600.0,NYQ,Berkshire Hathaway Inc. New,Berkshire Hathaway Inc.,Financial Services,Insurance - Diversified,458.63,988214657024.0,149547008000.0,-0.002,Omaha,NE,United States,396500.0,0.0174254295026845
2024-07-18,BRK-B,441.8200073242188,441.8200073242188,449.25,439.5700073242188,445.6199951171875,4638300.0,NYQ,Berkshire Hathaway Inc. New,Berkshire Hathaway Inc.,Financial Services,Insurance - Diversified,458.63,988214657024.0,149547008000.0,-0.002,Omaha,NE,United States,396500.0,0.0174254295026845
2024-07-19,BRK-B,434.4700012207031,434.4700012207031,442.7999877929688,433.3500061035156,442.6700134277344,4158800.0,NYQ,Berkshire Hathaway Inc. New,Berkshire Hathaway Inc.,Financial Services,Insurance - Diversified,458.63,988214657024.0,149547008000.0,-0.002,Omaha,NE,United States,396500.0,0.0174254295026845
2024-07-22,BRK-B,435.9800109863281,435.9800109863281,438.1099853515625,432.1199951171875,435.0499877929688,2995700.0,NYQ,Berkshire Hathaway Inc. New,Berkshire Hathaway Inc.,Financial Services,Insurance - Diversified,458.63,988214657024.0,149547008000.0,-0.002,Omaha,NE,United States,396500.0,0.0174254295026845
2024-07-23,BRK-B,434.010009765625,434.010009765625,437.9200134277344,433.4700012207031,437.3399963378906,2393000.0,NYQ,Berkshire Hathaway Inc. New,Berkshire Hathaway Inc.,Financial Services,Insurance - Diversified,458.63,988214657024.0,149547008000.0,-0.002,Omaha,NE,United States,396500.0,0.0174254295026845
2024-07-24,BRK-B,432.7999877929688,432.7999877929688,435.4100036621094,430.7300109863281,433.989990234375,3143700.0,NYQ,Berkshire Hathaway Inc. New,Berkshire Hathaway Inc.,Financial Services,Insurance - Diversified,458.63,988214657024.0,149547008000.0,-0.002,Omaha,NE,United States,396500.0,0.0174254295026845
2024-07-25,BRK-B,433.2900085449219,433.2900085449219,439.6300048828125,431.6000061035156,431.6000061035156,3334300.0,NYQ,Berkshire Hathaway Inc. New,Berkshire Hathaway Inc.,Financial Services,Insurance - Diversified,458.63,988214657024.0,149547008000.0,-0.002,Omaha,NE,United States,396500.0,0.0174254295026845
2024-07-26,BRK-B,437.6600036621094,437.6600036621094,439.0,434.1000061035156,435.6600036621094,2717600.0,NYQ,Berkshire Hathaway Inc. New,Berkshire Hathaway Inc.,Financial Services,Insurance - Diversified,458.63,988214657024.0,149547008000.0,-0.002,Omaha,NE,United States,396500.0,0.0174254295026845
2024-07-29,BRK-B,438.30999755859375,438.30999755859375,439.4400024414063,435.489990234375,438.010009765625,2620000.0,NYQ,Berkshire Hathaway Inc. New,Berkshire Hathaway Inc.,Financial Services,Insurance - Diversified,458.63,988214657024.0,149547008000.0,-0.002,Omaha,NE,United States,396500.0,0.0174254295026845
2024-07-30,BRK-B,441.260009765625,441.260009765625,443.8900146484375,439.1400146484375,439.510009765625,3736400.0,NYQ,Berkshire Hathaway Inc. New,Berkshire Hathaway Inc.,Financial Services,Insurance - Diversified,458.63,988214657024.0,149547008000.0,-0.002,Omaha,NE,United States,396500.0,0.0174254295026845
2024-07-31,BRK-B,438.5,438.5,440.8500061035156,437.739990234375,439.8500061035156,3798800.0,NYQ,Berkshire Hathaway Inc. New,Berkshire Hathaway Inc.,Financial Services,Insurance - Diversified,458.63,988214657024.0,149547008000.0,-0.002,Omaha,NE,United States,396500.0,0.0174254295026845
2024-08-01,BRK-B,431.80999755859375,431.80999755859375,440.6099853515625,430.9500122070313,439.6700134277344,3892300.0,NYQ,Berkshire Hathaway Inc. New,Berkshire Hathaway Inc.,Financial Services,Insurance - Diversified,458.63,988214657024.0,149547008000.0,-0.002,Omaha,NE,United States,396500.0,0.0174254295026845
2024-08-02,BRK-B,428.3599853515625,428.3599853515625,436.25,423.489990234375,429.7699890136719,4251500.0,NYQ,Berkshire Hathaway Inc. New,Berkshire Hathaway Inc.,Financial Services,Insurance - Diversified,458.63,988214657024.0,149547008000.0,-0.002,Omaha,NE,United States,396500.0,0.0174254295026845
2024-08-05,BRK-B,413.7200012207031,413.7200012207031,417.8200073242188,406.1099853515625,413.4299926757813,7695100.0,NYQ,Berkshire Hathaway Inc. New,Berkshire Hathaway Inc.,Financial Services,Insurance - Diversified,458.63,988214657024.0,149547008000.0,-0.002,Omaha,NE,United States,396500.0,0.0174254295026845
2024-08-06,BRK-B,422.1400146484375,422.1400146484375,427.4599914550781,415.1000061035156,416.4100036621094,5138700.0,NYQ,Berkshire Hathaway Inc. New,Berkshire Hathaway Inc.,Financial Services,Insurance - Diversified,458.63,988214657024.0,149547008000.0,-0.002,Omaha,NE,United States,396500.0,0.0174254295026845
2024-08-07,BRK-B,427.0199890136719,427.0199890136719,433.1700134277344,425.6000061035156,426.0700073242188,4745600.0,NYQ,Berkshire Hathaway Inc. New,Berkshire Hathaway Inc.,Financial Services,Insurance - Diversified,458.63,988214657024.0,149547008000.0,-0.002,Omaha,NE,United States,396500.0,0.0174254295026845
2024-08-08,BRK-B,431.5400085449219,431.5400085449219,432.260009765625,427.6000061035156,429.239990234375,3150000.0,NYQ,Berkshire Hathaway Inc. New,Berkshire Hathaway Inc.,Financial Services,Insurance - Diversified,458.63,988214657024.0,149547008000.0,-0.002,Omaha,NE,United States,396500.0,0.0174254295026845
2024-08-09,BRK-B,431.6700134277344,431.6700134277344,434.75,430.2099914550781,431.9200134277344,2602600.0,NYQ,Berkshire Hathaway Inc. New,Berkshire Hathaway Inc.,Financial Services,Insurance - Diversified,458.63,988214657024.0,149547008000.0,-0.002,Omaha,NE,United States,396500.0,0.0174254295026845
2024-08-12,BRK-B,430.3900146484375,430.3900146484375,434.1600036621094,429.010009765625,434.1600036621094,2376000.0,NYQ,Berkshire Hathaway Inc. New,Berkshire Hathaway Inc.,Financial Services,Insurance - Diversified,458.63,988214657024.0,149547008000.0,-0.002,Omaha,NE,United States,396500.0,0.0174254295026845
2024-08-13,BRK-B,432.4100036621094,432.4100036621094,432.80999755859375,425.8999938964844,431.8299865722656,3472000.0,NYQ,Berkshire Hathaway Inc. New,Berkshire Hathaway Inc.,Financial Services,Insurance - Diversified,458.63,988214657024.0,149547008000.0,-0.002,Omaha,NE,United States,396500.0,0.0174254295026845
2024-08-14,BRK-B,438.4700012207031,438.4700012207031,438.9800109863281,431.7099914550781,433.0,2860200.0,NYQ,Berkshire Hathaway Inc. New,Berkshire Hathaway Inc.,Financial Services,Insurance - Diversified,458.63,988214657024.0,149547008000.0,-0.002,Omaha,NE,United States,396500.0,0.0174254295026845
2024-08-15,BRK-B,440.8399963378906,440.8399963378906,442.5899963378906,438.7200012207031,441.7999877929688,3226400.0,NYQ,Berkshire Hathaway Inc. New,Berkshire Hathaway Inc.,Financial Services,Insurance - Diversified,458.63,988214657024.0,149547008000.0,-0.002,Omaha,NE,United States,396500.0,0.0174254295026845
2024-08-16,BRK-B,444.510009765625,444.510009765625,445.2000122070313,440.4500122070313,441.5499877929688,3345000.0,NYQ,Berkshire Hathaway Inc. New,Berkshire Hathaway Inc.,Financial Services,Insurance - Diversified,458.63,988214657024.0,149547008000.0,-0.002,Omaha,NE,United States,396500.0,0.0174254295026845
2024-08-19,BRK-B,448.7699890136719,448.7699890136719,450.4500122070313,445.7300109863281,446.010009765625,3385300.0,NYQ,Berkshire Hathaway Inc. New,Berkshire Hathaway Inc.,Financial Services,Insurance - Diversified,458.63,988214657024.0,149547008000.0,-0.002,Omaha,NE,United States,396500.0,0.0174254295026845
2024-08-20,BRK-B,448.3599853515625,448.3599853515625,450.5,446.3800048828125,449.2999877929688,2906500.0,NYQ,Berkshire Hathaway Inc. New,Berkshire Hathaway Inc.,Financial Services,Insurance - Diversified,458.63,988214657024.0,149547008000.0,-0.002,Omaha,NE,United States,396500.0,0.0174254295026845
2024-08-21,BRK-B,446.6000061035156,446.6000061035156,451.2799987792969,443.8399963378906,449.8399963378906,3028500.0,NYQ,Berkshire Hathaway Inc. New,Berkshire Hathaway Inc.,Financial Services,Insurance - Diversified,458.63,988214657024.0,149547008000.0,-0.002,Omaha,NE,United States,396500.0,0.0174254295026845
2024-08-22,BRK-B,449.0299987792969,449.0299987792969,449.6000061035156,444.6499938964844,446.2999877929688,3502800.0,NYQ,Berkshire Hathaway Inc. New,Berkshire Hathaway Inc.,Financial Services,Insurance - Diversified,458.63,988214657024.0,149547008000.0,-0.002,Omaha,NE,United States,396500.0,0.0174254295026845
2024-08-23,BRK-B,453.3800048828125,453.3800048828125,453.7200012207031,448.80999755859375,450.0,2805400.0,NYQ,Berkshire Hathaway Inc. New,Berkshire Hathaway Inc.,Financial Services,Insurance - Diversified,458.63,988214657024.0,149547008000.0,-0.002,Omaha,NE,United States,396500.0,0.0174254295026845
2024-08-26,BRK-B,454.489990234375,454.489990234375,459.2699890136719,453.3399963378906,455.30999755859375,3575800.0,NYQ,Berkshire Hathaway Inc. New,Berkshire Hathaway Inc.,Financial Services,Insurance - Diversified,458.63,988214657024.0,149547008000.0,-0.002,Omaha,NE,United States,396500.0,0.0174254295026845
2024-08-27,BRK-B,460.6300048828125,460.6300048828125,462.1000061035156,454.6199951171875,455.9400024414063,3764700.0,NYQ,Berkshire Hathaway Inc. New,Berkshire Hathaway Inc.,Financial Services,Insurance - Diversified,458.63,988214657024.0,149547008000.0,-0.002,Omaha,NE,United States,396500.0,0.0174254295026845
2024-08-28,BRK-B,464.5899963378906,464.5899963378906,466.6000061035156,460.7799987792969,461.1700134277344,4838100.0,NYQ,Berkshire Hathaway Inc. New,Berkshire Hathaway Inc.,Financial Services,Insurance - Diversified,458.63,988214657024.0,149547008000.0,-0.002,Omaha,NE,United States,396500.0,0.0174254295026845
2024-08-29,BRK-B,468.3699951171875,468.3699951171875,469.8500061035156,463.0,467.1099853515625,4459400.0,NYQ,Berkshire Hathaway Inc. New,Berkshire Hathaway Inc.,Financial Services,Insurance - Diversified,458.63,988214657024.0,149547008000.0,-0.002,Omaha,NE,United States,396500.0,0.0174254295026845
2024-08-30,BRK-B,475.9200134277344,475.9200134277344,476.9500122070313,470.0,470.5199890136719,7465800.0,NYQ,Berkshire Hathaway Inc. New,Berkshire Hathaway Inc.,Financial Services,Insurance - Diversified,458.63,988214657024.0,149547008000.0,-0.002,Omaha,NE,United States,396500.0,0.0174254295026845
2024-09-03,BRK-B,476.8299865722656,476.8299865722656,482.8900146484375,473.7200012207031,475.0,7511900.0,NYQ,Berkshire Hathaway Inc. New,Berkshire Hathaway Inc.,Financial Services,Insurance - Diversified,458.63,988214657024.0,149547008000.0,-0.002,Omaha,NE,United States,396500.0,0.0174254295026845
2024-09-04,BRK-B,478.5700073242188,478.5700073242188,484.8200073242188,474.2200012207031,478.6799926757813,5309400.0,NYQ,Berkshire Hathaway Inc. New,Berkshire Hathaway Inc.,Financial Services,Insurance - Diversified,458.63,988214657024.0,149547008000.0,-0.002,Omaha,NE,United States,396500.0,0.0174254295026845
2024-09-05,BRK-B,464.9200134277344,464.9200134277344,479.4299926757813,462.8800048828125,479.4299926757813,6213200.0,NYQ,Berkshire Hathaway Inc. New,Berkshire Hathaway Inc.,Financial Services,Insurance - Diversified,458.63,988214657024.0,149547008000.0,-0.002,Omaha,NE,United States,396500.0,0.0174254295026845
2024-09-06,BRK-B,459.4200134277344,459.4200134277344,468.1700134277344,458.5499877929688,463.8200073242188,4400300.0,NYQ,Berkshire Hathaway Inc. New,Berkshire Hathaway Inc.,Financial Services,Insurance - Diversified,458.63,988214657024.0,149547008000.0,-0.002,Omaha,NE,United States,396500.0,0.0174254295026845
2024-09-09,BRK-B,459.6099853515625,459.6099853515625,466.0,459.260009765625,463.9700012207031,4571000.0,NYQ,Berkshire Hathaway Inc. New,Berkshire Hathaway Inc.,Financial Services,Insurance - Diversified,458.63,988214657024.0,149547008000.0,-0.002,Omaha,NE,United States,396500.0,0.0174254295026845
2024-09-10,BRK-B,458.9200134277344,458.9200134277344,464.3200073242188,456.2099914550781,461.8200073242188,3544100.0,NYQ,Berkshire Hathaway Inc. New,Berkshire Hathaway Inc.,Financial Services,Insurance - Diversified,458.63,988214657024.0,149547008000.0,-0.002,Omaha,NE,United States,396500.0,0.0174254295026845
2024-09-11,BRK-B,453.1000061035156,453.1000061035156,457.6199951171875,445.25,457.6199951171875,5772700.0,NYQ,Berkshire Hathaway Inc. New,Berkshire Hathaway Inc.,Financial Services,Insurance - Diversified,458.63,988214657024.0,149547008000.0,-0.002,Omaha,NE,United States,396500.0,0.0174254295026845
2024-09-12,BRK-B,450.8699951171875,450.8699951171875,455.0,449.2699890136719,454.8399963378906,3855700.0,NYQ,Berkshire Hathaway Inc. New,Berkshire Hathaway Inc.,Financial Services,Insurance - Diversified,458.63,988214657024.0,149547008000.0,-0.002,Omaha,NE,United States,396500.0,0.0174254295026845
2024-09-13,BRK-B,447.6099853515625,447.6099853515625,452.4299926757813,447.2099914550781,451.5799865722656,3882600.0,NYQ,Berkshire Hathaway Inc. New,Berkshire Hathaway Inc.,Financial Services,Insurance - Diversified,458.63,988214657024.0,149547008000.0,-0.002,Omaha,NE,United States,396500.0,0.0174254295026845
2024-09-16,BRK-B,451.7799987792969,451.7799987792969,452.989990234375,448.3399963378906,448.7999877929688,3264400.0,NYQ,Berkshire Hathaway Inc. New,Berkshire Hathaway Inc.,Financial Services,Insurance - Diversified,458.63,988214657024.0,149547008000.0,-0.002,Omaha,NE,United States,396500.0,0.0174254295026845
2024-09-17,BRK-B,456.6799926757813,456.6799926757813,461.1000061035156,453.2900085449219,453.5,3824300.0,NYQ,Berkshire Hathaway Inc. New,Berkshire Hathaway Inc.,Financial Services,Insurance - Diversified,458.63,988214657024.0,149547008000.0,-0.002,Omaha,NE,United States,396500.0,0.0174254295026845
2024-09-18,BRK-B,456.6000061035156,456.6000061035156,459.8399963378906,454.8800048828125,458.0799865722656,3065200.0,NYQ,Berkshire Hathaway Inc. New,Berkshire Hathaway Inc.,Financial Services,Insurance - Diversified,458.63,988214657024.0,149547008000.0,-0.002,Omaha,NE,United States,396500.0,0.0174254295026845
2024-09-19,BRK-B,459.7099914550781,459.7099914550781,462.1900024414063,457.25,462.0,3891300.0,NYQ,Berkshire Hathaway Inc. New,Berkshire Hathaway Inc.,Financial Services,Insurance - Diversified,458.63,988214657024.0,149547008000.0,-0.002,Omaha,NE,United States,396500.0,0.0174254295026845
2024-09-20,BRK-B,455.30999755859375,455.30999755859375,457.9500122070313,454.0499877929688,457.760009765625,8468800.0,NYQ,Berkshire Hathaway Inc. New,Berkshire Hathaway Inc.,Financial Services,Insurance - Diversified,458.63,988214657024.0,149547008000.0,-0.002,Omaha,NE,United States,396500.0,0.0174254295026845
2024-09-23,BRK-B,454.9800109863281,454.9800109863281,459.6499938964844,453.4200134277344,457.30999755859375,3485100.0,NYQ,Berkshire Hathaway Inc. New,Berkshire Hathaway Inc.,Financial Services,Insurance - Diversified,458.63,988214657024.0,149547008000.0,-0.002,Omaha,NE,United States,396500.0,0.0174254295026845
2024-09-24,BRK-B,454.55999755859375,454.55999755859375,455.6000061035156,451.7699890136719,454.3299865722656,3009900.0,NYQ,Berkshire Hathaway Inc. New,Berkshire Hathaway Inc.,Financial Services,Insurance - Diversified,458.63,988214657024.0,149547008000.0,-0.002,Omaha,NE,United States,396500.0,0.0174254295026845
2024-09-25,BRK-B,452.3599853515625,452.3599853515625,455.80999755859375,451.2099914550781,454.8999938964844,2843300.0,NYQ,Berkshire Hathaway Inc. New,Berkshire Hathaway Inc.,Financial Services,Insurance - Diversified,458.63,988214657024.0,149547008000.0,-0.002,Omaha,NE,United States,396500.0,0.0174254295026845
2024-09-26,BRK-B,454.1799926757813,454.1799926757813,457.0,451.3399963378906,452.739990234375,3262000.0,NYQ,Berkshire Hathaway Inc. New,Berkshire Hathaway Inc.,Financial Services,Insurance - Diversified,458.63,988214657024.0,149547008000.0,-0.002,Omaha,NE,United States,396500.0,0.0174254295026845
2024-09-27,BRK-B,457.4700012207031,457.4700012207031,458.2699890136719,455.0400085449219,456.0400085449219,2728000.0,NYQ,Berkshire Hathaway Inc. New,Berkshire Hathaway Inc.,Financial Services,Insurance - Diversified,458.63,988214657024.0,149547008000.0,-0.002,Omaha,NE,United States,396500.0,0.0174254295026845
2024-09-30,BRK-B,460.260009765625,460.260009765625,460.6300048828125,454.5499877929688,458.3999938964844,3631100.0,NYQ,Berkshire Hathaway Inc. New,Berkshire Hathaway Inc.,Financial Services,Insurance - Diversified,458.63,988214657024.0,149547008000.0,-0.002,Omaha,NE,United States,396500.0,0.0174254295026845
2024-10-01,BRK-B,457.4100036621094,457.4100036621094,459.7900085449219,454.8200073242188,459.1099853515625,3043700.0,NYQ,Berkshire Hathaway Inc. New,Berkshire Hathaway Inc.,Financial Services,Insurance - Diversified,458.63,988214657024.0,149547008000.0,-0.002,Omaha,NE,United States,396500.0,0.0174254295026845
2024-10-02,BRK-B,456.6700134277344,456.6700134277344,458.7000122070313,454.1900024414063,458.7000122070313,2803400.0,NYQ,Berkshire Hathaway Inc. New,Berkshire Hathaway Inc.,Financial Services,Insurance - Diversified,458.63,988214657024.0,149547008000.0,-0.002,Omaha,NE,United States,396500.0,0.0174254295026845
2024-10-03,BRK-B,452.9599914550781,452.9599914550781,455.9700012207031,450.9200134277344,455.4700012207031,2564700.0,NYQ,Berkshire Hathaway Inc. New,Berkshire Hathaway Inc.,Financial Services,Insurance - Diversified,458.63,988214657024.0,149547008000.0,-0.002,Omaha,NE,United States,396500.0,0.0174254295026845
2024-10-04,BRK-B,461.9700012207031,461.9700012207031,462.1799926757813,453.80999755859375,455.010009765625,3090200.0,NYQ,Berkshire Hathaway Inc. New,Berkshire Hathaway Inc.,Financial Services,Insurance - Diversified,458.63,988214657024.0,149547008000.0,-0.002,Omaha,NE,United States,396500.0,0.0174254295026845
2024-10-07,BRK-B,453.5,453.5,462.3399963378906,452.4100036621094,462.3399963378906,3222100.0,NYQ,Berkshire Hathaway Inc. New,Berkshire Hathaway Inc.,Financial Services,Insurance - Diversified,458.63,988214657024.0,149547008000.0,-0.002,Omaha,NE,United States,396500.0,0.0174254295026845
2024-10-08,BRK-B,453.7999877929688,453.7999877929688,457.55999755859375,452.8500061035156,455.9599914550781,2234100.0,NYQ,Berkshire Hathaway Inc. New,Berkshire Hathaway Inc.,Financial Services,Insurance - Diversified,458.63,988214657024.0,149547008000.0,-0.002,Omaha,NE,United States,396500.0,0.0174254295026845
2024-10-09,BRK-B,455.8999938964844,455.8999938964844,457.8800048828125,452.3599853515625,452.75,2206100.0,NYQ,Berkshire Hathaway Inc. New,Berkshire Hathaway Inc.,Financial Services,Insurance - Diversified,458.63,988214657024.0,149547008000.0,-0.002,Omaha,NE,United States,396500.0,0.0174254295026845
2024-10-10,BRK-B,454.9299926757813,454.9299926757813,457.510009765625,452.7200012207031,457.5,2375800.0,NYQ,Berkshire Hathaway Inc. New,Berkshire Hathaway Inc.,Financial Services,Insurance - Diversified,458.63,988214657024.0,149547008000.0,-0.002,Omaha,NE,United States,396500.0,0.0174254295026845
2024-10-11,BRK-B,460.2099914550781,460.2099914550781,463.4500122070313,455.8999938964844,455.8999938964844,3242000.0,NYQ,Berkshire Hathaway Inc. New,Berkshire Hathaway Inc.,Financial Services,Insurance - Diversified,458.63,988214657024.0,149547008000.0,-0.002,Omaha,NE,United States,396500.0,0.0174254295026845
2024-10-14,BRK-B,459.9800109863281,459.9800109863281,462.0,458.1000061035156,461.9200134277344,2969800.0,NYQ,Berkshire Hathaway Inc. New,Berkshire Hathaway Inc.,Financial Services,Insurance - Diversified,458.63,988214657024.0,149547008000.0,-0.002,Omaha,NE,United States,396500.0,0.0174254295026845
2024-10-15,BRK-B,462.6799926757813,462.6799926757813,466.6600036621094,460.510009765625,460.989990234375,3929900.0,NYQ,Berkshire Hathaway Inc. New,Berkshire Hathaway Inc.,Financial Services,Insurance - Diversified,458.63,988214657024.0,149547008000.0,-0.002,Omaha,NE,United States,396500.0,0.0174254295026845
2024-10-16,BRK-B,465.6900024414063,465.6900024414063,466.0,462.2000122070313,463.25,3166300.0,NYQ,Berkshire Hathaway Inc. New,Berkshire Hathaway Inc.,Financial Services,Insurance - Diversified,458.63,988214657024.0,149547008000.0,-0.002,Omaha,NE,United States,396500.0,0.0174254295026845
2024-10-17,BRK-B,465.8500061035156,465.8500061035156,467.8399963378906,464.2699890136719,466.1000061035156,2520900.0,NYQ,Berkshire Hathaway Inc. New,Berkshire Hathaway Inc.,Financial Services,Insurance - Diversified,458.63,988214657024.0,149547008000.0,-0.002,Omaha,NE,United States,396500.0,0.0174254295026845
2024-10-18,BRK-B,464.7999877929688,464.7999877929688,467.0,463.25,467.0,5635500.0,NYQ,Berkshire Hathaway Inc. New,Berkshire Hathaway Inc.,Financial Services,Insurance - Diversified,458.63,988214657024.0,149547008000.0,-0.002,Omaha,NE,United States,396500.0,0.0174254295026845
2024-10-21,BRK-B,464.1600036621094,464.1600036621094,465.7900085449219,461.6799926757813,464.5299987792969,3131500.0,NYQ,Berkshire Hathaway Inc. New,Berkshire Hathaway Inc.,Financial Services,Insurance - Diversified,458.63,988214657024.0,149547008000.0,-0.002,Omaha,NE,United States,396500.0,0.0174254295026845
2024-10-22,BRK-B,461.4500122070313,461.4500122070313,465.1499938964844,457.6000061035156,464.1099853515625,3315200.0,NYQ,Berkshire Hathaway Inc. New,Berkshire Hathaway Inc.,Financial Services,Insurance - Diversified,458.63,988214657024.0,149547008000.0,-0.002,Omaha,NE,United States,396500.0,0.0174254295026845
2024-10-23,BRK-B,460.6099853515625,460.6099853515625,463.260009765625,458.75,460.1499938964844,3655200.0,NYQ,Berkshire Hathaway Inc. New,Berkshire Hathaway Inc.,Financial Services,Insurance - Diversified,458.63,988214657024.0,149547008000.0,-0.002,Omaha,NE,United States,396500.0,0.0174254295026845
2024-10-24,BRK-B,457.7699890136719,457.7699890136719,461.0499877929688,453.9599914550781,460.8999938964844,3793500.0,NYQ,Berkshire Hathaway Inc. New,Berkshire Hathaway Inc.,Financial Services,Insurance - Diversified,458.63,988214657024.0,149547008000.0,-0.002,Omaha,NE,United States,396500.0,0.0174254295026845
2024-10-25,BRK-B,454.010009765625,454.010009765625,459.4500122070313,453.0299987792969,458.6000061035156,2838900.0,NYQ,Berkshire Hathaway Inc. New,Berkshire Hathaway Inc.,Financial Services,Insurance - Diversified,458.63,988214657024.0,149547008000.0,-0.002,Omaha,NE,United States,396500.0,0.0174254295026845
2024-10-28,BRK-B,458.489990234375,458.489990234375,459.239990234375,455.0,455.5899963378906,4103400.0,NYQ,Berkshire Hathaway Inc. New,Berkshire Hathaway Inc.,Financial Services,Insurance - Diversified,458.63,988214657024.0,149547008000.0,-0.002,Omaha,NE,United States,396500.0,0.0174254295026845
2024-10-29,BRK-B,454.6199951171875,454.6199951171875,458.9200134277344,454.3900146484375,458.6000061035156,3985200.0,NYQ,Berkshire Hathaway Inc. New,Berkshire Hathaway Inc.,Financial Services,Insurance - Diversified,458.63,988214657024.0,149547008000.0,-0.002,Omaha,NE,United States,396500.0,0.0174254295026845
2024-10-30,BRK-B,454.9599914550781,454.9599914550781,457.6700134277344,453.8200073242188,454.6700134277344,2692100.0,NYQ,Berkshire Hathaway Inc. New,Berkshire Hathaway Inc.,Financial Services,Insurance - Diversified,458.63,988214657024.0,149547008000.0,-0.002,Omaha,NE,United States,396500.0,0.0174254295026845
2024-10-31,BRK-B,450.9200134277344,450.9200134277344,456.8399963378906,450.5700073242188,455.1900024414063,3660300.0,NYQ,Berkshire Hathaway Inc. New,Berkshire Hathaway Inc.,Financial Services,Insurance - Diversified,458.63,988214657024.0,149547008000.0,-0.002,Omaha,NE,United States,396500.0,0.0174254295026845
2024-11-01,BRK-B,452.1400146484375,452.1400146484375,455.1199951171875,450.7000122070313,451.489990234375,2971300.0,NYQ,Berkshire Hathaway Inc. New,Berkshire Hathaway Inc.,Financial Services,Insurance - Diversified,458.63,988214657024.0,149547008000.0,-0.002,Omaha,NE,United States,396500.0,0.0174254295026845
2024-11-04,BRK-B,442.2900085449219,442.2900085449219,450.7000122070313,437.8999938964844,450.3699951171875,5733200.0,NYQ,Berkshire Hathaway Inc. New,Berkshire Hathaway Inc.,Financial Services,Insurance - Diversified,458.63,988214657024.0,149547008000.0,-0.002,Omaha,NE,United States,396500.0,0.0174254295026845
2024-11-05,BRK-B,445.05999755859375,445.05999755859375,445.2300109863281,441.1000061035156,442.2900085449219,3154400.0,NYQ,Berkshire Hathaway Inc. New,Berkshire Hathaway Inc.,Financial Services,Insurance - Diversified,458.63,988214657024.0,149547008000.0,-0.002,Omaha,NE,United States,396500.0,0.0174254295026845
2024-11-06,BRK-B,468.8999938964844,468.8999938964844,469.260009765625,459.4800109863281,461.0,6906800.0,NYQ,Berkshire Hathaway Inc. New,Berkshire Hathaway Inc.,Financial Services,Insurance - Diversified,458.63,988214657024.0,149547008000.0,-0.002,Omaha,NE,United States,396500.0,0.0174254295026845
2024-11-07,BRK-B,460.1300048828125,460.1300048828125,468.4599914550781,460.1000061035156,468.2699890136719,4238000.0,NYQ,Berkshire Hathaway Inc. New,Berkshire Hathaway Inc.,Financial Services,Insurance - Diversified,458.63,988214657024.0,149547008000.0,-0.002,Omaha,NE,United States,396500.0,0.0174254295026845
2024-11-08,BRK-B,463.4100036621094,463.4100036621094,466.3500061035156,459.5,461.9800109863281,3541300.0,NYQ,Berkshire Hathaway Inc. New,Berkshire Hathaway Inc.,Financial Services,Insurance - Diversified,458.63,988214657024.0,149547008000.0,-0.002,Omaha,NE,United States,396500.0,0.0174254295026845
2024-11-11,BRK-B,467.3599853515625,467.3599853515625,470.510009765625,464.0,466.010009765625,4119100.0,NYQ,Berkshire Hathaway Inc. New,Berkshire Hathaway Inc.,Financial Services,Insurance - Diversified,458.63,988214657024.0,149547008000.0,-0.002,Omaha,NE,United States,396500.0,0.0174254295026845
2024-11-12,BRK-B,466.2900085449219,466.2900085449219,468.4200134277344,465.1499938964844,467.6900024414063,4400500.0,NYQ,Berkshire Hathaway Inc. New,Berkshire Hathaway Inc.,Financial Services,Insurance - Diversified,458.63,988214657024.0,149547008000.0,-0.002,Omaha,NE,United States,396500.0,0.0174254295026845
2024-11-13,BRK-B,468.1000061035156,468.1000061035156,468.3999938964844,464.0,466.4100036621094,2861700.0,NYQ,Berkshire Hathaway Inc. New,Berkshire Hathaway Inc.,Financial Services,Insurance - Diversified,458.63,988214657024.0,149547008000.0,-0.002,Omaha,NE,United States,396500.0,0.0174254295026845
2024-11-14,BRK-B,467.7000122070313,467.7000122070313,469.4500122070313,466.0,468.80999755859375,3777300.0,NYQ,Berkshire Hathaway Inc. New,Berkshire Hathaway Inc.,Financial Services,Insurance - Diversified,458.63,988214657024.0,149547008000.0,-0.002,Omaha,NE,United States,396500.0,0.0174254295026845
2024-11-15,BRK-B,470.2799987792969,470.2799987792969,472.260009765625,465.1900024414063,466.739990234375,5817700.0,NYQ,Berkshire Hathaway Inc. New,Berkshire Hathaway Inc.,Financial Services,Insurance - Diversified,458.63,988214657024.0,149547008000.0,-0.002,Omaha,NE,United States,396500.0,0.0174254295026845
2024-11-18,BRK-B,472.2000122070313,472.2000122070313,472.6700134277344,468.3599853515625,470.9800109863281,3358400.0,NYQ,Berkshire Hathaway Inc. New,Berkshire Hathaway Inc.,Financial Services,Insurance - Diversified,458.63,988214657024.0,149547008000.0,-0.002,Omaha,NE,United States,396500.0,0.0174254295026845
2024-11-19,BRK-B,468.8599853515625,468.8599853515625,470.7699890136719,465.010009765625,470.7699890136719,3656200.0,NYQ,Berkshire Hathaway Inc. New,Berkshire Hathaway Inc.,Financial Services,Insurance - Diversified,458.63,988214657024.0,149547008000.0,-0.002,Omaha,NE,United States,396500.0,0.0174254295026845
2024-11-20,BRK-B,468.8299865722656,468.8299865722656,470.6099853515625,466.1099853515625,470.0,3019500.0,NYQ,Berkshire Hathaway Inc. New,Berkshire Hathaway Inc.,Financial Services,Insurance - Diversified,458.63,988214657024.0,149547008000.0,-0.002,Omaha,NE,United States,396500.0,0.0174254295026845
2024-11-21,BRK-B,472.05999755859375,472.05999755859375,474.6600036621094,467.0,469.4500122070313,4116800.0,NYQ,Berkshire Hathaway Inc. New,Berkshire Hathaway Inc.,Financial Services,Insurance - Diversified,458.63,988214657024.0,149547008000.0,-0.002,Omaha,NE,United States,396500.0,0.0174254295026845
2024-11-22,BRK-B,476.5700073242188,476.5700073242188,477.4400024414063,471.6099853515625,472.2699890136719,3885200.0,NYQ,Berkshire Hathaway Inc. New,Berkshire Hathaway Inc.,Financial Services,Insurance - Diversified,458.63,988214657024.0,149547008000.0,-0.002,Omaha,NE,United States,396500.0,0.0174254295026845
2024-11-25,BRK-B,477.4299926757813,477.4299926757813,482.5,476.7900085449219,479.1300048828125,5246600.0,NYQ,Berkshire Hathaway Inc. New,Berkshire Hathaway Inc.,Financial Services,Insurance - Diversified,458.63,988214657024.0,149547008000.0,-0.002,Omaha,NE,United States,396500.0,0.0174254295026845
2024-11-26,BRK-B,478.55999755859375,478.55999755859375,479.3999938964844,472.8500061035156,478.2000122070313,3332000.0,NYQ,Berkshire Hathaway Inc. New,Berkshire Hathaway Inc.,Financial Services,Insurance - Diversified,458.63,988214657024.0,149547008000.0,-0.002,Omaha,NE,United States,396500.0,0.0174254295026845
2024-11-27,BRK-B,483.0799865722656,483.0799865722656,491.6700134277344,480.8699951171875,481.0,5359300.0,NYQ,Berkshire Hathaway Inc. New,Berkshire Hathaway Inc.,Financial Services,Insurance - Diversified,458.63,988214657024.0,149547008000.0,-0.002,Omaha,NE,United States,396500.0,0.0174254295026845
2024-11-29,BRK-B,483.0199890136719,483.0199890136719,486.010009765625,482.0499877929688,485.3699951171875,2969700.0,NYQ,Berkshire Hathaway Inc. New,Berkshire Hathaway Inc.,Financial Services,Insurance - Diversified,458.63,988214657024.0,149547008000.0,-0.002,Omaha,NE,United States,396500.0,0.0174254295026845
2024-12-02,BRK-B,477.3299865722656,477.3299865722656,485.0899963378906,474.75,484.7999877929688,5031500.0,NYQ,Berkshire Hathaway Inc. New,Berkshire Hathaway Inc.,Financial Services,Insurance - Diversified,458.63,988214657024.0,149547008000.0,-0.002,Omaha,NE,United States,396500.0,0.0174254295026845
2024-12-03,BRK-B,470.1900024414063,470.1900024414063,478.2999877929688,468.80999755859375,478.1600036621094,4931600.0,NYQ,Berkshire Hathaway Inc. New,Berkshire Hathaway Inc.,Financial Services,Insurance - Diversified,458.63,988214657024.0,149547008000.0,-0.002,Omaha,NE,United States,396500.0,0.0174254295026845
2024-12-04,BRK-B,468.3200073242188,468.3200073242188,471.3399963378906,466.5,471.0899963378906,3941100.0,NYQ,Berkshire Hathaway Inc. New,Berkshire Hathaway Inc.,Financial Services,Insurance - Diversified,458.63,988214657024.0,149547008000.0,-0.002,Omaha,NE,United States,396500.0,0.0174254295026845
2024-12-05,BRK-B,470.5700073242188,470.5700073242188,472.739990234375,468.7200012207031,468.7799987792969,3320200.0,NYQ,Berkshire Hathaway Inc. New,Berkshire Hathaway Inc.,Financial Services,Insurance - Diversified,458.63,988214657024.0,149547008000.0,-0.002,Omaha,NE,United States,396500.0,0.0174254295026845
2024-12-06,BRK-B,470.5,470.5,472.0799865722656,467.8200073242188,470.5799865722656,3270900.0,NYQ,Berkshire Hathaway Inc. New,Berkshire Hathaway Inc.,Financial Services,Insurance - Diversified,458.63,988214657024.0,149547008000.0,-0.002,Omaha,NE,United States,396500.0,0.0174254295026845
2024-12-09,BRK-B,463.8699951171875,463.8699951171875,471.7000122070313,463.4200134277344,470.6000061035156,3748200.0,NYQ,Berkshire Hathaway Inc. New,Berkshire Hathaway Inc.,Financial Services,Insurance - Diversified,458.63,988214657024.0,149547008000.0,-0.002,Omaha,NE,United States,396500.0,0.0174254295026845
2024-12-10,BRK-B,462.489990234375,462.489990234375,464.989990234375,459.5,464.4200134277344,3648500.0,NYQ,Berkshire Hathaway Inc. New,Berkshire Hathaway Inc.,Financial Services,Insurance - Diversified,458.63,988214657024.0,149547008000.0,-0.002,Omaha,NE,United States,396500.0,0.0174254295026845
2024-12-11,BRK-B,461.3900146484375,461.3900146484375,465.4800109863281,458.7699890136719,463.3299865722656,3876900.0,NYQ,Berkshire Hathaway Inc. New,Berkshire Hathaway Inc.,Financial Services,Insurance - Diversified,458.63,988214657024.0,149547008000.0,-0.002,Omaha,NE,United States,396500.0,0.0174254295026845
2024-12-12,BRK-B,458.6300048828125,458.6300048828125,463.5700073242188,458.0799865722656,462.1600036621094,2560865.0,NYQ,Berkshire Hathaway Inc. New,Berkshire Hathaway Inc.,Financial Services,Insurance - Diversified,458.63,988214657024.0,149547008000.0,-0.002,Omaha,NE,United States,396500.0,0.0174254295026845
2024-01-02,AVGO,107.38245391845705,108.53800201416016,110.1999969482422,107.70899963378906,109.21199798583984,28831000.0,NMS,Broadcom Inc.,Broadcom Inc.,Technology,Semiconductors,180.66,843787010048.0,22958000128.0,0.164,Palo Alto,CA,United States,20000.0,0.0148787016609846
2024-01-03,AVGO,104.7309799194336,105.85800170898438,107.5,105.53099822998048,107.0199966430664,34735000.0,NMS,Broadcom Inc.,Broadcom Inc.,Technology,Semiconductors,180.66,843787010048.0,22958000128.0,0.164,Palo Alto,CA,United States,20000.0,0.0148787016609846
2024-01-04,AVGO,103.78416442871094,104.9010009765625,106.9499969482422,104.73699951171876,105.7959976196289,25658000.0,NMS,Broadcom Inc.,Broadcom Inc.,Technology,Semiconductors,180.66,843787010048.0,22958000128.0,0.164,Palo Alto,CA,United States,20000.0,0.0148787016609846
2024-01-05,AVGO,103.81088256835938,104.9280014038086,105.5459976196289,104.1510009765625,105.16000366210938,22475000.0,NMS,Broadcom Inc.,Broadcom Inc.,Technology,Semiconductors,180.66,843787010048.0,22958000128.0,0.164,Palo Alto,CA,United States,20000.0,0.0148787016609846
2024-01-08,AVGO,106.34065246582033,107.48500061035156,107.8000030517578,105.1999969482422,105.6500015258789,33110000.0,NMS,Broadcom Inc.,Broadcom Inc.,Technology,Semiconductors,180.66,843787010048.0,22958000128.0,0.164,Palo Alto,CA,United States,20000.0,0.0148787016609846
2024-01-09,AVGO,107.09651947021484,108.2490005493164,108.8550033569336,106.47100067138672,106.56199645996094,23225000.0,NMS,Broadcom Inc.,Broadcom Inc.,Technology,Semiconductors,180.66,843787010048.0,22958000128.0,0.164,Palo Alto,CA,United States,20000.0,0.0148787016609846
2024-01-10,AVGO,106.90656280517578,108.05699920654295,108.2959976196289,106.26000213623048,108.03500366210938,17643000.0,NMS,Broadcom Inc.,Broadcom Inc.,Technology,Semiconductors,180.66,843787010048.0,22958000128.0,0.164,Palo Alto,CA,United States,20000.0,0.0148787016609846
2024-01-11,AVGO,108.82689666748048,109.9980010986328,110.12999725341795,107.45099639892578,108.43199920654295,25757000.0,NMS,Broadcom Inc.,Broadcom Inc.,Technology,Semiconductors,180.66,843787010048.0,22958000128.0,0.164,Palo Alto,CA,United States,20000.0,0.0148787016609846
2024-01-12,AVGO,109.58869934082033,110.76799774169922,111.56900024414062,110.0009994506836,111.20999908447266,26882000.0,NMS,Broadcom Inc.,Broadcom Inc.,Technology,Semiconductors,180.66,843787010048.0,22958000128.0,0.164,Palo Alto,CA,United States,20000.0,0.0148787016609846
2024-01-16,AVGO,110.3089599609375,111.49600219726562,112.6240005493164,109.86299896240234,111.23400115966795,26145000.0,NMS,Broadcom Inc.,Broadcom Inc.,Technology,Semiconductors,180.66,843787010048.0,22958000128.0,0.164,Palo Alto,CA,United States,20000.0,0.0148787016609846
2024-01-17,AVGO,109.19197845458984,110.36699676513672,111.31099700927734,109.02100372314452,110.62899780273438,18314000.0,NMS,Broadcom Inc.,Broadcom Inc.,Technology,Semiconductors,180.66,843787010048.0,22958000128.0,0.164,Palo Alto,CA,United States,20000.0,0.0148787016609846
2024-01-18,AVGO,113.17313385009766,114.39099884033205,114.65499877929688,112.18800354003906,112.48999786376952,32228000.0,NMS,Broadcom Inc.,Broadcom Inc.,Technology,Semiconductors,180.66,843787010048.0,22958000128.0,0.164,Palo Alto,CA,United States,20000.0,0.0148787016609846
2024-01-19,AVGO,119.83049011230467,121.12000274658205,121.6999969482422,115.5999984741211,115.7310028076172,53077000.0,NMS,Broadcom Inc.,Broadcom Inc.,Technology,Semiconductors,180.66,843787010048.0,22958000128.0,0.164,Palo Alto,CA,United States,20000.0,0.0148787016609846
2024-01-22,AVGO,120.75059509277344,122.0500030517578,123.13300323486328,120.8219985961914,121.625,31222000.0,NMS,Broadcom Inc.,Broadcom Inc.,Technology,Semiconductors,180.66,843787010048.0,22958000128.0,0.164,Palo Alto,CA,United States,20000.0,0.0148787016609846
2024-01-23,AVGO,121.32540130615234,122.63099670410156,122.697998046875,120.35199737548828,122.0999984741211,16952000.0,NMS,Broadcom Inc.,Broadcom Inc.,Technology,Semiconductors,180.66,843787010048.0,22958000128.0,0.164,Palo Alto,CA,United States,20000.0,0.0148787016609846
2024-01-24,AVGO,124.05207061767578,125.38700103759766,128.4550018310547,123.10099792480467,124.2300033569336,34805000.0,NMS,Broadcom Inc.,Broadcom Inc.,Technology,Semiconductors,180.66,843787010048.0,22958000128.0,0.164,Palo Alto,CA,United States,20000.0,0.0148787016609846
2024-01-25,AVGO,121.6904754638672,123.0,128.10000610351562,122.87999725341795,128.10000610351562,36356000.0,NMS,Broadcom Inc.,Broadcom Inc.,Technology,Semiconductors,180.66,843787010048.0,22958000128.0,0.164,Palo Alto,CA,United States,20000.0,0.0148787016609846
2024-01-26,AVGO,119.20521545410156,120.48799896240234,122.12100219726562,120.02300262451172,121.97000122070312,25818000.0,NMS,Broadcom Inc.,Broadcom Inc.,Technology,Semiconductors,180.66,843787010048.0,22958000128.0,0.164,Palo Alto,CA,United States,20000.0,0.0148787016609846
2024-01-29,AVGO,120.4804916381836,121.7770004272461,122.36699676513672,120.4990005493164,121.49099731445312,21526000.0,NMS,Broadcom Inc.,Broadcom Inc.,Technology,Semiconductors,180.66,843787010048.0,22958000128.0,0.164,Palo Alto,CA,United States,20000.0,0.0148787016609846
2024-01-30,AVGO,119.52973175048828,120.81600189208984,122.8000030517578,120.4290008544922,121.677001953125,20683000.0,NMS,Broadcom Inc.,Broadcom Inc.,Technology,Semiconductors,180.66,843787010048.0,22958000128.0,0.164,Palo Alto,CA,United States,20000.0,0.0148787016609846
2024-01-31,AVGO,116.74370574951172,118.0,119.72200012207033,117.43099975585938,118.94499969482422,27400000.0,NMS,Broadcom Inc.,Broadcom Inc.,Technology,Semiconductors,180.66,843787010048.0,22958000128.0,0.164,Palo Alto,CA,United States,20000.0,0.0148787016609846
2024-02-01,AVGO,118.72340393066406,120.0009994506836,120.30899810791016,117.91100311279295,118.73500061035156,19411000.0,NMS,Broadcom Inc.,Broadcom Inc.,Technology,Semiconductors,180.66,843787010048.0,22958000128.0,0.164,Palo Alto,CA,United States,20000.0,0.0148787016609846
2024-02-02,AVGO,121.13050842285156,122.43399810791016,123.46900177001952,120.51499938964844,120.875,26689000.0,NMS,Broadcom Inc.,Broadcom Inc.,Technology,Semiconductors,180.66,843787010048.0,22958000128.0,0.164,Palo Alto,CA,United States,20000.0,0.0148787016609846
2024-02-05,AVGO,122.98653411865234,124.30999755859376,124.7750015258789,122.21499633789062,122.6959991455078,22045000.0,NMS,Broadcom Inc.,Broadcom Inc.,Technology,Semiconductors,180.66,843787010048.0,22958000128.0,0.164,Palo Alto,CA,United States,20000.0,0.0148787016609846
2024-02-06,AVGO,120.96330261230467,122.26499938964844,127.21099853515624,121.19400024414062,126.35700225830078,25354000.0,NMS,Broadcom Inc.,Broadcom Inc.,Technology,Semiconductors,180.66,843787010048.0,22958000128.0,0.164,Palo Alto,CA,United States,20000.0,0.0148787016609846
2024-02-07,AVGO,124.36767578125,125.70600128173828,125.95099639892578,122.66999816894533,123.4000015258789,25768000.0,NMS,Broadcom Inc.,Broadcom Inc.,Technology,Semiconductors,180.66,843787010048.0,22958000128.0,0.164,Palo Alto,CA,United States,20000.0,0.0148787016609846
2024-02-08,AVGO,126.11882019042967,127.47599792480467,129.5970001220703,126.5009994506836,126.6999969482422,29326000.0,NMS,Broadcom Inc.,Broadcom Inc.,Technology,Semiconductors,180.66,843787010048.0,22958000128.0,0.164,Palo Alto,CA,United States,20000.0,0.0148787016609846
2024-02-09,AVGO,126.97757720947266,128.343994140625,128.5749969482422,124.89900207519533,125.2030029296875,26293000.0,NMS,Broadcom Inc.,Broadcom Inc.,Technology,Semiconductors,180.66,843787010048.0,22958000128.0,0.164,Palo Alto,CA,United States,20000.0,0.0148787016609846
2024-02-12,AVGO,125.15321350097656,126.5,129.0070037841797,125.9000015258789,129.00100708007812,24778000.0,NMS,Broadcom Inc.,Broadcom Inc.,Technology,Semiconductors,180.66,843787010048.0,22958000128.0,0.164,Palo Alto,CA,United States,20000.0,0.0148787016609846
2024-02-13,AVGO,123.8324203491211,125.16500091552734,125.58699798583984,122.70899963378906,123.51200103759766,31907000.0,NMS,Broadcom Inc.,Broadcom Inc.,Technology,Semiconductors,180.66,843787010048.0,22958000128.0,0.164,Palo Alto,CA,United States,20000.0,0.0148787016609846
2024-02-14,AVGO,124.878173828125,126.22200012207033,127.3000030517578,124.13200378417967,126.92400360107422,27306000.0,NMS,Broadcom Inc.,Broadcom Inc.,Technology,Semiconductors,180.66,843787010048.0,22958000128.0,0.164,Palo Alto,CA,United States,20000.0,0.0148787016609846
2024-02-15,AVGO,125.16014099121094,126.50700378417967,128.0,124.48500061035156,127.99500274658205,21873000.0,NMS,Broadcom Inc.,Broadcom Inc.,Technology,Semiconductors,180.66,843787010048.0,22958000128.0,0.164,Palo Alto,CA,United States,20000.0,0.0148787016609846
2024-02-16,AVGO,123.22199249267578,124.5479965209961,127.56800079345705,124.23899841308594,125.90399932861328,21268000.0,NMS,Broadcom Inc.,Broadcom Inc.,Technology,Semiconductors,180.66,843787010048.0,22958000128.0,0.164,Palo Alto,CA,United States,20000.0,0.0148787016609846
2024-02-20,AVGO,121.34915161132812,122.65499877929688,123.77200317382812,121.25599670410156,123.58599853515624,26329000.0,NMS,Broadcom Inc.,Broadcom Inc.,Technology,Semiconductors,180.66,843787010048.0,22958000128.0,0.164,Palo Alto,CA,United States,20000.0,0.0148787016609846
2024-02-21,AVGO,121.43819427490234,122.74500274658205,122.80500030517578,120.26399993896484,121.8000030517578,20640000.0,NMS,Broadcom Inc.,Broadcom Inc.,Technology,Semiconductors,180.66,843787010048.0,22958000128.0,0.164,Palo Alto,CA,United States,20000.0,0.0148787016609846
2024-02-22,AVGO,129.10073852539062,130.49000549316406,131.09800720214844,127.64700317382812,128.17100524902344,40819000.0,NMS,Broadcom Inc.,Broadcom Inc.,Technology,Semiconductors,180.66,843787010048.0,22958000128.0,0.164,Palo Alto,CA,United States,20000.0,0.0148787016609846
2024-02-23,AVGO,128.25680541992188,129.63699340820312,131.96200561523438,128.8820037841797,130.83700561523438,23115000.0,NMS,Broadcom Inc.,Broadcom Inc.,Technology,Semiconductors,180.66,843787010048.0,22958000128.0,0.164,Palo Alto,CA,United States,20000.0,0.0148787016609846
2024-02-26,AVGO,129.51922607421875,130.91299438476562,131.87899780273438,130.14599609375,131.0,16282000.0,NMS,Broadcom Inc.,Broadcom Inc.,Technology,Semiconductors,180.66,843787010048.0,22958000128.0,0.164,Palo Alto,CA,United States,20000.0,0.0148787016609846
2024-02-27,AVGO,128.24295043945312,129.6230010986328,131.19400024414062,129.2220001220703,130.91299438476562,12126000.0,NMS,Broadcom Inc.,Broadcom Inc.,Technology,Semiconductors,180.66,843787010048.0,22958000128.0,0.164,Palo Alto,CA,United States,20000.0,0.0148787016609846
2024-02-28,AVGO,127.5692138671875,128.94200134277344,129.8520050048828,128.2969970703125,129.3000030517578,10967000.0,NMS,Broadcom Inc.,Broadcom Inc.,Technology,Semiconductors,180.66,843787010048.0,22958000128.0,0.164,Palo Alto,CA,United States,20000.0,0.0148787016609846
2024-02-29,AVGO,128.6644287109375,130.0489959716797,130.83999633789062,128.72799682617188,130.33099365234375,27536000.0,NMS,Broadcom Inc.,Broadcom Inc.,Technology,Semiconductors,180.66,843787010048.0,22958000128.0,0.164,Palo Alto,CA,United States,20000.0,0.0148787016609846
2024-03-01,AVGO,138.42738342285156,139.91700744628906,140.7760009765625,132.0,132.59300231933594,44488000.0,NMS,Broadcom Inc.,Broadcom Inc.,Technology,Semiconductors,180.66,843787010048.0,22958000128.0,0.164,Palo Alto,CA,United States,20000.0,0.0148787016609846
2024-03-04,AVGO,138.73306274414062,140.2259979248047,143.81700134277344,138.5189971923828,140.31500244140625,34854000.0,NMS,Broadcom Inc.,Broadcom Inc.,Technology,Semiconductors,180.66,843787010048.0,22958000128.0,0.164,Palo Alto,CA,United States,20000.0,0.0148787016609846
2024-03-05,AVGO,132.84544372558594,134.27499389648438,139.5,133.23699951171875,139.5,36040000.0,NMS,Broadcom Inc.,Broadcom Inc.,Technology,Semiconductors,180.66,843787010048.0,22958000128.0,0.164,Palo Alto,CA,United States,20000.0,0.0148787016609846
2024-03-06,AVGO,133.56271362304688,135.0,139.48300170898438,134.70599365234375,139.1580047607422,43196000.0,NMS,Broadcom Inc.,Broadcom Inc.,Technology,Semiconductors,180.66,843787010048.0,22958000128.0,0.164,Palo Alto,CA,United States,20000.0,0.0148787016609846
2024-03-07,AVGO,139.20301818847656,140.7010040283203,141.43099975585938,137.28900146484375,138.19900512695312,62832000.0,NMS,Broadcom Inc.,Broadcom Inc.,Technology,Semiconductors,180.66,843787010048.0,22958000128.0,0.164,Palo Alto,CA,United States,20000.0,0.0148787016609846
2024-03-08,AVGO,129.47865295410156,130.8719940185547,141.3000030517578,130.1580047607422,139.4250030517578,74025000.0,NMS,Broadcom Inc.,Broadcom Inc.,Technology,Semiconductors,180.66,843787010048.0,22958000128.0,0.164,Palo Alto,CA,United States,20000.0,0.0148787016609846
2024-03-11,AVGO,127.93527221679688,129.31199645996094,129.90199279785156,125.25599670410156,127.79299926757812,31105000.0,NMS,Broadcom Inc.,Broadcom Inc.,Technology,Semiconductors,180.66,843787010048.0,22958000128.0,0.164,Palo Alto,CA,United States,20000.0,0.0148787016609846
2024-03-12,AVGO,127.8125991821289,129.18800354003906,130.7790069580078,125.9280014038086,130.6999969482422,42789000.0,NMS,Broadcom Inc.,Broadcom Inc.,Technology,Semiconductors,180.66,843787010048.0,22958000128.0,0.164,Palo Alto,CA,United States,20000.0,0.0148787016609846
2024-03-13,AVGO,124.44780731201172,125.78700256347656,128.28799438476562,125.23600006103516,128.28799438476562,37838000.0,NMS,Broadcom Inc.,Broadcom Inc.,Technology,Semiconductors,180.66,843787010048.0,22958000128.0,0.164,Palo Alto,CA,United States,20000.0,0.0148787016609846
2024-03-14,AVGO,124.88311767578124,126.22699737548828,127.31300354003906,124.77100372314452,126.25399780273438,38029000.0,NMS,Broadcom Inc.,Broadcom Inc.,Technology,Semiconductors,180.66,843787010048.0,22958000128.0,0.164,Palo Alto,CA,United States,20000.0,0.0148787016609846
2024-03-15,AVGO,122.234619140625,123.5500030517578,126.73699951171876,123.00700378417967,125.34600067138672,88823000.0,NMS,Broadcom Inc.,Broadcom Inc.,Technology,Semiconductors,180.66,843787010048.0,22958000128.0,0.164,Palo Alto,CA,United States,20000.0,0.0148787016609846
2024-03-18,AVGO,122.4067611694336,123.7239990234375,126.28800201416016,123.16999816894533,125.39800262451172,25737000.0,NMS,Broadcom Inc.,Broadcom Inc.,Technology,Semiconductors,180.66,843787010048.0,22958000128.0,0.164,Palo Alto,CA,United States,20000.0,0.0148787016609846
2024-03-19,AVGO,122.48294830322266,123.8010025024414,124.0270004272461,120.4020004272461,121.69499969482422,24491000.0,NMS,Broadcom Inc.,Broadcom Inc.,Technology,Semiconductors,180.66,843787010048.0,22958000128.0,0.164,Palo Alto,CA,United States,20000.0,0.0148787016609846
2024-03-20,AVGO,126.77912902832033,127.5999984741211,128.7989959716797,122.65899658203124,123.9020004272461,40946000.0,NMS,Broadcom Inc.,Broadcom Inc.,Technology,Semiconductors,180.66,843787010048.0,22958000128.0,0.164,Palo Alto,CA,United States,20000.0,0.0148787016609846
2024-03-21,AVGO,133.9328155517578,134.8000030517578,140.36099243164062,131.60000610351562,132.83200073242188,72468000.0,NMS,Broadcom Inc.,Broadcom Inc.,Technology,Semiconductors,180.66,843787010048.0,22958000128.0,0.164,Palo Alto,CA,United States,20000.0,0.0148787016609846
2024-03-22,AVGO,134.47630310058594,135.3470001220703,137.6219940185547,134.61500549316406,135.0,38624000.0,NMS,Broadcom Inc.,Broadcom Inc.,Technology,Semiconductors,180.66,843787010048.0,22958000128.0,0.164,Palo Alto,CA,United States,20000.0,0.0148787016609846
2024-03-25,AVGO,134.28851318359375,135.1580047607422,135.843994140625,133.7469940185547,134.5030059814453,21237000.0,NMS,Broadcom Inc.,Broadcom Inc.,Technology,Semiconductors,180.66,843787010048.0,22958000128.0,0.164,Palo Alto,CA,United States,20000.0,0.0148787016609846
2024-03-26,AVGO,132.2924346923828,133.1490020751953,137.99400329589844,133.05099487304688,136.468994140625,23522000.0,NMS,Broadcom Inc.,Broadcom Inc.,Technology,Semiconductors,180.66,843787010048.0,22958000128.0,0.164,Palo Alto,CA,United States,20000.0,0.0148787016609846
2024-03-27,AVGO,131.02464294433594,131.8730010986328,135.0,129.6020050048828,135.0,25583000.0,NMS,Broadcom Inc.,Broadcom Inc.,Technology,Semiconductors,180.66,843787010048.0,22958000128.0,0.164,Palo Alto,CA,United States,20000.0,0.0148787016609846
2024-03-28,AVGO,131.68833923339844,132.54100036621094,133.00900268554688,131.1529998779297,131.7899932861328,19856000.0,NMS,Broadcom Inc.,Broadcom Inc.,Technology,Semiconductors,180.66,843787010048.0,22958000128.0,0.164,Palo Alto,CA,United States,20000.0,0.0148787016609846
2024-04-01,AVGO,134.15736389160156,135.0260009765625,136.29800415039062,132.54100036621094,132.5679931640625,17252000.0,NMS,Broadcom Inc.,Broadcom Inc.,Technology,Semiconductors,180.66,843787010048.0,22958000128.0,0.164,Palo Alto,CA,United States,20000.0,0.0148787016609846
2024-04-02,AVGO,133.0147705078125,133.87600708007812,134.23699951171875,130.34100341796875,131.57899475097656,24694000.0,NMS,Broadcom Inc.,Broadcom Inc.,Technology,Semiconductors,180.66,843787010048.0,22958000128.0,0.164,Palo Alto,CA,United States,20000.0,0.0148787016609846
2024-04-03,AVGO,135.44403076171875,136.3209991455078,137.6820068359375,132.52699279785156,132.8000030517578,28650000.0,NMS,Broadcom Inc.,Broadcom Inc.,Technology,Semiconductors,180.66,843787010048.0,22958000128.0,0.164,Palo Alto,CA,United States,20000.0,0.0148787016609846
2024-04-04,AVGO,130.90243530273438,131.75,140.3979949951172,131.5,138.53199768066406,27014000.0,NMS,Broadcom Inc.,Broadcom Inc.,Technology,Semiconductors,180.66,843787010048.0,22958000128.0,0.164,Palo Alto,CA,United States,20000.0,0.0148787016609846
2024-04-05,AVGO,133.08131408691406,133.9429931640625,136.1230010986328,131.4199981689453,132.60000610351562,19438000.0,NMS,Broadcom Inc.,Broadcom Inc.,Technology,Semiconductors,180.66,843787010048.0,22958000128.0,0.164,Palo Alto,CA,United States,20000.0,0.0148787016609846
2024-04-08,AVGO,132.75047302246094,133.61000061035156,134.25,131.5749969482422,133.36500549316406,17139000.0,NMS,Broadcom Inc.,Broadcom Inc.,Technology,Semiconductors,180.66,843787010048.0,22958000128.0,0.164,Palo Alto,CA,United States,20000.0,0.0148787016609846
2024-04-09,AVGO,132.54977416992188,133.4080047607422,135.947998046875,130.86399841308594,135.73699951171875,18008000.0,NMS,Broadcom Inc.,Broadcom Inc.,Technology,Semiconductors,180.66,843787010048.0,22958000128.0,0.164,Palo Alto,CA,United States,20000.0,0.0148787016609846
2024-04-10,AVGO,131.3863067626953,132.23699951171875,133.5749969482422,131.54800415039062,132.3000030517578,17467000.0,NMS,Broadcom Inc.,Broadcom Inc.,Technology,Semiconductors,180.66,843787010048.0,22958000128.0,0.164,Palo Alto,CA,United States,20000.0,0.0148787016609846
2024-04-11,AVGO,137.35665893554688,138.24600219726562,139.18699645996094,132.36500549316406,133.26800537109375,31713000.0,NMS,Broadcom Inc.,Broadcom Inc.,Technology,Semiconductors,180.66,843787010048.0,22958000128.0,0.164,Palo Alto,CA,United States,20000.0,0.0148787016609846
2024-04-12,AVGO,133.54232788085938,134.40699768066406,136.6510009765625,133.66200256347656,135.2010040283203,27823000.0,NMS,Broadcom Inc.,Broadcom Inc.,Technology,Semiconductors,180.66,843787010048.0,22958000128.0,0.164,Palo Alto,CA,United States,20000.0,0.0148787016609846
2024-04-15,AVGO,130.225830078125,131.06900024414062,137.0,130.60000610351562,137.0,24370000.0,NMS,Broadcom Inc.,Broadcom Inc.,Technology,Semiconductors,180.66,843787010048.0,22958000128.0,0.164,Palo Alto,CA,United States,20000.0,0.0148787016609846
2024-04-16,AVGO,132.05101013183594,132.906005859375,133.6320037841797,131.10000610351562,131.53799438476562,18923000.0,NMS,Broadcom Inc.,Broadcom Inc.,Technology,Semiconductors,180.66,843787010048.0,22958000128.0,0.164,Palo Alto,CA,United States,20000.0,0.0148787016609846
2024-04-17,AVGO,127.4378662109375,128.26300048828125,134.6999969482422,128.14199829101562,134.31100463867188,24718000.0,NMS,Broadcom Inc.,Broadcom Inc.,Technology,Semiconductors,180.66,843787010048.0,22958000128.0,0.164,Palo Alto,CA,United States,20000.0,0.0148787016609846
2024-04-18,AVGO,125.08908081054688,125.89900207519533,129.26499938964844,125.5459976196289,128.8000030517578,24888000.0,NMS,Broadcom Inc.,Broadcom Inc.,Technology,Semiconductors,180.66,843787010048.0,22958000128.0,0.164,Palo Alto,CA,United States,20000.0,0.0148787016609846
2024-04-19,AVGO,119.69599151611328,120.47100067138672,126.0,119.75599670410156,125.89900207519533,44797000.0,NMS,Broadcom Inc.,Broadcom Inc.,Technology,Semiconductors,180.66,843787010048.0,22958000128.0,0.164,Palo Alto,CA,United States,20000.0,0.0148787016609846
2024-04-22,AVGO,121.65828704833984,122.4459991455078,123.31999969482422,120.0540008544922,122.4499969482422,25162000.0,NMS,Broadcom Inc.,Broadcom Inc.,Technology,Semiconductors,180.66,843787010048.0,22958000128.0,0.164,Palo Alto,CA,United States,20000.0,0.0148787016609846
2024-04-23,AVGO,124.1153793334961,124.91899871826172,125.79000091552734,122.802001953125,122.81700134277344,22025000.0,NMS,Broadcom Inc.,Broadcom Inc.,Technology,Semiconductors,180.66,843787010048.0,22958000128.0,0.164,Palo Alto,CA,United States,20000.0,0.0148787016609846
2024-04-24,AVGO,124.87347412109376,125.68199920654295,128.56199645996094,124.49600219726562,126.38999938964844,20108000.0,NMS,Broadcom Inc.,Broadcom Inc.,Technology,Semiconductors,180.66,843787010048.0,22958000128.0,0.164,Palo Alto,CA,United States,20000.0,0.0148787016609846
2024-04-25,AVGO,128.60928344726562,129.44200134277344,130.80299377441406,125.6999969482422,127.24500274658205,30410000.0,NMS,Broadcom Inc.,Broadcom Inc.,Technology,Semiconductors,180.66,843787010048.0,22958000128.0,0.164,Palo Alto,CA,United States,20000.0,0.0148787016609846
2024-04-26,AVGO,133.54232788085938,134.40699768066406,135.58299255371094,130.31300354003906,131.0,24100000.0,NMS,Broadcom Inc.,Broadcom Inc.,Technology,Semiconductors,180.66,843787010048.0,22958000128.0,0.164,Palo Alto,CA,United States,20000.0,0.0148787016609846
2024-04-29,AVGO,133.0008544921875,133.86199951171875,135.29800415039062,132.57000732421875,134.4080047607422,13372000.0,NMS,Broadcom Inc.,Broadcom Inc.,Technology,Semiconductors,180.66,843787010048.0,22958000128.0,0.164,Palo Alto,CA,United States,20000.0,0.0148787016609846
2024-04-30,AVGO,129.19052124023438,130.02699279785156,134.8350067138672,129.90499877929688,132.88800048828125,22113000.0,NMS,Broadcom Inc.,Broadcom Inc.,Technology,Semiconductors,180.66,843787010048.0,22958000128.0,0.164,Palo Alto,CA,United States,20000.0,0.0148787016609846
2024-05-01,AVGO,123.48645782470705,124.28600311279295,129.23699951171875,124.13500213623048,127.83300018310548,30958000.0,NMS,Broadcom Inc.,Broadcom Inc.,Technology,Semiconductors,180.66,843787010048.0,22958000128.0,0.164,Palo Alto,CA,United States,20000.0,0.0148787016609846
2024-05-02,AVGO,123.06021118164062,123.85700225830078,126.44499969482422,122.33100128173828,125.62799835205078,29480000.0,NMS,Broadcom Inc.,Broadcom Inc.,Technology,Semiconductors,180.66,843787010048.0,22958000128.0,0.164,Palo Alto,CA,United States,20000.0,0.0148787016609846
2024-05-03,AVGO,126.98876953125,127.81099700927734,128.38800048828125,124.71399688720705,125.9000015258789,24898000.0,NMS,Broadcom Inc.,Broadcom Inc.,Technology,Semiconductors,180.66,843787010048.0,22958000128.0,0.164,Palo Alto,CA,United States,20000.0,0.0148787016609846
2024-05-06,AVGO,130.1880645751953,131.031005859375,131.07699584960938,127.50700378417967,128.6219940185547,16287000.0,NMS,Broadcom Inc.,Broadcom Inc.,Technology,Semiconductors,180.66,843787010048.0,22958000128.0,0.164,Palo Alto,CA,United States,20000.0,0.0148787016609846
2024-05-07,AVGO,129.47268676757812,130.31100463867188,131.8990020751953,129.67599487304688,131.6439971923828,12413000.0,NMS,Broadcom Inc.,Broadcom Inc.,Technology,Semiconductors,180.66,843787010048.0,22958000128.0,0.164,Palo Alto,CA,United States,20000.0,0.0148787016609846
2024-05-08,AVGO,131.6843719482422,132.53700256347656,133.79100036621094,128.8489990234375,129.35000610351562,13918000.0,NMS,Broadcom Inc.,Broadcom Inc.,Technology,Semiconductors,180.66,843787010048.0,22958000128.0,0.164,Palo Alto,CA,United States,20000.0,0.0148787016609846
2024-05-09,AVGO,129.72703552246094,130.56700134277344,132.16099548339844,130.1999969482422,131.7830047607422,12170000.0,NMS,Broadcom Inc.,Broadcom Inc.,Technology,Semiconductors,180.66,843787010048.0,22958000128.0,0.164,Palo Alto,CA,United States,20000.0,0.0148787016609846
2024-05-10,AVGO,132.42259216308594,133.27999877929688,134.39999389648438,131.531005859375,131.531005859375,16300000.0,NMS,Broadcom Inc.,Broadcom Inc.,Technology,Semiconductors,180.66,843787010048.0,22958000128.0,0.164,Palo Alto,CA,United States,20000.0,0.0148787016609846
2024-05-13,AVGO,132.89056396484375,133.75100708007812,135.83900451660156,133.01100158691406,134.8000030517578,18507000.0,NMS,Broadcom Inc.,Broadcom Inc.,Technology,Semiconductors,180.66,843787010048.0,22958000128.0,0.164,Palo Alto,CA,United States,20000.0,0.0148787016609846
2024-05-14,AVGO,137.11521911621094,138.0030059814453,138.19900512695312,132.5800018310547,133.23399353027344,19420000.0,NMS,Broadcom Inc.,Broadcom Inc.,Technology,Semiconductors,180.66,843787010048.0,22958000128.0,0.164,Palo Alto,CA,United States,20000.0,0.0148787016609846
2024-05-15,AVGO,142.69309997558594,143.61700439453125,143.89500427246094,136.9980010986328,138.0,32757000.0,NMS,Broadcom Inc.,Broadcom Inc.,Technology,Semiconductors,180.66,843787010048.0,22958000128.0,0.164,Palo Alto,CA,United States,20000.0,0.0148787016609846
2024-05-16,AVGO,140.30455017089844,141.21299743652344,144.5399932861328,140.50599670410156,142.60000610351562,28395000.0,NMS,Broadcom Inc.,Broadcom Inc.,Technology,Semiconductors,180.66,843787010048.0,22958000128.0,0.164,Palo Alto,CA,United States,20000.0,0.0148787016609846
2024-05-17,AVGO,138.6313934326172,139.5290069580078,141.9530029296875,138.17799377441406,141.24200439453125,18174000.0,NMS,Broadcom Inc.,Broadcom Inc.,Technology,Semiconductors,180.66,843787010048.0,22958000128.0,0.164,Palo Alto,CA,United States,20000.0,0.0148787016609846
2024-05-20,AVGO,140.4933319091797,141.4029998779297,141.69400024414062,139.3159942626953,139.60000610351562,27170000.0,NMS,Broadcom Inc.,Broadcom Inc.,Technology,Semiconductors,180.66,843787010048.0,22958000128.0,0.164,Palo Alto,CA,United States,20000.0,0.0148787016609846
2024-05-21,AVGO,139.01986694335938,139.9199981689453,140.93899536132812,139.3459930419922,139.8679962158203,15333000.0,NMS,Broadcom Inc.,Broadcom Inc.,Technology,Semiconductors,180.66,843787010048.0,22958000128.0,0.164,Palo Alto,CA,United States,20000.0,0.0148787016609846
2024-05-22,AVGO,138.32835388183594,139.2239990234375,140.5,138.4219970703125,139.6009979248047,21002000.0,NMS,Broadcom Inc.,Broadcom Inc.,Technology,Semiconductors,180.66,843787010048.0,22958000128.0,0.164,Palo Alto,CA,United States,20000.0,0.0148787016609846
2024-05-23,AVGO,138.43267822265625,139.32899475097656,142.89999389648438,137.8000030517578,142.84300231933594,31039000.0,NMS,Broadcom Inc.,Broadcom Inc.,Technology,Semiconductors,180.66,843787010048.0,22958000128.0,0.164,Palo Alto,CA,United States,20000.0,0.0148787016609846
2024-05-24,AVGO,139.87831115722656,140.78399658203125,141.35800170898438,139.20199584960938,139.97900390625,16730000.0,NMS,Broadcom Inc.,Broadcom Inc.,Technology,Semiconductors,180.66,843787010048.0,22958000128.0,0.164,Palo Alto,CA,United States,20000.0,0.0148787016609846
2024-05-28,AVGO,140.3363494873047,141.2449951171875,141.71800231933594,139.25399780273438,141.0,22919000.0,NMS,Broadcom Inc.,Broadcom Inc.,Technology,Semiconductors,180.66,843787010048.0,22958000128.0,0.164,Palo Alto,CA,United States,20000.0,0.0148787016609846
2024-05-29,AVGO,138.17236328125,139.06700134277344,139.91000366210938,138.3000030517578,139.91000366210938,26861000.0,NMS,Broadcom Inc.,Broadcom Inc.,Technology,Semiconductors,180.66,843787010048.0,22958000128.0,0.164,Palo Alto,CA,United States,20000.0,0.0148787016609846
2024-05-30,AVGO,135.53048706054688,136.4080047607422,138.2779998779297,135.56399536132812,137.89999389648438,21728000.0,NMS,Broadcom Inc.,Broadcom Inc.,Technology,Semiconductors,180.66,843787010048.0,22958000128.0,0.164,Palo Alto,CA,United States,20000.0,0.0148787016609846
2024-05-31,AVGO,132.0003204345703,132.85499572753906,136.2550048828125,130.7259979248047,136.13600158691406,73091000.0,NMS,Broadcom Inc.,Broadcom Inc.,Technology,Semiconductors,180.66,843787010048.0,22958000128.0,0.164,Palo Alto,CA,United States,20000.0,0.0148787016609846
2024-06-03,AVGO,131.33961486816406,132.19000244140625,135.3000030517578,130.2530059814453,135.27000427246094,26278000.0,NMS,Broadcom Inc.,Broadcom Inc.,Technology,Semiconductors,180.66,843787010048.0,22958000128.0,0.164,Palo Alto,CA,United States,20000.0,0.0148787016609846
2024-06-04,AVGO,132.22586059570312,133.08200073242188,133.19900512695312,130.7010040283203,132.0399932861328,23048000.0,NMS,Broadcom Inc.,Broadcom Inc.,Technology,Semiconductors,180.66,843787010048.0,22958000128.0,0.164,Palo Alto,CA,United States,20000.0,0.0148787016609846
2024-06-05,AVGO,140.3999481201172,141.3090057373047,141.43499755859375,134.0540008544922,134.60000610351562,32947000.0,NMS,Broadcom Inc.,Broadcom Inc.,Technology,Semiconductors,180.66,843787010048.0,22958000128.0,0.164,Palo Alto,CA,United States,20000.0,0.0148787016609846
2024-06-06,AVGO,139.22555541992188,140.1269989013672,142.2689971923828,138.82400512695312,142.18699645996094,20172000.0,NMS,Broadcom Inc.,Broadcom Inc.,Technology,Semiconductors,180.66,843787010048.0,22958000128.0,0.164,Palo Alto,CA,United States,20000.0,0.0148787016609846
2024-06-07,AVGO,139.75909423828125,140.66400146484375,142.5,139.70199584960938,140.7779998779297,17859000.0,NMS,Broadcom Inc.,Broadcom Inc.,Technology,Semiconductors,180.66,843787010048.0,22958000128.0,0.164,Palo Alto,CA,United States,20000.0,0.0148787016609846
2024-06-10,AVGO,143.1203155517578,144.0469970703125,144.90499877929688,140.91299438476562,140.97999572753906,31082000.0,NMS,Broadcom Inc.,Broadcom Inc.,Technology,Semiconductors,180.66,843787010048.0,22958000128.0,0.164,Palo Alto,CA,United States,20000.0,0.0148787016609846
2024-06-11,AVGO,145.16310119628906,146.10299682617188,146.50100708007812,141.6230010986328,143.82000732421875,34844000.0,NMS,Broadcom Inc.,Broadcom Inc.,Technology,Semiconductors,180.66,843787010048.0,22958000128.0,0.164,Palo Alto,CA,United States,20000.0,0.0148787016609846
2024-06-12,AVGO,148.5889129638672,149.55099487304688,150.5800018310547,147.63999938964844,150.0,56697000.0,NMS,Broadcom Inc.,Broadcom Inc.,Technology,Semiconductors,180.66,843787010048.0,22958000128.0,0.164,Palo Alto,CA,United States,20000.0,0.0148787016609846
2024-06-13,AVGO,166.8188934326172,167.8990020751953,173.5850067138672,165.2519989013672,171.0,89061000.0,NMS,Broadcom Inc.,Broadcom Inc.,Technology,Semiconductors,180.66,843787010048.0,22958000128.0,0.164,Palo Alto,CA,United States,20000.0,0.0148787016609846
2024-06-14,AVGO,172.38783264160156,173.50399780273438,174.7239990234375,168.2100067138672,168.68600463867188,69705000.0,NMS,Broadcom Inc.,Broadcom Inc.,Technology,Semiconductors,180.66,843787010048.0,22958000128.0,0.164,Palo Alto,CA,United States,20000.0,0.0148787016609846
2024-06-17,AVGO,181.71046447753903,182.88699340820312,184.3000030517578,177.85800170898438,180.0,87528000.0,NMS,Broadcom Inc.,Broadcom Inc.,Technology,Semiconductors,180.66,843787010048.0,22958000128.0,0.164,Palo Alto,CA,United States,20000.0,0.0148787016609846
2024-06-18,AVGO,179.09242248535156,180.2519989013672,185.16200256347656,178.50100708007812,183.95899963378903,86797000.0,NMS,Broadcom Inc.,Broadcom Inc.,Technology,Semiconductors,180.66,843787010048.0,22958000128.0,0.164,Palo Alto,CA,United States,20000.0,0.0148787016609846
2024-06-20,AVGO,172.3401336669922,173.45599365234375,180.4750061035156,172.2220001220703,180.3459930419922,68157000.0,NMS,Broadcom Inc.,Broadcom Inc.,Technology,Semiconductors,180.66,843787010048.0,22958000128.0,0.164,Palo Alto,CA,United States,20000.0,0.0148787016609846
2024-06-21,AVGO,164.79598999023438,165.86300659179688,171.39999389648438,165.14199829101562,169.5659942626953,99999000.0,NMS,Broadcom Inc.,Broadcom Inc.,Technology,Semiconductors,180.66,843787010048.0,22958000128.0,0.164,Palo Alto,CA,United States,20000.0,0.0148787016609846
2024-06-24,AVGO,158.6990203857422,159.2209930419922,166.10000610351562,159.0659942626953,164.2050018310547,58575000.0,NMS,Broadcom Inc.,Broadcom Inc.,Technology,Semiconductors,180.66,843787010048.0,22958000128.0,0.164,Palo Alto,CA,United States,20000.0,0.0148787016609846
2024-06-25,AVGO,157.56077575683594,158.07899475097656,160.60400390625,156.39999389648438,160.01300048828125,56810000.0,NMS,Broadcom Inc.,Broadcom Inc.,Technology,Semiconductors,180.66,843787010048.0,22958000128.0,0.164,Palo Alto,CA,United States,20000.0,0.0148787016609846
2024-06-26,AVGO,158.6781005859375,159.1999969482422,161.8179931640625,157.35899353027344,159.76199340820312,46479000.0,NMS,Broadcom Inc.,Broadcom Inc.,Technology,Semiconductors,180.66,843787010048.0,22958000128.0,0.164,Palo Alto,CA,United States,20000.0,0.0148787016609846
2024-06-27,AVGO,158.14585876464844,158.66600036621094,160.56199645996094,157.10000610351562,159.1999969482422,31649000.0,NMS,Broadcom Inc.,Broadcom Inc.,Technology,Semiconductors,180.66,843787010048.0,22958000128.0,0.164,Palo Alto,CA,United States,20000.0,0.0148787016609846
2024-06-28,AVGO,160.0266571044922,160.55299377441406,163.92300415039062,158.60000610351562,159.58799743652344,69377000.0,NMS,Broadcom Inc.,Broadcom Inc.,Technology,Semiconductors,180.66,843787010048.0,22958000128.0,0.164,Palo Alto,CA,United States,20000.0,0.0148787016609846
2024-07-01,AVGO,163.54209899902344,164.0800018310547,164.875,159.35000610351562,160.82000732421875,47623000.0,NMS,Broadcom Inc.,Broadcom Inc.,Technology,Semiconductors,180.66,843787010048.0,22958000128.0,0.164,Palo Alto,CA,United States,20000.0,0.0148787016609846
2024-07-02,AVGO,165.2046356201172,165.7480010986328,165.9199981689453,162.1999969482422,164.0800018310547,32539000.0,NMS,Broadcom Inc.,Broadcom Inc.,Technology,Semiconductors,180.66,843787010048.0,22958000128.0,0.164,Palo Alto,CA,United States,20000.0,0.0148787016609846
2024-07-03,AVGO,172.35511779785156,172.9219970703125,172.9219970703125,166.4459991455078,167.0,39954000.0,NMS,Broadcom Inc.,Broadcom Inc.,Technology,Semiconductors,180.66,843787010048.0,22958000128.0,0.164,Palo Alto,CA,United States,20000.0,0.0148787016609846
2024-07-05,AVGO,169.77259826660156,170.33099365234375,176.5469970703125,169.60000610351562,175.55599975585938,45240000.0,NMS,Broadcom Inc.,Broadcom Inc.,Technology,Semiconductors,180.66,843787010048.0,22958000128.0,0.164,Palo Alto,CA,United States,20000.0,0.0148787016609846
2024-07-08,AVGO,174.01365661621094,174.58599853515625,175.69000244140625,170.5,170.5,36398000.0,NMS,Broadcom Inc.,Broadcom Inc.,Technology,Semiconductors,180.66,843787010048.0,22958000128.0,0.164,Palo Alto,CA,United States,20000.0,0.0148787016609846
2024-07-09,AVGO,172.7627716064453,173.33099365234375,177.09800720214844,170.55599975585938,175.656005859375,37802000.0,NMS,Broadcom Inc.,Broadcom Inc.,Technology,Semiconductors,180.66,843787010048.0,22958000128.0,0.164,Palo Alto,CA,United States,20000.0,0.0148787016609846
2024-07-10,AVGO,173.89703369140625,174.468994140625,176.6490020751953,172.63600158691406,174.60000610351562,41074000.0,NMS,Broadcom Inc.,Broadcom Inc.,Technology,Semiconductors,180.66,843787010048.0,22958000128.0,0.164,Palo Alto,CA,United States,20000.0,0.0148787016609846
2024-07-11,AVGO,170.03575134277344,170.59500122070312,176.48699951171875,166.85000610351562,176.46600341796875,51026000.0,NMS,Broadcom Inc.,Broadcom Inc.,Technology,Semiconductors,180.66,843787010048.0,22958000128.0,0.164,Palo Alto,CA,United States,20000.0,0.0148787016609846
2024-07-12,AVGO,169.5094757080078,170.06700134277344,172.59100341796875,169.13099670410156,171.10299682617188,30453000.0,NMS,Broadcom Inc.,Broadcom Inc.,Technology,Semiconductors,180.66,843787010048.0,22958000128.0,0.164,Palo Alto,CA,United States,20000.0,0.0148787016609846
2024-07-15,AVGO,170.8580322265625,171.4199981689453,173.50999450683594,169.25999450683594,170.0,22999200.0,NMS,Broadcom Inc.,Broadcom Inc.,Technology,Semiconductors,180.66,843787010048.0,22958000128.0,0.164,Palo Alto,CA,United States,20000.0,0.0148787016609846
2024-07-16,AVGO,168.82473754882812,169.3800048828125,172.80999755859375,166.39999389648438,172.39999389648438,22244900.0,NMS,Broadcom Inc.,Broadcom Inc.,Technology,Semiconductors,180.66,843787010048.0,22958000128.0,0.164,Palo Alto,CA,United States,20000.0,0.0148787016609846
2024-07-17,AVGO,155.46865844726562,155.97999572753906,162.83999633789062,155.61000061035156,162.30999755859375,43343400.0,NMS,Broadcom Inc.,Broadcom Inc.,Technology,Semiconductors,180.66,843787010048.0,22958000128.0,0.164,Palo Alto,CA,United States,20000.0,0.0148787016609846
2024-07-18,AVGO,159.9937744140625,160.52000427246094,161.50999450683594,153.89999389648438,158.88999938964844,37973500.0,NMS,Broadcom Inc.,Broadcom Inc.,Technology,Semiconductors,180.66,843787010048.0,22958000128.0,0.164,Palo Alto,CA,United States,20000.0,0.0148787016609846
2024-07-19,AVGO,156.83416748046875,157.35000610351562,163.9499969482422,157.1199951171875,161.83999633789062,26309500.0,NMS,Broadcom Inc.,Broadcom Inc.,Technology,Semiconductors,180.66,843787010048.0,22958000128.0,0.164,Palo Alto,CA,United States,20000.0,0.0148787016609846
2024-07-22,AVGO,160.53199768066406,161.05999755859375,162.99000549316406,157.89999389648438,160.22999572753906,28813300.0,NMS,Broadcom Inc.,Broadcom Inc.,Technology,Semiconductors,180.66,843787010048.0,22958000128.0,0.164,Palo Alto,CA,United States,20000.0,0.0148787016609846
2024-07-23,AVGO,163.23312377929688,163.77000427246094,165.3300018310547,159.89999389648438,160.39999389648438,21570200.0,NMS,Broadcom Inc.,Broadcom Inc.,Technology,Semiconductors,180.66,843787010048.0,22958000128.0,0.164,Palo Alto,CA,United States,20000.0,0.0148787016609846
2024-07-24,AVGO,150.8438720703125,151.33999633789062,161.41000366210938,151.10000610351562,160.35000610351562,37162600.0,NMS,Broadcom Inc.,Broadcom Inc.,Technology,Semiconductors,180.66,843787010048.0,22958000128.0,0.164,Palo Alto,CA,United States,20000.0,0.0148787016609846
2024-07-25,AVGO,148.7706756591797,149.25999450683594,153.5500030517578,145.52000427246094,151.25999450683594,30872100.0,NMS,Broadcom Inc.,Broadcom Inc.,Technology,Semiconductors,180.66,843787010048.0,22958000128.0,0.164,Palo Alto,CA,United States,20000.0,0.0148787016609846
2024-07-26,AVGO,151.13291931152344,151.6300048828125,153.5800018310547,149.9199981689453,153.5,20839900.0,NMS,Broadcom Inc.,Broadcom Inc.,Technology,Semiconductors,180.66,843787010048.0,22958000128.0,0.164,Palo Alto,CA,United States,20000.0,0.0148787016609846
2024-07-29,AVGO,149.7275390625,150.22000122070312,155.0,149.14999389648438,152.02000427246094,16625800.0,NMS,Broadcom Inc.,Broadcom Inc.,Technology,Semiconductors,180.66,843787010048.0,22958000128.0,0.164,Palo Alto,CA,United States,20000.0,0.0148787016609846
2024-07-30,AVGO,143.0495147705078,143.52000427246094,153.47000122070312,143.35000610351562,153.27999877929688,31102300.0,NMS,Broadcom Inc.,Broadcom Inc.,Technology,Semiconductors,180.66,843787010048.0,22958000128.0,0.164,Palo Alto,CA,United States,20000.0,0.0148787016609846
2024-07-31,AVGO,160.1532440185547,160.67999267578125,161.3300018310547,151.0,151.47000122070312,45827500.0,NMS,Broadcom Inc.,Broadcom Inc.,Technology,Semiconductors,180.66,843787010048.0,22958000128.0,0.164,Palo Alto,CA,United States,20000.0,0.0148787016609846
2024-08-01,AVGO,146.5380401611328,147.02000427246094,158.91000366210938,146.1699981689453,157.5,40320000.0,NMS,Broadcom Inc.,Broadcom Inc.,Technology,Semiconductors,180.66,843787010048.0,22958000128.0,0.164,Palo Alto,CA,United States,20000.0,0.0148787016609846
2024-08-02,AVGO,143.34852600097656,143.82000732421875,145.35000610351562,139.60000610351562,141.92999267578125,33745800.0,NMS,Broadcom Inc.,Broadcom Inc.,Technology,Semiconductors,180.66,843787010048.0,22958000128.0,0.164,Palo Alto,CA,United States,20000.0,0.0148787016609846
2024-08-05,AVGO,141.61422729492188,142.0800018310547,145.4199981689453,128.5,129.61000061035156,41309300.0,NMS,Broadcom Inc.,Broadcom Inc.,Technology,Semiconductors,180.66,843787010048.0,22958000128.0,0.164,Palo Alto,CA,United States,20000.0,0.0148787016609846
2024-08-06,AVGO,143.4481964111328,143.9199981689453,148.91000366210938,140.25,141.72999572753906,24751300.0,NMS,Broadcom Inc.,Broadcom Inc.,Technology,Semiconductors,180.66,843787010048.0,22958000128.0,0.164,Palo Alto,CA,United States,20000.0,0.0148787016609846
2024-08-07,AVGO,135.82327270507812,136.27000427246094,150.10000610351562,135.8300018310547,148.25,29749800.0,NMS,Broadcom Inc.,Broadcom Inc.,Technology,Semiconductors,180.66,843787010048.0,22958000128.0,0.164,Palo Alto,CA,United States,20000.0,0.0148787016609846
2024-08-08,AVGO,145.26223754882812,145.74000549316406,146.27000427246094,138.39999389648438,141.1999969482422,27583200.0,NMS,Broadcom Inc.,Broadcom Inc.,Technology,Semiconductors,180.66,843787010048.0,22958000128.0,0.164,Palo Alto,CA,United States,20000.0,0.0148787016609846
2024-08-09,AVGO,147.77395629882812,148.25999450683594,149.5500030517578,144.11000061035156,144.1999969482422,18438700.0,NMS,Broadcom Inc.,Broadcom Inc.,Technology,Semiconductors,180.66,843787010048.0,22958000128.0,0.164,Palo Alto,CA,United States,20000.0,0.0148787016609846
2024-08-12,AVGO,148.13278198242188,148.6199951171875,151.1300048828125,146.3699951171875,148.0800018310547,17778500.0,NMS,Broadcom Inc.,Broadcom Inc.,Technology,Semiconductors,180.66,843787010048.0,22958000128.0,0.164,Palo Alto,CA,United States,20000.0,0.0148787016609846
2024-08-13,AVGO,155.6480712890625,156.16000366210938,156.3800048828125,149.80999755859375,151.5500030517578,22053600.0,NMS,Broadcom Inc.,Broadcom Inc.,Technology,Semiconductors,180.66,843787010048.0,22958000128.0,0.164,Palo Alto,CA,United States,20000.0,0.0148787016609846
2024-08-14,AVGO,157.1730499267578,157.69000244140625,160.25,154.72000122070312,158.02000427246094,20184200.0,NMS,Broadcom Inc.,Broadcom Inc.,Technology,Semiconductors,180.66,843787010048.0,22958000128.0,0.164,Palo Alto,CA,United States,20000.0,0.0148787016609846
2024-08-15,AVGO,165.58538818359375,166.1300048828125,166.6699981689453,160.33999633789062,161.1999969482422,27945000.0,NMS,Broadcom Inc.,Broadcom Inc.,Technology,Semiconductors,180.66,843787010048.0,22958000128.0,0.164,Palo Alto,CA,United States,20000.0,0.0148787016609846
2024-08-16,AVGO,165.17672729492188,165.72000122070312,166.08999633789062,162.67999267578125,164.47000122070312,19296900.0,NMS,Broadcom Inc.,Broadcom Inc.,Technology,Semiconductors,180.66,843787010048.0,22958000128.0,0.164,Palo Alto,CA,United States,20000.0,0.0148787016609846
2024-08-19,AVGO,167.16021728515625,167.7100067138672,167.8300018310547,160.4199981689453,164.86000061035156,20441700.0,NMS,Broadcom Inc.,Broadcom Inc.,Technology,Semiconductors,180.66,843787010048.0,22958000128.0,0.164,Palo Alto,CA,United States,20000.0,0.0148787016609846
2024-08-20,AVGO,165.40597534179688,165.9499969482422,168.3699951171875,164.14999389648438,167.0500030517578,19417500.0,NMS,Broadcom Inc.,Broadcom Inc.,Technology,Semiconductors,180.66,843787010048.0,22958000128.0,0.164,Palo Alto,CA,United States,20000.0,0.0148787016609846
2024-08-21,AVGO,165.2365264892578,165.77999877929688,166.47000122070312,162.8800048828125,165.1199951171875,16097700.0,NMS,Broadcom Inc.,Broadcom Inc.,Technology,Semiconductors,180.66,843787010048.0,22958000128.0,0.164,Palo Alto,CA,United States,20000.0,0.0148787016609846
2024-08-22,AVGO,161.80780029296875,162.33999633789062,172.4199981689453,161.49000549316406,170.83999633789062,30044500.0,NMS,Broadcom Inc.,Broadcom Inc.,Technology,Semiconductors,180.66,843787010048.0,22958000128.0,0.164,Palo Alto,CA,United States,20000.0,0.0148787016609846
2024-08-23,AVGO,165.81463623046875,166.36000061035156,168.27999877929688,163.4600067138672,165.02999877929688,18848000.0,NMS,Broadcom Inc.,Broadcom Inc.,Technology,Semiconductors,180.66,843787010048.0,22958000128.0,0.164,Palo Alto,CA,United States,20000.0,0.0148787016609846
2024-08-26,AVGO,159.0967254638672,159.6199951171875,165.6999969482422,158.66000366210938,164.9600067138672,18521200.0,NMS,Broadcom Inc.,Broadcom Inc.,Technology,Semiconductors,180.66,843787010048.0,22958000128.0,0.164,Palo Alto,CA,United States,20000.0,0.0148787016609846
2024-08-27,AVGO,160.8609161376953,161.38999938964844,162.02999877929688,155.8300018310547,157.60000610351562,16683100.0,NMS,Broadcom Inc.,Broadcom Inc.,Technology,Semiconductors,180.66,843787010048.0,22958000128.0,0.164,Palo Alto,CA,United States,20000.0,0.0148787016609846
2024-08-28,AVGO,157.66143798828125,158.17999267578125,162.27999877929688,156.25,160.0800018310547,18063600.0,NMS,Broadcom Inc.,Broadcom Inc.,Technology,Semiconductors,180.66,843787010048.0,22958000128.0,0.164,Palo Alto,CA,United States,20000.0,0.0148787016609846
2024-08-29,AVGO,156.41554260253906,156.92999267578125,163.1999969482422,155.41000366210938,158.49000549316406,23519300.0,NMS,Broadcom Inc.,Broadcom Inc.,Technology,Semiconductors,180.66,843787010048.0,22958000128.0,0.164,Palo Alto,CA,United States,20000.0,0.0148787016609846
2024-08-30,AVGO,162.28623962402344,162.82000732421875,163.24000549316406,158.7100067138672,161.1199951171875,25158500.0,NMS,Broadcom Inc.,Broadcom Inc.,Technology,Semiconductors,180.66,843787010048.0,22958000128.0,0.164,Palo Alto,CA,United States,20000.0,0.0148787016609846
2024-09-03,AVGO,152.2891082763672,152.7899932861328,160.74000549316406,151.3800048828125,160.3800048828125,37179100.0,NMS,Broadcom Inc.,Broadcom Inc.,Technology,Semiconductors,180.66,843787010048.0,22958000128.0,0.164,Palo Alto,CA,United States,20000.0,0.0148787016609846
2024-09-04,AVGO,153.61474609375,154.1199951171875,157.7899932861328,149.14999389648438,150.3000030517578,20324100.0,NMS,Broadcom Inc.,Broadcom Inc.,Technology,Semiconductors,180.66,843787010048.0,22958000128.0,0.164,Palo Alto,CA,United States,20000.0,0.0148787016609846
2024-09-05,AVGO,152.31903076171875,152.82000732421875,156.36000061035156,150.11000061035156,150.57000732421875,31548500.0,NMS,Broadcom Inc.,Broadcom Inc.,Technology,Semiconductors,180.66,843787010048.0,22958000128.0,0.164,Palo Alto,CA,United States,20000.0,0.0148787016609846
2024-09-06,AVGO,136.55087280273438,137.0,143.5,136.60000610351562,143.25,76634600.0,NMS,Broadcom Inc.,Broadcom Inc.,Technology,Semiconductors,180.66,843787010048.0,22958000128.0,0.164,Palo Alto,CA,United States,20000.0,0.0148787016609846
2024-09-09,AVGO,140.35836791992188,140.82000732421875,141.58999633789062,134.89999389648438,139.11000061035156,39516700.0,NMS,Broadcom Inc.,Broadcom Inc.,Technology,Semiconductors,180.66,843787010048.0,22958000128.0,0.164,Palo Alto,CA,United States,20000.0,0.0148787016609846
2024-09-10,AVGO,147.72413635253906,148.2100067138672,149.86000061035156,141.0399932861328,141.22000122070312,36067500.0,NMS,Broadcom Inc.,Broadcom Inc.,Technology,Semiconductors,180.66,843787010048.0,22958000128.0,0.164,Palo Alto,CA,United States,20000.0,0.0148787016609846
2024-09-11,AVGO,157.75115966796875,158.27000427246094,158.8699951171875,145.0399932861328,148.38999938964844,39700800.0,NMS,Broadcom Inc.,Broadcom Inc.,Technology,Semiconductors,180.66,843787010048.0,22958000128.0,0.164,Palo Alto,CA,United States,20000.0,0.0148787016609846
2024-09-12,AVGO,164.02052307128906,164.55999755859375,166.32000732421875,156.8300018310547,158.10000610351562,43581900.0,NMS,Broadcom Inc.,Broadcom Inc.,Technology,Semiconductors,180.66,843787010048.0,22958000128.0,0.164,Palo Alto,CA,United States,20000.0,0.0148787016609846
2024-09-13,AVGO,167.14027404785156,167.69000244140625,168.0800018310547,164.0399932861328,166.74000549316406,29850000.0,NMS,Broadcom Inc.,Broadcom Inc.,Technology,Semiconductors,180.66,843787010048.0,22958000128.0,0.164,Palo Alto,CA,United States,20000.0,0.0148787016609846
2024-09-16,AVGO,163.4822998046875,164.02000427246094,165.5,160.41000366210938,165.19000244140625,26126900.0,NMS,Broadcom Inc.,Broadcom Inc.,Technology,Semiconductors,180.66,843787010048.0,22958000128.0,0.164,Palo Alto,CA,United States,20000.0,0.0148787016609846
2024-09-17,AVGO,161.9373779296875,162.47000122070312,166.02000427246094,160.6999969482422,165.49000549316406,19844300.0,NMS,Broadcom Inc.,Broadcom Inc.,Technology,Semiconductors,180.66,843787010048.0,22958000128.0,0.164,Palo Alto,CA,United States,20000.0,0.0148787016609846
2024-09-18,AVGO,161.13999938964844,161.6699981689453,167.47000122070312,161.36000061035156,163.77000427246094,26557600.0,NMS,Broadcom Inc.,Broadcom Inc.,Technology,Semiconductors,180.66,843787010048.0,22958000128.0,0.164,Palo Alto,CA,United States,20000.0,0.0148787016609846
2024-09-19,AVGO,167.4199981689453,167.4199981689453,170.0,165.66000366210938,167.67999267578125,32453100.0,NMS,Broadcom Inc.,Broadcom Inc.,Technology,Semiconductors,180.66,843787010048.0,22958000128.0,0.164,Palo Alto,CA,United States,20000.0,0.0148787016609846
2024-09-20,AVGO,171.10000610351562,171.10000610351562,172.02000427246094,166.47000122070312,167.17999267578125,91758500.0,NMS,Broadcom Inc.,Broadcom Inc.,Technology,Semiconductors,180.66,843787010048.0,22958000128.0,0.164,Palo Alto,CA,United States,20000.0,0.0148787016609846
2024-09-23,AVGO,172.94000244140625,172.94000244140625,173.32000732421875,168.35000610351562,172.0,29431100.0,NMS,Broadcom Inc.,Broadcom Inc.,Technology,Semiconductors,180.66,843787010048.0,22958000128.0,0.164,Palo Alto,CA,United States,20000.0,0.0148787016609846
2024-09-24,AVGO,174.83999633789062,174.83999633789062,175.99000549316406,171.67999267578125,172.80999755859375,34223400.0,NMS,Broadcom Inc.,Broadcom Inc.,Technology,Semiconductors,180.66,843787010048.0,22958000128.0,0.164,Palo Alto,CA,United States,20000.0,0.0148787016609846
2024-09-25,AVGO,175.52000427246094,175.52000427246094,177.13999938964844,173.75999450683594,174.64999389648438,16613800.0,NMS,Broadcom Inc.,Broadcom Inc.,Technology,Semiconductors,180.66,843787010048.0,22958000128.0,0.164,Palo Alto,CA,United States,20000.0,0.0148787016609846
2024-09-26,AVGO,178.08999633789062,178.08999633789062,180.25,175.0,178.5,24340000.0,NMS,Broadcom Inc.,Broadcom Inc.,Technology,Semiconductors,180.66,843787010048.0,22958000128.0,0.164,Palo Alto,CA,United States,20000.0,0.0148787016609846
2024-09-27,AVGO,172.69000244140625,172.69000244140625,178.47000122070312,171.75999450683594,178.1699981689453,20580900.0,NMS,Broadcom Inc.,Broadcom Inc.,Technology,Semiconductors,180.66,843787010048.0,22958000128.0,0.164,Palo Alto,CA,United States,20000.0,0.0148787016609846
2024-09-30,AVGO,172.5,172.5,172.9199981689453,169.6300048828125,171.8699951171875,16902000.0,NMS,Broadcom Inc.,Broadcom Inc.,Technology,Semiconductors,180.66,843787010048.0,22958000128.0,0.164,Palo Alto,CA,United States,20000.0,0.0148787016609846
2024-10-01,AVGO,167.47000122070312,167.47000122070312,172.25,165.8000030517578,172.16000366210938,23770400.0,NMS,Broadcom Inc.,Broadcom Inc.,Technology,Semiconductors,180.66,843787010048.0,22958000128.0,0.164,Palo Alto,CA,United States,20000.0,0.0148787016609846
2024-10-02,AVGO,170.66000366210938,170.66000366210938,172.83999633789062,167.02000427246094,167.5500030517578,14317800.0,NMS,Broadcom Inc.,Broadcom Inc.,Technology,Semiconductors,180.66,843787010048.0,22958000128.0,0.164,Palo Alto,CA,United States,20000.0,0.0148787016609846
2024-10-03,AVGO,171.88999938964844,171.88999938964844,174.94000244140625,169.19000244140625,169.6199951171875,13072300.0,NMS,Broadcom Inc.,Broadcom Inc.,Technology,Semiconductors,180.66,843787010048.0,22958000128.0,0.164,Palo Alto,CA,United States,20000.0,0.0148787016609846
2024-10-04,AVGO,176.63999938964844,176.63999938964844,176.89999389648438,172.60000610351562,176.3000030517578,17921400.0,NMS,Broadcom Inc.,Broadcom Inc.,Technology,Semiconductors,180.66,843787010048.0,22958000128.0,0.164,Palo Alto,CA,United States,20000.0,0.0148787016609846
2024-10-07,AVGO,175.0800018310547,175.0800018310547,178.30999755859375,173.86000061035156,174.82000732421875,15588300.0,NMS,Broadcom Inc.,Broadcom Inc.,Technology,Semiconductors,180.66,843787010048.0,22958000128.0,0.164,Palo Alto,CA,United States,20000.0,0.0148787016609846
2024-10-08,AVGO,180.72999572753903,180.72999572753903,181.6000061035156,174.88999938964844,175.4199981689453,20774200.0,NMS,Broadcom Inc.,Broadcom Inc.,Technology,Semiconductors,180.66,843787010048.0,22958000128.0,0.164,Palo Alto,CA,United States,20000.0,0.0148787016609846
2024-10-09,AVGO,185.9499969482422,185.9499969482422,186.4199981689453,176.4199981689453,179.24000549316406,25504100.0,NMS,Broadcom Inc.,Broadcom Inc.,Technology,Semiconductors,180.66,843787010048.0,22958000128.0,0.164,Palo Alto,CA,United States,20000.0,0.0148787016609846
2024-10-10,AVGO,185.69000244140625,185.69000244140625,186.30999755859372,182.52999877929688,183.55999755859372,16318000.0,NMS,Broadcom Inc.,Broadcom Inc.,Technology,Semiconductors,180.66,843787010048.0,22958000128.0,0.164,Palo Alto,CA,United States,20000.0,0.0148787016609846
2024-10-11,AVGO,181.47999572753903,181.47999572753903,182.58999633789065,177.39999389648438,181.13999938964844,23070000.0,NMS,Broadcom Inc.,Broadcom Inc.,Technology,Semiconductors,180.66,843787010048.0,22958000128.0,0.164,Palo Alto,CA,United States,20000.0,0.0148787016609846
2024-10-14,AVGO,182.30999755859372,182.30999755859372,184.9499969482422,180.1300048828125,183.3000030517578,17195800.0,NMS,Broadcom Inc.,Broadcom Inc.,Technology,Semiconductors,180.66,843787010048.0,22958000128.0,0.164,Palo Alto,CA,United States,20000.0,0.0148787016609846
2024-10-15,AVGO,175.97999572753906,175.97999572753906,181.6999969482422,173.3699951171875,180.7899932861328,27657500.0,NMS,Broadcom Inc.,Broadcom Inc.,Technology,Semiconductors,180.66,843787010048.0,22958000128.0,0.164,Palo Alto,CA,United States,20000.0,0.0148787016609846
2024-10-16,AVGO,176.82000732421875,176.82000732421875,179.25,175.3300018310547,178.50999450683594,15285100.0,NMS,Broadcom Inc.,Broadcom Inc.,Technology,Semiconductors,180.66,843787010048.0,22958000128.0,0.164,Palo Alto,CA,United States,20000.0,0.0148787016609846
2024-10-17,AVGO,181.52999877929688,181.52999877929688,185.50999450683597,180.69000244140625,181.3699951171875,25232400.0,NMS,Broadcom Inc.,Broadcom Inc.,Technology,Semiconductors,180.66,843787010048.0,22958000128.0,0.164,Palo Alto,CA,United States,20000.0,0.0148787016609846
2024-10-18,AVGO,179.88999938964844,179.88999938964844,182.7100067138672,178.67999267578125,182.32000732421875,17835200.0,NMS,Broadcom Inc.,Broadcom Inc.,Technology,Semiconductors,180.66,843787010048.0,22958000128.0,0.164,Palo Alto,CA,United States,20000.0,0.0148787016609846
2024-10-21,AVGO,179.99000549316406,179.99000549316406,181.72000122070312,178.25,179.3800048828125,13695100.0,NMS,Broadcom Inc.,Broadcom Inc.,Technology,Semiconductors,180.66,843787010048.0,22958000128.0,0.164,Palo Alto,CA,United States,20000.0,0.0148787016609846
2024-10-22,AVGO,179.3800048828125,179.3800048828125,180.69000244140625,177.41000366210938,178.66000366210938,12062600.0,NMS,Broadcom Inc.,Broadcom Inc.,Technology,Semiconductors,180.66,843787010048.0,22958000128.0,0.164,Palo Alto,CA,United States,20000.0,0.0148787016609846
2024-10-23,AVGO,173.50999450683594,173.50999450683594,178.97999572753906,172.57000732421875,177.58999633789062,19513700.0,NMS,Broadcom Inc.,Broadcom Inc.,Technology,Semiconductors,180.66,843787010048.0,22958000128.0,0.164,Palo Alto,CA,United States,20000.0,0.0148787016609846
2024-10-24,AVGO,171.35000610351562,171.35000610351562,174.3000030517578,169.5,174.25999450683594,20485200.0,NMS,Broadcom Inc.,Broadcom Inc.,Technology,Semiconductors,180.66,843787010048.0,22958000128.0,0.164,Palo Alto,CA,United States,20000.0,0.0148787016609846
2024-10-25,AVGO,173.0,173.0,176.8000030517578,172.72000122070312,174.19000244140625,19977700.0,NMS,Broadcom Inc.,Broadcom Inc.,Technology,Semiconductors,180.66,843787010048.0,22958000128.0,0.164,Palo Alto,CA,United States,20000.0,0.0148787016609846
2024-10-28,AVGO,172.02000427246094,172.02000427246094,173.97000122070312,171.35000610351562,173.0,13195800.0,NMS,Broadcom Inc.,Broadcom Inc.,Technology,Semiconductors,180.66,843787010048.0,22958000128.0,0.164,Palo Alto,CA,United States,20000.0,0.0148787016609846
2024-10-29,AVGO,179.24000549316406,179.24000549316406,180.22999572753903,171.2100067138672,172.44000244140625,23702300.0,NMS,Broadcom Inc.,Broadcom Inc.,Technology,Semiconductors,180.66,843787010048.0,22958000128.0,0.164,Palo Alto,CA,United States,20000.0,0.0148787016609846
2024-10-30,AVGO,176.63999938964844,176.63999938964844,179.19000244140625,175.6199951171875,177.47000122070312,17911500.0,NMS,Broadcom Inc.,Broadcom Inc.,Technology,Semiconductors,180.66,843787010048.0,22958000128.0,0.164,Palo Alto,CA,United States,20000.0,0.0148787016609846
2024-10-31,AVGO,169.77000427246094,169.77000427246094,174.4499969482422,167.3800048828125,174.4499969482422,26086600.0,NMS,Broadcom Inc.,Broadcom Inc.,Technology,Semiconductors,180.66,843787010048.0,22958000128.0,0.164,Palo Alto,CA,United States,20000.0,0.0148787016609846
2024-11-01,AVGO,168.9199981689453,168.9199981689453,171.3300018310547,167.5,168.25999450683594,17847000.0,NMS,Broadcom Inc.,Broadcom Inc.,Technology,Semiconductors,180.66,843787010048.0,22958000128.0,0.164,Palo Alto,CA,United States,20000.0,0.0148787016609846
2024-11-04,AVGO,168.5500030517578,168.5500030517578,172.4499969482422,168.4199981689453,169.27999877929688,13621300.0,NMS,Broadcom Inc.,Broadcom Inc.,Technology,Semiconductors,180.66,843787010048.0,22958000128.0,0.164,Palo Alto,CA,United States,20000.0,0.0148787016609846
2024-11-05,AVGO,173.89999389648438,173.89999389648438,174.39999389648438,170.0500030517578,170.0500030517578,13441800.0,NMS,Broadcom Inc.,Broadcom Inc.,Technology,Semiconductors,180.66,843787010048.0,22958000128.0,0.164,Palo Alto,CA,United States,20000.0,0.0148787016609846
2024-11-06,AVGO,179.5500030517578,179.5500030517578,180.2100067138672,175.9600067138672,179.6300048828125,24300800.0,NMS,Broadcom Inc.,Broadcom Inc.,Technology,Semiconductors,180.66,843787010048.0,22958000128.0,0.164,Palo Alto,CA,United States,20000.0,0.0148787016609846
2024-11-07,AVGO,183.80999755859372,183.80999755859372,184.8699951171875,181.7899932861328,181.9900054931641,18970600.0,NMS,Broadcom Inc.,Broadcom Inc.,Technology,Semiconductors,180.66,843787010048.0,22958000128.0,0.164,Palo Alto,CA,United States,20000.0,0.0148787016609846
2024-11-08,AVGO,183.63999938964844,183.63999938964844,185.0500030517578,181.8300018310547,182.9900054931641,13503200.0,NMS,Broadcom Inc.,Broadcom Inc.,Technology,Semiconductors,180.66,843787010048.0,22958000128.0,0.164,Palo Alto,CA,United States,20000.0,0.0148787016609846
2024-11-11,AVGO,178.91000366210938,178.91000366210938,183.6300048828125,176.82000732421875,183.3999938964844,17036700.0,NMS,Broadcom Inc.,Broadcom Inc.,Technology,Semiconductors,180.66,843787010048.0,22958000128.0,0.164,Palo Alto,CA,United States,20000.0,0.0148787016609846
2024-11-12,AVGO,176.22000122070312,176.22000122070312,179.55999755859375,173.1999969482422,178.89999389648438,15862000.0,NMS,Broadcom Inc.,Broadcom Inc.,Technology,Semiconductors,180.66,843787010048.0,22958000128.0,0.164,Palo Alto,CA,United States,20000.0,0.0148787016609846
2024-11-13,AVGO,173.5800018310547,173.5800018310547,175.58999633789062,172.60000610351562,174.7100067138672,17472500.0,NMS,Broadcom Inc.,Broadcom Inc.,Technology,Semiconductors,180.66,843787010048.0,22958000128.0,0.164,Palo Alto,CA,United States,20000.0,0.0148787016609846
2024-11-14,AVGO,170.3800048828125,170.3800048828125,175.57000732421875,169.8699951171875,174.77000427246094,20638900.0,NMS,Broadcom Inc.,Broadcom Inc.,Technology,Semiconductors,180.66,843787010048.0,22958000128.0,0.164,Palo Alto,CA,United States,20000.0,0.0148787016609846
2024-11-15,AVGO,164.83999633789062,164.83999633789062,169.13999938964844,163.42999267578125,168.47000122070312,20836200.0,NMS,Broadcom Inc.,Broadcom Inc.,Technology,Semiconductors,180.66,843787010048.0,22958000128.0,0.164,Palo Alto,CA,United States,20000.0,0.0148787016609846
2024-11-18,AVGO,165.6699981689453,165.6699981689453,166.35000610351562,162.22000122070312,165.66000366210938,17870300.0,NMS,Broadcom Inc.,Broadcom Inc.,Technology,Semiconductors,180.66,843787010048.0,22958000128.0,0.164,Palo Alto,CA,United States,20000.0,0.0148787016609846
2024-11-19,AVGO,165.35000610351562,165.35000610351562,166.8000030517578,164.30999755859375,166.66000366210938,18003400.0,NMS,Broadcom Inc.,Broadcom Inc.,Technology,Semiconductors,180.66,843787010048.0,22958000128.0,0.164,Palo Alto,CA,United States,20000.0,0.0148787016609846
2024-11-20,AVGO,163.25,163.25,165.5399932861328,160.86000061035156,165.5399932861328,17196700.0,NMS,Broadcom Inc.,Broadcom Inc.,Technology,Semiconductors,180.66,843787010048.0,22958000128.0,0.164,Palo Alto,CA,United States,20000.0,0.0148787016609846
2024-11-21,AVGO,163.94000244140625,163.94000244140625,166.33999633789062,160.60000610351562,166.25,24835300.0,NMS,Broadcom Inc.,Broadcom Inc.,Technology,Semiconductors,180.66,843787010048.0,22958000128.0,0.164,Palo Alto,CA,United States,20000.0,0.0148787016609846
2024-11-22,AVGO,164.22999572753906,164.22999572753906,164.91000366210938,162.39999389648438,164.3000030517578,17332500.0,NMS,Broadcom Inc.,Broadcom Inc.,Technology,Semiconductors,180.66,843787010048.0,22958000128.0,0.164,Palo Alto,CA,United States,20000.0,0.0148787016609846
2024-11-25,AVGO,164.82000732421875,164.82000732421875,167.22999572753906,162.88999938964844,165.39999389648438,26850600.0,NMS,Broadcom Inc.,Broadcom Inc.,Technology,Semiconductors,180.66,843787010048.0,22958000128.0,0.164,Palo Alto,CA,United States,20000.0,0.0148787016609846
2024-11-26,AVGO,164.74000549316406,164.74000549316406,166.3699951171875,162.69000244140625,164.60000610351562,16308800.0,NMS,Broadcom Inc.,Broadcom Inc.,Technology,Semiconductors,180.66,843787010048.0,22958000128.0,0.164,Palo Alto,CA,United States,20000.0,0.0148787016609846
2024-11-27,AVGO,159.6699981689453,159.6699981689453,163.1999969482422,157.5399932861328,163.1999969482422,19722700.0,NMS,Broadcom Inc.,Broadcom Inc.,Technology,Semiconductors,180.66,843787010048.0,22958000128.0,0.164,Palo Alto,CA,United States,20000.0,0.0148787016609846
2024-11-29,AVGO,162.0800018310547,162.0800018310547,162.69000244140625,159.0800018310547,159.57000732421875,11024000.0,NMS,Broadcom Inc.,Broadcom Inc.,Technology,Semiconductors,180.66,843787010048.0,22958000128.0,0.164,Palo Alto,CA,United States,20000.0,0.0148787016609846
2024-12-02,AVGO,166.50999450683594,166.50999450683594,168.3800048828125,162.75,162.9499969482422,21472400.0,NMS,Broadcom Inc.,Broadcom Inc.,Technology,Semiconductors,180.66,843787010048.0,22958000128.0,0.164,Palo Alto,CA,United States,20000.0,0.0148787016609846
2024-12-03,AVGO,168.14999389648438,168.14999389648438,168.27000427246094,164.02999877929688,164.47999572753906,17024400.0,NMS,Broadcom Inc.,Broadcom Inc.,Technology,Semiconductors,180.66,843787010048.0,22958000128.0,0.164,Palo Alto,CA,United States,20000.0,0.0148787016609846
2024-12-04,AVGO,170.55999755859375,170.55999755859375,175.38999938964844,168.55999755859375,173.44000244140625,32748200.0,NMS,Broadcom Inc.,Broadcom Inc.,Technology,Semiconductors,180.66,843787010048.0,22958000128.0,0.164,Palo Alto,CA,United States,20000.0,0.0148787016609846
2024-12-05,AVGO,170.47000122070312,170.47000122070312,172.39999389648438,169.1999969482422,170.75,18490000.0,NMS,Broadcom Inc.,Broadcom Inc.,Technology,Semiconductors,180.66,843787010048.0,22958000128.0,0.164,Palo Alto,CA,United States,20000.0,0.0148787016609846
2024-12-06,AVGO,179.52999877929688,179.52999877929688,180.67999267578125,169.3300018310547,170.10000610351562,27830800.0,NMS,Broadcom Inc.,Broadcom Inc.,Technology,Semiconductors,180.66,843787010048.0,22958000128.0,0.164,Palo Alto,CA,United States,20000.0,0.0148787016609846
2024-12-09,AVGO,178.94000244140625,178.94000244140625,180.7899932861328,176.02000427246094,178.9499969482422,20886300.0,NMS,Broadcom Inc.,Broadcom Inc.,Technology,Semiconductors,180.66,843787010048.0,22958000128.0,0.164,Palo Alto,CA,United States,20000.0,0.0148787016609846
2024-12-10,AVGO,171.80999755859375,171.80999755859375,178.5,169.72999572753906,177.80999755859375,27762600.0,NMS,Broadcom Inc.,Broadcom Inc.,Technology,Semiconductors,180.66,843787010048.0,22958000128.0,0.164,Palo Alto,CA,United States,20000.0,0.0148787016609846
2024-12-11,AVGO,183.1999969482422,183.1999969482422,184.8699951171875,176.42999267578125,180.00999450683594,41295200.0,NMS,Broadcom Inc.,Broadcom Inc.,Technology,Semiconductors,180.66,843787010048.0,22958000128.0,0.164,Palo Alto,CA,United States,20000.0,0.0148787016609846
2024-12-12,AVGO,180.66000366210935,180.66000366210935,181.9900054931641,176.0,180.92999267578125,33561825.0,NMS,Broadcom Inc.,Broadcom Inc.,Technology,Semiconductors,180.66,843787010048.0,22958000128.0,0.164,Palo Alto,CA,United States,20000.0,0.0148787016609846
2024-01-02,XOM,98.98353576660156,102.36000061035156,103.0999984741211,100.8499984741211,100.91999816894533,23483000.0,NYQ,Exxon Mobil Corporation,Exxon Mobil Corporation,Energy,Oil & Gas Integrated,111.82,491458953216.0,71537999872.0,-0.015,Spring,TX,United States,62000.0,0.0086660153053371
2024-01-03,XOM,99.81515502929688,103.22000122070312,103.62000274658205,101.66000366210938,102.2699966430664,23490800.0,NYQ,Exxon Mobil Corporation,Exxon Mobil Corporation,Energy,Oil & Gas Integrated,111.82,491458953216.0,71537999872.0,-0.015,Spring,TX,United States,62000.0,0.0086660153053371
2024-01-04,XOM,98.9448471069336,102.31999969482422,104.56999969482422,102.0500030517578,104.08000183105467,19395200.0,NYQ,Exxon Mobil Corporation,Exxon Mobil Corporation,Energy,Oil & Gas Integrated,111.82,491458953216.0,71537999872.0,-0.015,Spring,TX,United States,62000.0,0.0086660153053371
2024-01-05,XOM,99.24462127685548,102.62999725341795,103.4000015258789,102.12999725341795,103.16999816894533,15825000.0,NYQ,Exxon Mobil Corporation,Exxon Mobil Corporation,Energy,Oil & Gas Integrated,111.82,491458953216.0,71537999872.0,-0.015,Spring,TX,United States,62000.0,0.0086660153053371
2024-01-08,XOM,97.59102630615234,100.91999816894533,101.04000091552734,98.9000015258789,100.7300033569336,23370100.0,NYQ,Exxon Mobil Corporation,Exxon Mobil Corporation,Energy,Oil & Gas Integrated,111.82,491458953216.0,71537999872.0,-0.015,Spring,TX,United States,62000.0,0.0086660153053371
2024-01-09,XOM,96.38227081298828,99.66999816894533,101.29000091552734,99.19000244140624,101.29000091552734,19496600.0,NYQ,Exxon Mobil Corporation,Exxon Mobil Corporation,Energy,Oil & Gas Integrated,111.82,491458953216.0,71537999872.0,-0.015,Spring,TX,United States,62000.0,0.0086660153053371
2024-01-10,XOM,95.43460083007812,98.69000244140624,99.8000030517578,98.16000366210938,99.8000030517578,18206100.0,NYQ,Exxon Mobil Corporation,Exxon Mobil Corporation,Energy,Oil & Gas Integrated,111.82,491458953216.0,71537999872.0,-0.015,Spring,TX,United States,62000.0,0.0086660153053371
2024-01-11,XOM,95.41524505615234,98.66999816894533,99.5,98.55999755859376,99.04000091552734,15833400.0,NYQ,Exxon Mobil Corporation,Exxon Mobil Corporation,Energy,Oil & Gas Integrated,111.82,491458953216.0,71537999872.0,-0.015,Spring,TX,United States,62000.0,0.0086660153053371
2024-01-12,XOM,96.65302276611328,99.9499969482422,100.6500015258789,99.16999816894533,100.13999938964844,18032100.0,NYQ,Exxon Mobil Corporation,Exxon Mobil Corporation,Energy,Oil & Gas Integrated,111.82,491458953216.0,71537999872.0,-0.015,Spring,TX,United States,62000.0,0.0086660153053371
2024-01-16,XOM,94.46758270263672,97.69000244140624,100.01000213623048,97.52999877929688,99.81999969482422,20235700.0,NYQ,Exxon Mobil Corporation,Exxon Mobil Corporation,Energy,Oil & Gas Integrated,111.82,491458953216.0,71537999872.0,-0.015,Spring,TX,United States,62000.0,0.0086660153053371
2024-01-17,XOM,93.78099822998048,96.9800033569336,97.95999908447266,96.58000183105467,96.5999984741211,18384000.0,NYQ,Exxon Mobil Corporation,Exxon Mobil Corporation,Energy,Oil & Gas Integrated,111.82,491458953216.0,71537999872.0,-0.015,Spring,TX,United States,62000.0,0.0086660153053371
2024-01-18,XOM,93.60694122314452,96.8000030517578,97.08999633789062,95.81999969482422,97.0,20940300.0,NYQ,Exxon Mobil Corporation,Exxon Mobil Corporation,Energy,Oil & Gas Integrated,111.82,491458953216.0,71537999872.0,-0.015,Spring,TX,United States,62000.0,0.0086660153053371
2024-01-19,XOM,93.75198364257812,96.9499969482422,97.0199966430664,96.41000366210938,96.72000122070312,20079300.0,NYQ,Exxon Mobil Corporation,Exxon Mobil Corporation,Energy,Oil & Gas Integrated,111.82,491458953216.0,71537999872.0,-0.015,Spring,TX,United States,62000.0,0.0086660153053371
2024-01-22,XOM,93.62627410888672,96.81999969482422,97.0999984741211,95.7699966430664,96.6999969482422,19955900.0,NYQ,Exxon Mobil Corporation,Exxon Mobil Corporation,Energy,Oil & Gas Integrated,111.82,491458953216.0,71537999872.0,-0.015,Spring,TX,United States,62000.0,0.0086660153053371
2024-01-23,XOM,94.68032836914062,97.91000366210938,98.5,96.7300033569336,96.80999755859376,15863400.0,NYQ,Exxon Mobil Corporation,Exxon Mobil Corporation,Energy,Oil & Gas Integrated,111.82,491458953216.0,71537999872.0,-0.015,Spring,TX,United States,62000.0,0.0086660153053371
2024-01-24,XOM,96.3145751953125,99.5999984741211,99.6500015258789,97.73999786376952,98.31999969482422,17330600.0,NYQ,Exxon Mobil Corporation,Exxon Mobil Corporation,Energy,Oil & Gas Integrated,111.82,491458953216.0,71537999872.0,-0.015,Spring,TX,United States,62000.0,0.0086660153053371
2024-01-25,XOM,98.76111602783205,102.12999725341795,102.18000030517578,99.62000274658205,100.30999755859376,22089500.0,NYQ,Exxon Mobil Corporation,Exxon Mobil Corporation,Energy,Oil & Gas Integrated,111.82,491458953216.0,71537999872.0,-0.015,Spring,TX,United States,62000.0,0.0086660153053371
2024-01-26,XOM,99.60242462158205,103.0,103.08000183105467,101.19000244140624,101.97000122070312,20817200.0,NYQ,Exxon Mobil Corporation,Exxon Mobil Corporation,Energy,Oil & Gas Integrated,111.82,491458953216.0,71537999872.0,-0.015,Spring,TX,United States,62000.0,0.0086660153053371
2024-01-29,XOM,99.72813415527344,103.12999725341795,103.1999969482422,101.86000061035156,102.9800033569336,18317500.0,NYQ,Exxon Mobil Corporation,Exxon Mobil Corporation,Energy,Oil & Gas Integrated,111.82,491458953216.0,71537999872.0,-0.015,Spring,TX,United States,62000.0,0.0086660153053371
2024-01-30,XOM,101.39139556884766,104.8499984741211,104.87999725341795,102.0999984741211,102.41000366210938,19610900.0,NYQ,Exxon Mobil Corporation,Exxon Mobil Corporation,Energy,Oil & Gas Integrated,111.82,491458953216.0,71537999872.0,-0.015,Spring,TX,United States,62000.0,0.0086660153053371
2024-01-31,XOM,99.4186782836914,102.80999755859376,104.87999725341795,102.7699966430664,104.73999786376952,22415300.0,NYQ,Exxon Mobil Corporation,Exxon Mobil Corporation,Energy,Oil & Gas Integrated,111.82,491458953216.0,71537999872.0,-0.015,Spring,TX,United States,62000.0,0.0086660153053371
2024-02-01,XOM,99.01254272460938,102.38999938964844,104.01000213623048,101.62000274658205,103.56999969482422,19240700.0,NYQ,Exxon Mobil Corporation,Exxon Mobil Corporation,Energy,Oil & Gas Integrated,111.82,491458953216.0,71537999872.0,-0.015,Spring,TX,United States,62000.0,0.0086660153053371
2024-02-02,XOM,98.60640716552734,101.97000122070312,104.0,101.61000061035156,103.75,21968200.0,NYQ,Exxon Mobil Corporation,Exxon Mobil Corporation,Energy,Oil & Gas Integrated,111.82,491458953216.0,71537999872.0,-0.015,Spring,TX,United States,62000.0,0.0086660153053371
2024-02-05,XOM,98.2002410888672,101.5500030517578,102.37999725341795,100.5,101.4499969482422,17190900.0,NYQ,Exxon Mobil Corporation,Exxon Mobil Corporation,Energy,Oil & Gas Integrated,111.82,491458953216.0,71537999872.0,-0.015,Spring,TX,United States,62000.0,0.0086660153053371
2024-02-06,XOM,98.87715911865234,102.25,103.04000091552734,101.56999969482422,102.06999969482422,13347900.0,NYQ,Exxon Mobil Corporation,Exxon Mobil Corporation,Energy,Oil & Gas Integrated,111.82,491458953216.0,71537999872.0,-0.015,Spring,TX,United States,62000.0,0.0086660153053371
2024-02-07,XOM,98.84815216064452,102.22000122070312,102.7300033569336,101.18000030517578,102.25,13826800.0,NYQ,Exxon Mobil Corporation,Exxon Mobil Corporation,Energy,Oil & Gas Integrated,111.82,491458953216.0,71537999872.0,-0.015,Spring,TX,United States,62000.0,0.0086660153053371
2024-02-08,XOM,100.5404281616211,103.97000122070312,104.41999816894533,102.11000061035156,102.33999633789062,19636900.0,NYQ,Exxon Mobil Corporation,Exxon Mobil Corporation,Energy,Oil & Gas Integrated,111.82,491458953216.0,71537999872.0,-0.015,Spring,TX,United States,62000.0,0.0086660153053371
2024-02-09,XOM,98.4129867553711,101.7699966430664,104.83999633789062,101.6999969482422,104.0999984741211,20410500.0,NYQ,Exxon Mobil Corporation,Exxon Mobil Corporation,Energy,Oil & Gas Integrated,111.82,491458953216.0,71537999872.0,-0.015,Spring,TX,United States,62000.0,0.0086660153053371
2024-02-12,XOM,99.76681518554688,103.16999816894533,103.4000015258789,102.0,102.16000366210938,18173100.0,NYQ,Exxon Mobil Corporation,Exxon Mobil Corporation,Energy,Oil & Gas Integrated,111.82,491458953216.0,71537999872.0,-0.015,Spring,TX,United States,62000.0,0.0086660153053371
2024-02-13,XOM,98.90792083740234,101.33999633789062,103.08999633789062,100.5999984741211,102.76000213623048,18917400.0,NYQ,Exxon Mobil Corporation,Exxon Mobil Corporation,Energy,Oil & Gas Integrated,111.82,491458953216.0,71537999872.0,-0.015,Spring,TX,United States,62000.0,0.0086660153053371
2024-02-14,XOM,98.419921875,100.83999633789062,102.62000274658205,100.41999816894533,101.87000274658205,17651300.0,NYQ,Exxon Mobil Corporation,Exxon Mobil Corporation,Energy,Oil & Gas Integrated,111.82,491458953216.0,71537999872.0,-0.015,Spring,TX,United States,62000.0,0.0086660153053371
2024-02-15,XOM,101.2405776977539,103.7300033569336,103.94000244140624,100.5999984741211,100.5999984741211,23196300.0,NYQ,Exxon Mobil Corporation,Exxon Mobil Corporation,Energy,Oil & Gas Integrated,111.82,491458953216.0,71537999872.0,-0.015,Spring,TX,United States,62000.0,0.0086660153053371
2024-02-16,XOM,101.2405776977539,103.7300033569336,104.62999725341795,103.5199966430664,104.01000213623048,20146700.0,NYQ,Exxon Mobil Corporation,Exxon Mobil Corporation,Energy,Oil & Gas Integrated,111.82,491458953216.0,71537999872.0,-0.015,Spring,TX,United States,62000.0,0.0086660153053371
2024-02-20,XOM,100.28409576416016,102.75,104.12000274658205,102.6500015258789,103.83999633789062,17650000.0,NYQ,Exxon Mobil Corporation,Exxon Mobil Corporation,Energy,Oil & Gas Integrated,111.82,491458953216.0,71537999872.0,-0.015,Spring,TX,United States,62000.0,0.0086660153053371
2024-02-21,XOM,102.33368682861328,104.8499984741211,104.9800033569336,102.98999786376952,103.0199966430664,20999200.0,NYQ,Exxon Mobil Corporation,Exxon Mobil Corporation,Energy,Oil & Gas Integrated,111.82,491458953216.0,71537999872.0,-0.015,Spring,TX,United States,62000.0,0.0086660153053371
2024-02-22,XOM,102.245849609375,104.76000213623048,105.41000366210938,103.4499969482422,104.16000366210938,20470700.0,NYQ,Exxon Mobil Corporation,Exxon Mobil Corporation,Energy,Oil & Gas Integrated,111.82,491458953216.0,71537999872.0,-0.015,Spring,TX,United States,62000.0,0.0086660153053371
2024-02-23,XOM,101.34793090820312,103.83999633789062,104.08999633789062,102.87999725341795,103.87999725341795,15975900.0,NYQ,Exxon Mobil Corporation,Exxon Mobil Corporation,Energy,Oil & Gas Integrated,111.82,491458953216.0,71537999872.0,-0.015,Spring,TX,United States,62000.0,0.0086660153053371
2024-02-26,XOM,101.74808502197266,104.25,104.94000244140624,103.0500030517578,103.72000122070312,13360800.0,NYQ,Exxon Mobil Corporation,Exxon Mobil Corporation,Energy,Oil & Gas Integrated,111.82,491458953216.0,71537999872.0,-0.015,Spring,TX,United States,62000.0,0.0086660153053371
2024-02-27,XOM,101.53337097167967,104.02999877929688,105.1500015258789,103.8499984741211,104.68000030517578,16360000.0,NYQ,Exxon Mobil Corporation,Exxon Mobil Corporation,Energy,Oil & Gas Integrated,111.82,491458953216.0,71537999872.0,-0.015,Spring,TX,United States,62000.0,0.0086660153053371
2024-02-28,XOM,101.81640625,104.31999969482422,105.43000030517578,104.0,104.47000122070312,14810500.0,NYQ,Exxon Mobil Corporation,Exxon Mobil Corporation,Energy,Oil & Gas Integrated,111.82,491458953216.0,71537999872.0,-0.015,Spring,TX,United States,62000.0,0.0086660153053371
2024-02-29,XOM,102.01161193847656,104.5199966430664,105.06999969482422,104.22000122070312,104.68000030517578,17566100.0,NYQ,Exxon Mobil Corporation,Exxon Mobil Corporation,Energy,Oil & Gas Integrated,111.82,491458953216.0,71537999872.0,-0.015,Spring,TX,United States,62000.0,0.0086660153053371
2024-03-01,XOM,103.29993438720705,105.83999633789062,106.38999938964844,105.37999725341795,105.72000122070312,18459500.0,NYQ,Exxon Mobil Corporation,Exxon Mobil Corporation,Energy,Oil & Gas Integrated,111.82,491458953216.0,71537999872.0,-0.015,Spring,TX,United States,62000.0,0.0086660153053371
2024-03-04,XOM,101.85545349121094,104.36000061035156,105.8499984741211,104.02999877929688,105.66000366210938,18138000.0,NYQ,Exxon Mobil Corporation,Exxon Mobil Corporation,Energy,Oil & Gas Integrated,111.82,491458953216.0,71537999872.0,-0.015,Spring,TX,United States,62000.0,0.0086660153053371
2024-03-05,XOM,103.10472869873048,105.63999938964844,106.2699966430664,104.31999969482422,104.52999877929688,19952700.0,NYQ,Exxon Mobil Corporation,Exxon Mobil Corporation,Energy,Oil & Gas Integrated,111.82,491458953216.0,71537999872.0,-0.015,Spring,TX,United States,62000.0,0.0086660153053371
2024-03-06,XOM,104.20761108398438,106.7699966430664,107.56999969482422,106.1500015258789,106.62000274658205,20472800.0,NYQ,Exxon Mobil Corporation,Exxon Mobil Corporation,Energy,Oil & Gas Integrated,111.82,491458953216.0,71537999872.0,-0.015,Spring,TX,United States,62000.0,0.0086660153053371
2024-03-07,XOM,104.793212890625,107.37000274658205,107.9800033569336,106.5999984741211,106.5999984741211,15195400.0,NYQ,Exxon Mobil Corporation,Exxon Mobil Corporation,Energy,Oil & Gas Integrated,111.82,491458953216.0,71537999872.0,-0.015,Spring,TX,United States,62000.0,0.0086660153053371
2024-03-08,XOM,105.77896881103516,108.37999725341795,108.4000015258789,106.7699966430664,107.2300033569336,16274600.0,NYQ,Exxon Mobil Corporation,Exxon Mobil Corporation,Energy,Oil & Gas Integrated,111.82,491458953216.0,71537999872.0,-0.015,Spring,TX,United States,62000.0,0.0086660153053371
2024-03-11,XOM,106.40361785888672,109.0199966430664,109.12000274658205,107.33999633789062,108.25,17577300.0,NYQ,Exxon Mobil Corporation,Exxon Mobil Corporation,Energy,Oil & Gas Integrated,111.82,491458953216.0,71537999872.0,-0.015,Spring,TX,United States,62000.0,0.0086660153053371
2024-03-12,XOM,105.7204132080078,108.31999969482422,109.27999877929688,108.02999877929688,109.05999755859376,14957200.0,NYQ,Exxon Mobil Corporation,Exxon Mobil Corporation,Energy,Oil & Gas Integrated,111.82,491458953216.0,71537999872.0,-0.015,Spring,TX,United States,62000.0,0.0086660153053371
2024-03-13,XOM,106.90137481689452,109.52999877929688,110.3499984741211,109.11000061035156,109.13999938964844,17122200.0,NYQ,Exxon Mobil Corporation,Exxon Mobil Corporation,Energy,Oil & Gas Integrated,111.82,491458953216.0,71537999872.0,-0.015,Spring,TX,United States,62000.0,0.0086660153053371
2024-03-14,XOM,108.79481506347656,111.47000122070312,111.5500030517578,109.69000244140624,109.83000183105467,22121000.0,NYQ,Exxon Mobil Corporation,Exxon Mobil Corporation,Energy,Oil & Gas Integrated,111.82,491458953216.0,71537999872.0,-0.015,Spring,TX,United States,62000.0,0.0086660153053371
2024-03-15,XOM,108.599609375,111.2699966430664,112.3000030517578,110.8499984741211,110.8499984741211,38263900.0,NYQ,Exxon Mobil Corporation,Exxon Mobil Corporation,Energy,Oil & Gas Integrated,111.82,491458953216.0,71537999872.0,-0.015,Spring,TX,United States,62000.0,0.0086660153053371
2024-03-18,XOM,109.60490417480467,112.3000030517578,112.86000061035156,111.0999984741211,111.79000091552734,16770500.0,NYQ,Exxon Mobil Corporation,Exxon Mobil Corporation,Energy,Oil & Gas Integrated,111.82,491458953216.0,71537999872.0,-0.015,Spring,TX,United States,62000.0,0.0086660153053371
2024-03-19,XOM,110.37593841552734,113.08999633789062,113.48999786376952,112.05999755859376,112.22000122070312,14878800.0,NYQ,Exxon Mobil Corporation,Exxon Mobil Corporation,Energy,Oil & Gas Integrated,111.82,491458953216.0,71537999872.0,-0.015,Spring,TX,United States,62000.0,0.0086660153053371
2024-03-20,XOM,110.2783432006836,112.98999786376952,113.4000015258789,112.12999725341795,112.72000122070312,16119700.0,NYQ,Exxon Mobil Corporation,Exxon Mobil Corporation,Energy,Oil & Gas Integrated,111.82,491458953216.0,71537999872.0,-0.015,Spring,TX,United States,62000.0,0.0086660153053371
2024-03-21,XOM,110.7663345336914,113.48999786376952,113.91000366210938,112.56999969482422,112.91999816894533,14878000.0,NYQ,Exxon Mobil Corporation,Exxon Mobil Corporation,Energy,Oil & Gas Integrated,111.82,491458953216.0,71537999872.0,-0.015,Spring,TX,United States,62000.0,0.0086660153053371
2024-03-22,XOM,110.7663345336914,113.48999786376952,113.69000244140624,112.81999969482422,113.4800033569336,14695400.0,NYQ,Exxon Mobil Corporation,Exxon Mobil Corporation,Energy,Oil & Gas Integrated,111.82,491458953216.0,71537999872.0,-0.015,Spring,TX,United States,62000.0,0.0086660153053371
2024-03-25,XOM,111.89849853515624,114.6500015258789,115.77999877929688,113.83000183105467,113.83000183105467,14011700.0,NYQ,Exxon Mobil Corporation,Exxon Mobil Corporation,Energy,Oil & Gas Integrated,111.82,491458953216.0,71537999872.0,-0.015,Spring,TX,United States,62000.0,0.0086660153053371
2024-03-26,XOM,111.05914306640624,113.79000091552734,114.9800033569336,113.41000366210938,114.66000366210938,13152300.0,NYQ,Exxon Mobil Corporation,Exxon Mobil Corporation,Energy,Oil & Gas Integrated,111.82,491458953216.0,71537999872.0,-0.015,Spring,TX,United States,62000.0,0.0086660153053371
2024-03-27,XOM,112.21082305908205,114.97000122070312,115.05999755859376,113.41000366210938,113.4800033569336,12415700.0,NYQ,Exxon Mobil Corporation,Exxon Mobil Corporation,Energy,Oil & Gas Integrated,111.82,491458953216.0,71537999872.0,-0.015,Spring,TX,United States,62000.0,0.0086660153053371
2024-03-28,XOM,113.45034790039062,116.23999786376952,116.4499969482422,115.05999755859376,115.52999877929688,18482100.0,NYQ,Exxon Mobil Corporation,Exxon Mobil Corporation,Energy,Oil & Gas Integrated,111.82,491458953216.0,71537999872.0,-0.015,Spring,TX,United States,62000.0,0.0086660153053371
2024-04-01,XOM,114.18234252929688,116.98999786376952,117.23999786376952,115.37999725341795,116.41000366210938,13817000.0,NYQ,Exxon Mobil Corporation,Exxon Mobil Corporation,Energy,Oil & Gas Integrated,111.82,491458953216.0,71537999872.0,-0.015,Spring,TX,United States,62000.0,0.0086660153053371
2024-04-02,XOM,116.4173812866211,119.27999877929688,119.5999984741211,117.33000183105467,117.91999816894533,19919600.0,NYQ,Exxon Mobil Corporation,Exxon Mobil Corporation,Energy,Oil & Gas Integrated,111.82,491458953216.0,71537999872.0,-0.015,Spring,TX,United States,62000.0,0.0086660153053371
2024-04-03,XOM,116.43690490722656,119.3000030517578,119.75,118.7300033569336,119.4800033569336,16504300.0,NYQ,Exxon Mobil Corporation,Exxon Mobil Corporation,Energy,Oil & Gas Integrated,111.82,491458953216.0,71537999872.0,-0.015,Spring,TX,United States,62000.0,0.0086660153053371
2024-04-04,XOM,116.8468246459961,119.72000122070312,119.87999725341795,118.63999938964844,119.0500030517578,18467400.0,NYQ,Exxon Mobil Corporation,Exxon Mobil Corporation,Energy,Oil & Gas Integrated,111.82,491458953216.0,71537999872.0,-0.015,Spring,TX,United States,62000.0,0.0086660153053371
2024-04-05,XOM,118.4572296142578,121.37000274658205,122.1500015258789,119.63999938964844,119.9800033569336,21714100.0,NYQ,Exxon Mobil Corporation,Exxon Mobil Corporation,Energy,Oil & Gas Integrated,111.82,491458953216.0,71537999872.0,-0.015,Spring,TX,United States,62000.0,0.0086660153053371
2024-04-08,XOM,117.65691375732422,120.5500030517578,121.73999786376952,120.20999908447266,121.08000183105467,17513900.0,NYQ,Exxon Mobil Corporation,Exxon Mobil Corporation,Energy,Oil & Gas Integrated,111.82,491458953216.0,71537999872.0,-0.015,Spring,TX,United States,62000.0,0.0086660153053371
2024-04-09,XOM,118.27178955078124,121.18000030517578,121.6500015258789,120.33999633789062,121.0,14135700.0,NYQ,Exxon Mobil Corporation,Exxon Mobil Corporation,Energy,Oil & Gas Integrated,111.82,491458953216.0,71537999872.0,-0.015,Spring,TX,United States,62000.0,0.0086660153053371
2024-04-10,XOM,119.26730346679688,122.1999969482422,122.47000122070312,120.7300033569336,121.22000122070312,17409200.0,NYQ,Exxon Mobil Corporation,Exxon Mobil Corporation,Energy,Oil & Gas Integrated,111.82,491458953216.0,71537999872.0,-0.015,Spring,TX,United States,62000.0,0.0086660153053371
2024-04-11,XOM,118.86714935302734,121.79000091552734,122.69000244140624,120.33999633789062,122.69000244140624,17555900.0,NYQ,Exxon Mobil Corporation,Exxon Mobil Corporation,Energy,Oil & Gas Integrated,111.82,491458953216.0,71537999872.0,-0.015,Spring,TX,United States,62000.0,0.0086660153053371
2024-04-12,XOM,117.48123168945312,120.37000274658205,123.75,119.66999816894533,122.9499969482422,21539500.0,NYQ,Exxon Mobil Corporation,Exxon Mobil Corporation,Energy,Oil & Gas Integrated,111.82,491458953216.0,71537999872.0,-0.015,Spring,TX,United States,62000.0,0.0086660153053371
2024-04-15,XOM,116.80778503417967,119.68000030517578,121.69000244140624,119.4499969482422,121.08999633789062,15029500.0,NYQ,Exxon Mobil Corporation,Exxon Mobil Corporation,Energy,Oil & Gas Integrated,111.82,491458953216.0,71537999872.0,-0.015,Spring,TX,United States,62000.0,0.0086660153053371
2024-04-16,XOM,115.84153747558594,118.69000244140624,120.22000122070312,117.91999816894533,119.55999755859376,18082200.0,NYQ,Exxon Mobil Corporation,Exxon Mobil Corporation,Energy,Oil & Gas Integrated,111.82,491458953216.0,71537999872.0,-0.015,Spring,TX,United States,62000.0,0.0086660153053371
2024-04-17,XOM,115.7829818725586,118.62999725341795,119.3499984741211,117.12000274658205,118.5500030517578,14538600.0,NYQ,Exxon Mobil Corporation,Exxon Mobil Corporation,Energy,Oil & Gas Integrated,111.82,491458953216.0,71537999872.0,-0.015,Spring,TX,United States,62000.0,0.0086660153053371
2024-04-18,XOM,115.67561340332033,118.5199966430664,119.72000122070312,117.97000122070312,119.0,13821400.0,NYQ,Exxon Mobil Corporation,Exxon Mobil Corporation,Energy,Oil & Gas Integrated,111.82,491458953216.0,71537999872.0,-0.015,Spring,TX,United States,62000.0,0.0086660153053371
2024-04-19,XOM,117.00298309326172,119.87999725341795,120.93000030517578,118.9499969482422,119.16000366210938,21566500.0,NYQ,Exxon Mobil Corporation,Exxon Mobil Corporation,Energy,Oil & Gas Integrated,111.82,491458953216.0,71537999872.0,-0.015,Spring,TX,United States,62000.0,0.0086660153053371
2024-04-22,XOM,117.66666412353516,120.55999755859376,121.56999969482422,118.43000030517578,119.26000213623048,16340700.0,NYQ,Exxon Mobil Corporation,Exxon Mobil Corporation,Energy,Oil & Gas Integrated,111.82,491458953216.0,71537999872.0,-0.015,Spring,TX,United States,62000.0,0.0086660153053371
2024-04-23,XOM,118.12538146972656,121.02999877929688,121.05999755859376,119.4499969482422,120.0,13929800.0,NYQ,Exxon Mobil Corporation,Exxon Mobil Corporation,Energy,Oil & Gas Integrated,111.82,491458953216.0,71537999872.0,-0.015,Spring,TX,United States,62000.0,0.0086660153053371
2024-04-24,XOM,118.14490509033205,121.0500030517578,121.26000213623048,119.38999938964844,120.3000030517578,12101200.0,NYQ,Exxon Mobil Corporation,Exxon Mobil Corporation,Energy,Oil & Gas Integrated,111.82,491458953216.0,71537999872.0,-0.015,Spring,TX,United States,62000.0,0.0086660153053371
2024-04-25,XOM,118.41818237304688,121.33000183105467,121.76000213623048,119.4000015258789,121.02999877929688,16041000.0,NYQ,Exxon Mobil Corporation,Exxon Mobil Corporation,Energy,Oil & Gas Integrated,111.82,491458953216.0,71537999872.0,-0.015,Spring,TX,United States,62000.0,0.0086660153053371
2024-04-26,XOM,115.12905883789062,117.95999908447266,119.0999984741211,116.22000122070312,119.0,27289500.0,NYQ,Exxon Mobil Corporation,Exxon Mobil Corporation,Energy,Oil & Gas Integrated,111.82,491458953216.0,71537999872.0,-0.015,Spring,TX,United States,62000.0,0.0086660153053371
2024-04-29,XOM,116.76874542236328,119.63999938964844,120.0500030517578,117.76000213623048,117.76000213623048,17309900.0,NYQ,Exxon Mobil Corporation,Exxon Mobil Corporation,Energy,Oil & Gas Integrated,111.82,491458953216.0,71537999872.0,-0.015,Spring,TX,United States,62000.0,0.0086660153053371
2024-04-30,XOM,115.4316177368164,118.2699966430664,120.1999969482422,117.9800033569336,119.11000061035156,21083300.0,NYQ,Exxon Mobil Corporation,Exxon Mobil Corporation,Energy,Oil & Gas Integrated,111.82,491458953216.0,71537999872.0,-0.015,Spring,TX,United States,62000.0,0.0086660153053371
2024-05-01,XOM,113.2453842163086,116.02999877929688,118.47000122070312,115.66000366210938,118.27999877929688,27777700.0,NYQ,Exxon Mobil Corporation,Exxon Mobil Corporation,Energy,Oil & Gas Integrated,111.82,491458953216.0,71537999872.0,-0.015,Spring,TX,United States,62000.0,0.0086660153053371
2024-05-02,XOM,113.45034790039062,116.23999786376952,117.26000213623048,115.9000015258789,116.26000213623048,25513600.0,NYQ,Exxon Mobil Corporation,Exxon Mobil Corporation,Energy,Oil & Gas Integrated,111.82,491458953216.0,71537999872.0,-0.015,Spring,TX,United States,62000.0,0.0086660153053371
2024-05-03,XOM,113.21610260009766,116.0,116.06999969482422,114.12999725341795,116.0,28023300.0,NYQ,Exxon Mobil Corporation,Exxon Mobil Corporation,Energy,Oil & Gas Integrated,111.82,491458953216.0,71537999872.0,-0.015,Spring,TX,United States,62000.0,0.0086660153053371
2024-05-06,XOM,113.9480972290039,116.75,118.33999633789062,116.4000015258789,116.66999816894533,31401300.0,NYQ,Exxon Mobil Corporation,Exxon Mobil Corporation,Energy,Oil & Gas Integrated,111.82,491458953216.0,71537999872.0,-0.015,Spring,TX,United States,62000.0,0.0086660153053371
2024-05-07,XOM,113.38201904296876,116.16999816894533,117.58000183105467,115.93000030517578,117.27999877929688,30122000.0,NYQ,Exxon Mobil Corporation,Exxon Mobil Corporation,Energy,Oil & Gas Integrated,111.82,491458953216.0,71537999872.0,-0.015,Spring,TX,United States,62000.0,0.0086660153053371
2024-05-08,XOM,113.3625030517578,116.1500015258789,116.9499969482422,115.41000366210938,115.70999908447266,18957200.0,NYQ,Exxon Mobil Corporation,Exxon Mobil Corporation,Energy,Oil & Gas Integrated,111.82,491458953216.0,71537999872.0,-0.015,Spring,TX,United States,62000.0,0.0086660153053371
2024-05-09,XOM,115.59754943847656,118.44000244140624,118.52999877929688,116.19000244140624,116.1999969482422,17564000.0,NYQ,Exxon Mobil Corporation,Exxon Mobil Corporation,Energy,Oil & Gas Integrated,111.82,491458953216.0,71537999872.0,-0.015,Spring,TX,United States,62000.0,0.0086660153053371
2024-05-10,XOM,115.12905883789062,117.95999908447266,118.66000366210938,117.58000183105467,118.54000091552734,13648100.0,NYQ,Exxon Mobil Corporation,Exxon Mobil Corporation,Energy,Oil & Gas Integrated,111.82,491458953216.0,71537999872.0,-0.015,Spring,TX,United States,62000.0,0.0086660153053371
2024-05-13,XOM,115.08026885986328,117.91000366210938,119.04000091552734,117.12000274658205,118.41999816894533,15060600.0,NYQ,Exxon Mobil Corporation,Exxon Mobil Corporation,Energy,Oil & Gas Integrated,111.82,491458953216.0,71537999872.0,-0.015,Spring,TX,United States,62000.0,0.0086660153053371
2024-05-14,XOM,115.77884674072266,117.66999816894533,117.73999786376952,116.4800033569336,116.79000091552734,15079100.0,NYQ,Exxon Mobil Corporation,Exxon Mobil Corporation,Energy,Oil & Gas Integrated,111.82,491458953216.0,71537999872.0,-0.015,Spring,TX,United States,62000.0,0.0086660153053371
2024-05-15,XOM,116.67423248291016,118.58000183105467,118.83999633789062,116.08000183105467,117.61000061035156,18244300.0,NYQ,Exxon Mobil Corporation,Exxon Mobil Corporation,Energy,Oil & Gas Integrated,111.82,491458953216.0,71537999872.0,-0.015,Spring,TX,United States,62000.0,0.0086660153053371
2024-05-16,XOM,115.97563934326172,117.87000274658205,119.3000030517578,117.54000091552734,118.54000091552734,15745200.0,NYQ,Exxon Mobil Corporation,Exxon Mobil Corporation,Energy,Oil & Gas Integrated,111.82,491458953216.0,71537999872.0,-0.015,Spring,TX,United States,62000.0,0.0086660153053371
2024-05-17,XOM,117.71719360351562,119.63999938964844,119.83000183105467,117.95999908447266,118.3000030517578,15104500.0,NYQ,Exxon Mobil Corporation,Exxon Mobil Corporation,Energy,Oil & Gas Integrated,111.82,491458953216.0,71537999872.0,-0.015,Spring,TX,United States,62000.0,0.0086660153053371
2024-05-20,XOM,116.76277923583984,118.66999816894533,119.88999938964844,118.5500030517578,119.7300033569336,11551300.0,NYQ,Exxon Mobil Corporation,Exxon Mobil Corporation,Energy,Oil & Gas Integrated,111.82,491458953216.0,71537999872.0,-0.015,Spring,TX,United States,62000.0,0.0086660153053371
2024-05-21,XOM,115.95596313476562,117.8499984741211,119.4499969482422,117.77999877929688,118.4000015258789,14495000.0,NYQ,Exxon Mobil Corporation,Exxon Mobil Corporation,Energy,Oil & Gas Integrated,111.82,491458953216.0,71537999872.0,-0.015,Spring,TX,United States,62000.0,0.0086660153053371
2024-05-22,XOM,113.62405395507812,115.4800033569336,117.45999908447266,114.95999908447266,117.45999908447266,17879300.0,NYQ,Exxon Mobil Corporation,Exxon Mobil Corporation,Energy,Oil & Gas Integrated,111.82,491458953216.0,71537999872.0,-0.015,Spring,TX,United States,62000.0,0.0086660153053371
2024-05-23,XOM,111.68571472167967,113.51000213623048,117.51000213623048,113.36000061035156,115.5999984741211,15979800.0,NYQ,Exxon Mobil Corporation,Exxon Mobil Corporation,Energy,Oil & Gas Integrated,111.82,491458953216.0,71537999872.0,-0.015,Spring,TX,United States,62000.0,0.0086660153053371
2024-05-24,XOM,111.59715270996094,113.41999816894533,115.08000183105467,113.04000091552734,114.83999633789062,12211400.0,NYQ,Exxon Mobil Corporation,Exxon Mobil Corporation,Energy,Oil & Gas Integrated,111.82,491458953216.0,71537999872.0,-0.015,Spring,TX,United States,62000.0,0.0086660153053371
2024-05-28,XOM,113.0140151977539,114.86000061035156,115.11000061035156,113.06999969482422,113.5199966430664,13978300.0,NYQ,Exxon Mobil Corporation,Exxon Mobil Corporation,Energy,Oil & Gas Integrated,111.82,491458953216.0,71537999872.0,-0.015,Spring,TX,United States,62000.0,0.0086660153053371
2024-05-29,XOM,111.80377960205078,113.62999725341795,114.5500030517578,112.80999755859376,114.52999877929688,13902000.0,NYQ,Exxon Mobil Corporation,Exxon Mobil Corporation,Energy,Oil & Gas Integrated,111.82,491458953216.0,71537999872.0,-0.015,Spring,TX,United States,62000.0,0.0086660153053371
2024-05-30,XOM,112.15798950195312,113.98999786376952,114.12999725341795,112.95999908447266,113.2699966430664,14692000.0,NYQ,Exxon Mobil Corporation,Exxon Mobil Corporation,Energy,Oil & Gas Integrated,111.82,491458953216.0,71537999872.0,-0.015,Spring,TX,United States,62000.0,0.0086660153053371
2024-05-31,XOM,115.3754425048828,117.26000213623048,117.48999786376952,113.98999786376952,114.12000274658205,29037400.0,NYQ,Exxon Mobil Corporation,Exxon Mobil Corporation,Energy,Oil & Gas Integrated,111.82,491458953216.0,71537999872.0,-0.015,Spring,TX,United States,62000.0,0.0086660153053371
2024-06-03,XOM,112.61060333251952,114.4499969482422,116.36000061035156,113.76000213623048,116.3000030517578,19589300.0,NYQ,Exxon Mobil Corporation,Exxon Mobil Corporation,Energy,Oil & Gas Integrated,111.82,491458953216.0,71537999872.0,-0.015,Spring,TX,United States,62000.0,0.0086660153053371
2024-06-04,XOM,110.85920715332033,112.66999816894533,113.08999633789062,110.91999816894533,113.0,19412200.0,NYQ,Exxon Mobil Corporation,Exxon Mobil Corporation,Energy,Oil & Gas Integrated,111.82,491458953216.0,71537999872.0,-0.015,Spring,TX,United States,62000.0,0.0086660153053371
2024-06-05,XOM,111.30198669433594,113.12000274658205,113.19000244140624,111.4800033569336,112.88999938964844,14863500.0,NYQ,Exxon Mobil Corporation,Exxon Mobil Corporation,Energy,Oil & Gas Integrated,111.82,491458953216.0,71537999872.0,-0.015,Spring,TX,United States,62000.0,0.0086660153053371
2024-06-06,XOM,112.13832092285156,113.97000122070312,114.04000091552734,112.11000061035156,112.75,13154100.0,NYQ,Exxon Mobil Corporation,Exxon Mobil Corporation,Energy,Oil & Gas Integrated,111.82,491458953216.0,71537999872.0,-0.015,Spring,TX,United States,62000.0,0.0086660153053371
2024-06-07,XOM,110.93792724609376,112.75,114.9000015258789,112.66999816894533,113.79000091552734,13289200.0,NYQ,Exxon Mobil Corporation,Exxon Mobil Corporation,Energy,Oil & Gas Integrated,111.82,491458953216.0,71537999872.0,-0.015,Spring,TX,United States,62000.0,0.0086660153053371
2024-06-10,XOM,111.26261901855467,113.08000183105467,114.22000122070312,112.6999969482422,113.05999755859376,15245200.0,NYQ,Exxon Mobil Corporation,Exxon Mobil Corporation,Energy,Oil & Gas Integrated,111.82,491458953216.0,71537999872.0,-0.015,Spring,TX,United States,62000.0,0.0086660153053371
2024-06-11,XOM,110.36724853515624,112.16999816894533,112.66999816894533,111.30999755859376,112.48999786376952,12462400.0,NYQ,Exxon Mobil Corporation,Exxon Mobil Corporation,Energy,Oil & Gas Integrated,111.82,491458953216.0,71537999872.0,-0.015,Spring,TX,United States,62000.0,0.0086660153053371
2024-06-12,XOM,109.14717864990234,110.93000030517578,113.3000030517578,110.54000091552734,113.3000030517578,13606800.0,NYQ,Exxon Mobil Corporation,Exxon Mobil Corporation,Energy,Oil & Gas Integrated,111.82,491458953216.0,71537999872.0,-0.015,Spring,TX,United States,62000.0,0.0086660153053371
2024-06-13,XOM,108.271484375,110.04000091552734,110.86000061035156,109.72000122070312,110.83999633789062,14466900.0,NYQ,Exxon Mobil Corporation,Exxon Mobil Corporation,Energy,Oil & Gas Integrated,111.82,491458953216.0,71537999872.0,-0.015,Spring,TX,United States,62000.0,0.0086660153053371
2024-06-14,XOM,107.3564224243164,109.11000061035156,110.20999908447266,108.58999633789062,110.0199966430664,13313400.0,NYQ,Exxon Mobil Corporation,Exxon Mobil Corporation,Energy,Oil & Gas Integrated,111.82,491458953216.0,71537999872.0,-0.015,Spring,TX,United States,62000.0,0.0086660153053371
2024-06-17,XOM,106.61848449707033,108.36000061035156,109.45999908447266,108.18000030517578,109.16999816894533,21147900.0,NYQ,Exxon Mobil Corporation,Exxon Mobil Corporation,Energy,Oil & Gas Integrated,111.82,491458953216.0,71537999872.0,-0.015,Spring,TX,United States,62000.0,0.0086660153053371
2024-06-18,XOM,107.62208557128906,109.37999725341795,110.72000122070312,108.8000030517578,109.02999877929688,17762900.0,NYQ,Exxon Mobil Corporation,Exxon Mobil Corporation,Energy,Oil & Gas Integrated,111.82,491458953216.0,71537999872.0,-0.015,Spring,TX,United States,62000.0,0.0086660153053371
2024-06-20,XOM,109.94416046142578,111.73999786376952,112.62000274658205,109.58999633789062,109.91000366210938,17433200.0,NYQ,Exxon Mobil Corporation,Exxon Mobil Corporation,Energy,Oil & Gas Integrated,111.82,491458953216.0,71537999872.0,-0.015,Spring,TX,United States,62000.0,0.0086660153053371
2024-06-21,XOM,108.97991180419922,110.76000213623048,112.6999969482422,110.76000213623048,111.9000015258789,52220600.0,NYQ,Exxon Mobil Corporation,Exxon Mobil Corporation,Energy,Oil & Gas Integrated,111.82,491458953216.0,71537999872.0,-0.015,Spring,TX,United States,62000.0,0.0086660153053371
2024-06-24,XOM,112.21703338623048,114.0500030517578,114.52999877929688,111.63999938964844,111.63999938964844,16266700.0,NYQ,Exxon Mobil Corporation,Exxon Mobil Corporation,Energy,Oil & Gas Integrated,111.82,491458953216.0,71537999872.0,-0.015,Spring,TX,United States,62000.0,0.0086660153053371
2024-06-25,XOM,112.53189086914062,114.37000274658205,114.5500030517578,113.45999908447266,114.11000061035156,16213700.0,NYQ,Exxon Mobil Corporation,Exxon Mobil Corporation,Energy,Oil & Gas Integrated,111.82,491458953216.0,71537999872.0,-0.015,Spring,TX,United States,62000.0,0.0086660153053371
2024-06-26,XOM,112.57125091552734,114.41000366210938,114.81999969482422,113.13999938964844,114.38999938964844,15771800.0,NYQ,Exxon Mobil Corporation,Exxon Mobil Corporation,Energy,Oil & Gas Integrated,111.82,491458953216.0,71537999872.0,-0.015,Spring,TX,United States,62000.0,0.0086660153053371
2024-06-27,XOM,113.05337524414062,114.9000015258789,114.98999786376952,114.11000061035156,114.98999786376952,16812700.0,NYQ,Exxon Mobil Corporation,Exxon Mobil Corporation,Energy,Oil & Gas Integrated,111.82,491458953216.0,71537999872.0,-0.015,Spring,TX,United States,62000.0,0.0086660153053371
2024-06-28,XOM,113.26983642578124,115.12000274658205,116.54000091552734,114.68000030517578,115.86000061035156,24565900.0,NYQ,Exxon Mobil Corporation,Exxon Mobil Corporation,Energy,Oil & Gas Integrated,111.82,491458953216.0,71537999872.0,-0.015,Spring,TX,United States,62000.0,0.0086660153053371
2024-07-01,XOM,113.1124038696289,114.95999908447266,116.73999786376952,114.52999877929688,115.70999908447266,11972900.0,NYQ,Exxon Mobil Corporation,Exxon Mobil Corporation,Energy,Oil & Gas Integrated,111.82,491458953216.0,71537999872.0,-0.015,Spring,TX,United States,62000.0,0.0086660153053371
2024-07-02,XOM,112.34494018554688,114.18000030517578,115.94000244140624,113.48999786376952,115.9000015258789,13326700.0,NYQ,Exxon Mobil Corporation,Exxon Mobil Corporation,Energy,Oil & Gas Integrated,111.82,491458953216.0,71537999872.0,-0.015,Spring,TX,United States,62000.0,0.0086660153053371
2024-07-03,XOM,112.9156265258789,114.76000213623048,115.66000366210938,114.2699966430664,114.2699966430664,7732900.0,NYQ,Exxon Mobil Corporation,Exxon Mobil Corporation,Energy,Oil & Gas Integrated,111.82,491458953216.0,71537999872.0,-0.015,Spring,TX,United States,62000.0,0.0086660153053371
2024-07-05,XOM,111.54796600341795,113.37000274658205,114.62999725341795,112.69000244140624,114.61000061035156,12631000.0,NYQ,Exxon Mobil Corporation,Exxon Mobil Corporation,Energy,Oil & Gas Integrated,111.82,491458953216.0,71537999872.0,-0.015,Spring,TX,United States,62000.0,0.0086660153053371
2024-07-08,XOM,110.37709045410156,112.18000030517578,113.5500030517578,111.41999816894533,112.38999938964844,13350500.0,NYQ,Exxon Mobil Corporation,Exxon Mobil Corporation,Energy,Oil & Gas Integrated,111.82,491458953216.0,71537999872.0,-0.015,Spring,TX,United States,62000.0,0.0086660153053371
2024-07-09,XOM,109.15701293945312,110.94000244140624,112.54000091552734,110.62000274658205,111.11000061035156,11727000.0,NYQ,Exxon Mobil Corporation,Exxon Mobil Corporation,Energy,Oil & Gas Integrated,111.82,491458953216.0,71537999872.0,-0.015,Spring,TX,United States,62000.0,0.0086660153053371
2024-07-10,XOM,110.12126922607422,111.91999816894533,111.95999908447266,110.41999816894533,110.91999816894533,10004100.0,NYQ,Exxon Mobil Corporation,Exxon Mobil Corporation,Energy,Oil & Gas Integrated,111.82,491458953216.0,71537999872.0,-0.015,Spring,TX,United States,62000.0,0.0086660153053371
2024-07-11,XOM,111.42989349365234,113.25,113.31999969482422,110.93000030517578,111.43000030517578,13082700.0,NYQ,Exxon Mobil Corporation,Exxon Mobil Corporation,Energy,Oil & Gas Integrated,111.82,491458953216.0,71537999872.0,-0.015,Spring,TX,United States,62000.0,0.0086660153053371
2024-07-12,XOM,111.4495620727539,113.2699966430664,114.1500015258789,112.62999725341795,113.98999786376952,11684900.0,NYQ,Exxon Mobil Corporation,Exxon Mobil Corporation,Energy,Oil & Gas Integrated,111.82,491458953216.0,71537999872.0,-0.015,Spring,TX,United States,62000.0,0.0086660153053371
2024-07-15,XOM,113.35839080810548,115.20999908447266,116.16000366210938,113.58000183105467,114.2699966430664,13032500.0,NYQ,Exxon Mobil Corporation,Exxon Mobil Corporation,Energy,Oil & Gas Integrated,111.82,491458953216.0,71537999872.0,-0.015,Spring,TX,United States,62000.0,0.0086660153053371
2024-07-16,XOM,114.175048828125,116.04000091552734,116.3499984741211,113.70999908447266,114.3499984741211,13614100.0,NYQ,Exxon Mobil Corporation,Exxon Mobil Corporation,Energy,Oil & Gas Integrated,111.82,491458953216.0,71537999872.0,-0.015,Spring,TX,United States,62000.0,0.0086660153053371
2024-07-17,XOM,115.74933624267578,117.63999938964844,118.18000030517578,116.5500030517578,116.73999786376952,13602800.0,NYQ,Exxon Mobil Corporation,Exxon Mobil Corporation,Energy,Oil & Gas Integrated,111.82,491458953216.0,71537999872.0,-0.015,Spring,TX,United States,62000.0,0.0086660153053371
2024-07-18,XOM,116.89069366455078,118.8000030517578,119.91999816894533,117.44000244140624,117.9499969482422,13033600.0,NYQ,Exxon Mobil Corporation,Exxon Mobil Corporation,Energy,Oil & Gas Integrated,111.82,491458953216.0,71537999872.0,-0.015,Spring,TX,United States,62000.0,0.0086660153053371
2024-07-19,XOM,114.2045669555664,116.06999969482422,118.87999725341795,115.87000274658205,118.58999633789062,16157700.0,NYQ,Exxon Mobil Corporation,Exxon Mobil Corporation,Energy,Oil & Gas Integrated,111.82,491458953216.0,71537999872.0,-0.015,Spring,TX,United States,62000.0,0.0086660153053371
2024-07-22,XOM,113.41741943359376,115.2699966430664,115.94000244140624,114.58000183105467,115.18000030517578,12065900.0,NYQ,Exxon Mobil Corporation,Exxon Mobil Corporation,Energy,Oil & Gas Integrated,111.82,491458953216.0,71537999872.0,-0.015,Spring,TX,United States,62000.0,0.0086660153053371
2024-07-23,XOM,111.58732604980467,113.41000366210938,115.16999816894533,113.16999816894533,114.80999755859376,11251700.0,NYQ,Exxon Mobil Corporation,Exxon Mobil Corporation,Energy,Oil & Gas Integrated,111.82,491458953216.0,71537999872.0,-0.015,Spring,TX,United States,62000.0,0.0086660153053371
2024-07-24,XOM,113.16160583496094,115.01000213623048,115.1999969482422,113.06999969482422,113.7699966430664,14925200.0,NYQ,Exxon Mobil Corporation,Exxon Mobil Corporation,Energy,Oil & Gas Integrated,111.82,491458953216.0,71537999872.0,-0.015,Spring,TX,United States,62000.0,0.0086660153053371
2024-07-25,XOM,115.54270935058594,117.43000030517578,118.02999877929688,114.55999755859376,115.16999816894533,17021700.0,NYQ,Exxon Mobil Corporation,Exxon Mobil Corporation,Energy,Oil & Gas Integrated,111.82,491458953216.0,71537999872.0,-0.015,Spring,TX,United States,62000.0,0.0086660153053371
2024-07-26,XOM,115.44432067871094,117.33000183105467,118.02999877929688,116.47000122070312,116.7699966430664,11252500.0,NYQ,Exxon Mobil Corporation,Exxon Mobil Corporation,Energy,Oil & Gas Integrated,111.82,491458953216.0,71537999872.0,-0.015,Spring,TX,United States,62000.0,0.0086660153053371
2024-07-29,XOM,114.2340850830078,116.0999984741211,117.38999938964844,115.37999725341795,117.31999969482422,8861800.0,NYQ,Exxon Mobil Corporation,Exxon Mobil Corporation,Energy,Oil & Gas Integrated,111.82,491458953216.0,71537999872.0,-0.015,Spring,TX,United States,62000.0,0.0086660153053371
2024-07-30,XOM,116.27081298828124,118.16999816894533,118.5999984741211,116.2300033569336,116.36000061035156,12483900.0,NYQ,Exxon Mobil Corporation,Exxon Mobil Corporation,Energy,Oil & Gas Integrated,111.82,491458953216.0,71537999872.0,-0.015,Spring,TX,United States,62000.0,0.0086660153053371
2024-07-31,XOM,116.6840591430664,118.58999633789062,119.76000213623048,118.55999755859376,119.63999938964844,15137700.0,NYQ,Exxon Mobil Corporation,Exxon Mobil Corporation,Energy,Oil & Gas Integrated,111.82,491458953216.0,71537999872.0,-0.015,Spring,TX,United States,62000.0,0.0086660153053371
2024-08-01,XOM,115.07041931152344,116.9499969482422,119.48999786376952,116.36000061035156,118.3499984741211,15051500.0,NYQ,Exxon Mobil Corporation,Exxon Mobil Corporation,Energy,Oil & Gas Integrated,111.82,491458953216.0,71537999872.0,-0.015,Spring,TX,United States,62000.0,0.0086660153053371
2024-08-02,XOM,115.00154876708984,116.87999725341795,118.87000274658205,115.41999816894533,115.97000122070312,20403800.0,NYQ,Exxon Mobil Corporation,Exxon Mobil Corporation,Energy,Oil & Gas Integrated,111.82,491458953216.0,71537999872.0,-0.015,Spring,TX,United States,62000.0,0.0086660153053371
2024-08-05,XOM,112.92546081542967,114.7699966430664,116.02999877929688,113.25,115.54000091552734,18025900.0,NYQ,Exxon Mobil Corporation,Exxon Mobil Corporation,Energy,Oil & Gas Integrated,111.82,491458953216.0,71537999872.0,-0.015,Spring,TX,United States,62000.0,0.0086660153053371
2024-08-06,XOM,112.32527160644533,114.16000366210938,115.62999725341795,113.62999725341795,114.4499969482422,13647800.0,NYQ,Exxon Mobil Corporation,Exxon Mobil Corporation,Energy,Oil & Gas Integrated,111.82,491458953216.0,71537999872.0,-0.015,Spring,TX,United States,62000.0,0.0086660153053371
2024-08-07,XOM,113.82083892822266,115.68000030517578,117.12000274658205,115.26000213623048,115.4499969482422,13660700.0,NYQ,Exxon Mobil Corporation,Exxon Mobil Corporation,Energy,Oil & Gas Integrated,111.82,491458953216.0,71537999872.0,-0.015,Spring,TX,United States,62000.0,0.0086660153053371
2024-08-08,XOM,115.9953155517578,117.88999938964844,118.11000061035156,115.7300033569336,116.08000183105467,13851000.0,NYQ,Exxon Mobil Corporation,Exxon Mobil Corporation,Energy,Oil & Gas Integrated,111.82,491458953216.0,71537999872.0,-0.015,Spring,TX,United States,62000.0,0.0086660153053371
2024-08-09,XOM,116.93988800048828,118.8499984741211,119.30999755859376,117.36000061035156,117.88999938964844,12151900.0,NYQ,Exxon Mobil Corporation,Exxon Mobil Corporation,Energy,Oil & Gas Integrated,111.82,491458953216.0,71537999872.0,-0.015,Spring,TX,United States,62000.0,0.0086660153053371
2024-08-12,XOM,117.08747863769533,119.0,120.16999816894533,118.0199966430664,119.5500030517578,13228900.0,NYQ,Exxon Mobil Corporation,Exxon Mobil Corporation,Energy,Oil & Gas Integrated,111.82,491458953216.0,71537999872.0,-0.015,Spring,TX,United States,62000.0,0.0086660153053371
2024-08-13,XOM,115.9657974243164,117.86000061035156,118.51000213623048,117.5,118.27999877929688,11585100.0,NYQ,Exxon Mobil Corporation,Exxon Mobil Corporation,Energy,Oil & Gas Integrated,111.82,491458953216.0,71537999872.0,-0.015,Spring,TX,United States,62000.0,0.0086660153053371
2024-08-14,XOM,117.03827667236328,118.9499969482422,119.9000015258789,117.62999725341795,118.0999984741211,12194500.0,NYQ,Exxon Mobil Corporation,Exxon Mobil Corporation,Energy,Oil & Gas Integrated,111.82,491458953216.0,71537999872.0,-0.015,Spring,TX,United States,62000.0,0.0086660153053371
2024-08-15,XOM,117.76233673095705,118.7300033569336,119.62999725341795,118.12000274658205,118.25,11579400.0,NYQ,Exxon Mobil Corporation,Exxon Mobil Corporation,Energy,Oil & Gas Integrated,111.82,491458953216.0,71537999872.0,-0.015,Spring,TX,United States,62000.0,0.0086660153053371
2024-08-16,XOM,117.20689392089844,118.16999816894533,118.4800033569336,117.66000366210938,117.98999786376952,10056000.0,NYQ,Exxon Mobil Corporation,Exxon Mobil Corporation,Energy,Oil & Gas Integrated,111.82,491458953216.0,71537999872.0,-0.015,Spring,TX,United States,62000.0,0.0086660153053371
2024-08-19,XOM,117.56395721435548,118.52999877929688,120.5,118.16999816894533,118.4000015258789,12417500.0,NYQ,Exxon Mobil Corporation,Exxon Mobil Corporation,Energy,Oil & Gas Integrated,111.82,491458953216.0,71537999872.0,-0.015,Spring,TX,United States,62000.0,0.0086660153053371
2024-08-20,XOM,113.64615631103516,114.58000183105467,118.6500015258789,114.51000213623048,118.6500015258789,15632000.0,NYQ,Exxon Mobil Corporation,Exxon Mobil Corporation,Energy,Oil & Gas Integrated,111.82,491458953216.0,71537999872.0,-0.015,Spring,TX,United States,62000.0,0.0086660153053371
2024-08-21,XOM,112.92210388183594,113.8499984741211,115.56999969482422,113.76000213623048,115.01000213623048,11752400.0,NYQ,Exxon Mobil Corporation,Exxon Mobil Corporation,Energy,Oil & Gas Integrated,111.82,491458953216.0,71537999872.0,-0.015,Spring,TX,United States,62000.0,0.0086660153053371
2024-08-22,XOM,113.79493713378906,114.7300033569336,115.01000213623048,113.63999938964844,113.77999877929688,10609500.0,NYQ,Exxon Mobil Corporation,Exxon Mobil Corporation,Energy,Oil & Gas Integrated,111.82,491458953216.0,71537999872.0,-0.015,Spring,TX,United States,62000.0,0.0086660153053371
2024-08-23,XOM,115.3719711303711,116.31999969482422,116.72000122070312,115.02999877929688,115.02999877929688,10381400.0,NYQ,Exxon Mobil Corporation,Exxon Mobil Corporation,Energy,Oil & Gas Integrated,111.82,491458953216.0,71537999872.0,-0.015,Spring,TX,United States,62000.0,0.0086660153053371
2024-08-26,XOM,117.8416748046875,118.80999755859376,118.94000244140624,116.91999816894533,117.76000213623048,13671000.0,NYQ,Exxon Mobil Corporation,Exxon Mobil Corporation,Energy,Oil & Gas Integrated,111.82,491458953216.0,71537999872.0,-0.015,Spring,TX,United States,62000.0,0.0086660153053371
2024-08-27,XOM,116.72088623046876,117.68000030517578,119.41000366210938,117.4000015258789,118.95999908447266,9991600.0,NYQ,Exxon Mobil Corporation,Exxon Mobil Corporation,Energy,Oil & Gas Integrated,111.82,491458953216.0,71537999872.0,-0.015,Spring,TX,United States,62000.0,0.0086660153053371
2024-08-28,XOM,115.57034301757812,116.5199966430664,117.58000183105467,116.26000213623048,117.0,10742900.0,NYQ,Exxon Mobil Corporation,Exxon Mobil Corporation,Energy,Oil & Gas Integrated,111.82,491458953216.0,71537999872.0,-0.015,Spring,TX,United States,62000.0,0.0086660153053371
2024-08-29,XOM,117.16722106933594,118.12999725341795,118.79000091552734,116.3499984741211,117.1999969482422,10753900.0,NYQ,Exxon Mobil Corporation,Exxon Mobil Corporation,Energy,Oil & Gas Integrated,111.82,491458953216.0,71537999872.0,-0.015,Spring,TX,United States,62000.0,0.0086660153053371
2024-08-30,XOM,116.97877502441406,117.94000244140624,118.0199966430664,116.29000091552734,116.79000091552734,13284700.0,NYQ,Exxon Mobil Corporation,Exxon Mobil Corporation,Energy,Oil & Gas Integrated,111.82,491458953216.0,71537999872.0,-0.015,Spring,TX,United States,62000.0,0.0086660153053371
2024-09-03,XOM,114.52890014648438,115.47000122070312,116.08999633789062,114.04000091552734,115.83999633789062,15725100.0,NYQ,Exxon Mobil Corporation,Exxon Mobil Corporation,Energy,Oil & Gas Integrated,111.82,491458953216.0,71537999872.0,-0.015,Spring,TX,United States,62000.0,0.0086660153053371
2024-09-04,XOM,113.1303939819336,114.05999755859376,116.1500015258789,113.9800033569336,115.29000091552734,12620600.0,NYQ,Exxon Mobil Corporation,Exxon Mobil Corporation,Energy,Oil & Gas Integrated,111.82,491458953216.0,71537999872.0,-0.015,Spring,TX,United States,62000.0,0.0086660153053371
2024-09-05,XOM,112.24764251708984,113.16999816894533,115.27999877929688,113.06999969482422,115.06999969482422,17200800.0,NYQ,Exxon Mobil Corporation,Exxon Mobil Corporation,Energy,Oil & Gas Integrated,111.82,491458953216.0,71537999872.0,-0.015,Spring,TX,United States,62000.0,0.0086660153053371
2024-09-06,XOM,111.72196197509766,112.63999938964844,114.18000030517578,111.7300033569336,113.58999633789062,13467700.0,NYQ,Exxon Mobil Corporation,Exxon Mobil Corporation,Energy,Oil & Gas Integrated,111.82,491458953216.0,71537999872.0,-0.015,Spring,TX,United States,62000.0,0.0086660153053371
2024-09-09,XOM,114.0726547241211,115.01000213623048,116.1500015258789,112.66000366210938,112.87000274658205,21645300.0,NYQ,Exxon Mobil Corporation,Exxon Mobil Corporation,Energy,Oil & Gas Integrated,111.82,491458953216.0,71537999872.0,-0.015,Spring,TX,United States,62000.0,0.0086660153053371
2024-09-10,XOM,109.91680145263672,110.81999969482422,115.4000015258789,110.16999816894533,115.0999984741211,20913400.0,NYQ,Exxon Mobil Corporation,Exxon Mobil Corporation,Energy,Oil & Gas Integrated,111.82,491458953216.0,71537999872.0,-0.015,Spring,TX,United States,62000.0,0.0086660153053371
2024-09-11,XOM,108.82576751708984,109.72000122070312,110.9499969482422,107.7699966430664,110.77999877929688,19571900.0,NYQ,Exxon Mobil Corporation,Exxon Mobil Corporation,Energy,Oil & Gas Integrated,111.82,491458953216.0,71537999872.0,-0.015,Spring,TX,United States,62000.0,0.0086660153053371
2024-09-12,XOM,110.3234634399414,111.2300033569336,111.33000183105467,109.76000213623048,109.9000015258789,15923300.0,NYQ,Exxon Mobil Corporation,Exxon Mobil Corporation,Energy,Oil & Gas Integrated,111.82,491458953216.0,71537999872.0,-0.015,Spring,TX,United States,62000.0,0.0086660153053371
2024-09-13,XOM,110.24411010742188,111.1500015258789,112.47000122070312,110.93000030517578,111.47000122070312,10035400.0,NYQ,Exxon Mobil Corporation,Exxon Mobil Corporation,Energy,Oil & Gas Integrated,111.82,491458953216.0,71537999872.0,-0.015,Spring,TX,United States,62000.0,0.0086660153053371
2024-09-16,XOM,111.79139709472656,112.70999908447266,113.08999633789062,111.69000244140624,112.0500030517578,11729000.0,NYQ,Exxon Mobil Corporation,Exxon Mobil Corporation,Energy,Oil & Gas Integrated,111.82,491458953216.0,71537999872.0,-0.015,Spring,TX,United States,62000.0,0.0086660153053371
2024-09-17,XOM,113.2494125366211,114.18000030517578,114.37000274658205,112.12000274658205,112.31999969482422,12202600.0,NYQ,Exxon Mobil Corporation,Exxon Mobil Corporation,Energy,Oil & Gas Integrated,111.82,491458953216.0,71537999872.0,-0.015,Spring,TX,United States,62000.0,0.0086660153053371
2024-09-18,XOM,113.64615631103516,114.58000183105467,115.62999725341795,113.80999755859376,114.11000061035156,12569900.0,NYQ,Exxon Mobil Corporation,Exxon Mobil Corporation,Energy,Oil & Gas Integrated,111.82,491458953216.0,71537999872.0,-0.015,Spring,TX,United States,62000.0,0.0086660153053371
2024-09-19,XOM,115.05458068847656,116.0,117.58000183105467,115.19000244140624,116.16000366210938,12660600.0,NYQ,Exxon Mobil Corporation,Exxon Mobil Corporation,Energy,Oil & Gas Integrated,111.82,491458953216.0,71537999872.0,-0.015,Spring,TX,United States,62000.0,0.0086660153053371
2024-09-20,XOM,114.33052825927734,115.2699966430664,115.51000213623048,114.25,115.45999908447266,36206200.0,NYQ,Exxon Mobil Corporation,Exxon Mobil Corporation,Energy,Oil & Gas Integrated,111.82,491458953216.0,71537999872.0,-0.015,Spring,TX,United States,62000.0,0.0086660153053371
2024-09-23,XOM,116.40349578857422,117.36000061035156,117.79000091552734,115.12000274658205,115.33000183105467,16066300.0,NYQ,Exxon Mobil Corporation,Exxon Mobil Corporation,Energy,Oil & Gas Integrated,111.82,491458953216.0,71537999872.0,-0.015,Spring,TX,United States,62000.0,0.0086660153053371
2024-09-24,XOM,116.09602355957033,117.0500030517578,118.16000366210938,116.83000183105467,117.83999633789062,11984900.0,NYQ,Exxon Mobil Corporation,Exxon Mobil Corporation,Energy,Oil & Gas Integrated,111.82,491458953216.0,71537999872.0,-0.015,Spring,TX,United States,62000.0,0.0086660153053371
2024-09-25,XOM,113.83460235595705,114.7699966430664,117.0500030517578,114.04000091552734,116.48999786376952,13816000.0,NYQ,Exxon Mobil Corporation,Exxon Mobil Corporation,Energy,Oil & Gas Integrated,111.82,491458953216.0,71537999872.0,-0.015,Spring,TX,United States,62000.0,0.0086660153053371
2024-09-26,XOM,111.88066864013672,112.8000030517578,113.4800033569336,111.13999938964844,111.13999938964844,16887900.0,NYQ,Exxon Mobil Corporation,Exxon Mobil Corporation,Energy,Oil & Gas Integrated,111.82,491458953216.0,71537999872.0,-0.015,Spring,TX,United States,62000.0,0.0086660153053371
2024-09-27,XOM,114.87604522705078,115.81999969482422,116.08999633789062,113.25,113.76000213623048,15964000.0,NYQ,Exxon Mobil Corporation,Exxon Mobil Corporation,Energy,Oil & Gas Integrated,111.82,491458953216.0,71537999872.0,-0.015,Spring,TX,United States,62000.0,0.0086660153053371
2024-09-30,XOM,116.26464080810548,117.22000122070312,117.38999938964844,114.95999908447266,115.45999908447266,13247600.0,NYQ,Exxon Mobil Corporation,Exxon Mobil Corporation,Energy,Oil & Gas Integrated,111.82,491458953216.0,71537999872.0,-0.015,Spring,TX,United States,62000.0,0.0086660153053371
2024-10-01,XOM,118.95255279541016,119.93000030517578,120.5999984741211,115.93000030517578,116.04000091552734,23235900.0,NYQ,Exxon Mobil Corporation,Exxon Mobil Corporation,Energy,Oil & Gas Integrated,111.82,491458953216.0,71537999872.0,-0.015,Spring,TX,United States,62000.0,0.0086660153053371
2024-10-02,XOM,120.5295867919922,121.5199966430664,122.81999969482422,120.1999969482422,121.93000030517578,17129700.0,NYQ,Exxon Mobil Corporation,Exxon Mobil Corporation,Energy,Oil & Gas Integrated,111.82,491458953216.0,71537999872.0,-0.015,Spring,TX,United States,62000.0,0.0086660153053371
2024-10-03,XOM,121.5809555053711,122.58000183105467,123.16999816894533,120.93000030517578,121.9000015258789,16524300.0,NYQ,Exxon Mobil Corporation,Exxon Mobil Corporation,Energy,Oil & Gas Integrated,111.82,491458953216.0,71537999872.0,-0.015,Spring,TX,United States,62000.0,0.0086660153053371
2024-10-04,XOM,123.81261444091795,124.83000183105467,125.19000244140624,122.43000030517578,123.1999969482422,19752300.0,NYQ,Exxon Mobil Corporation,Exxon Mobil Corporation,Energy,Oil & Gas Integrated,111.82,491458953216.0,71537999872.0,-0.015,Spring,TX,United States,62000.0,0.0086660153053371
2024-10-07,XOM,124.34822082519533,125.37000274658205,126.33999633789062,124.86000061035156,125.25,15714400.0,NYQ,Exxon Mobil Corporation,Exxon Mobil Corporation,Energy,Oil & Gas Integrated,111.82,491458953216.0,71537999872.0,-0.015,Spring,TX,United States,62000.0,0.0086660153053371
2024-10-08,XOM,121.04535675048828,122.04000091552734,124.0199966430664,121.26000213623048,123.87999725341795,14818500.0,NYQ,Exxon Mobil Corporation,Exxon Mobil Corporation,Energy,Oil & Gas Integrated,111.82,491458953216.0,71537999872.0,-0.015,Spring,TX,United States,62000.0,0.0086660153053371
2024-10-09,XOM,121.09494018554688,122.08999633789062,122.58000183105467,120.8000030517578,120.9000015258789,11144900.0,NYQ,Exxon Mobil Corporation,Exxon Mobil Corporation,Energy,Oil & Gas Integrated,111.82,491458953216.0,71537999872.0,-0.015,Spring,TX,United States,62000.0,0.0086660153053371
2024-10-10,XOM,122.13639068603516,123.13999938964844,123.6999969482422,122.29000091552734,123.16000366210938,10243300.0,NYQ,Exxon Mobil Corporation,Exxon Mobil Corporation,Energy,Oil & Gas Integrated,111.82,491458953216.0,71537999872.0,-0.015,Spring,TX,United States,62000.0,0.0086660153053371
2024-10-11,XOM,122.6025619506836,123.61000061035156,124.02999877929688,122.94000244140624,123.0999984741211,8294800.0,NYQ,Exxon Mobil Corporation,Exxon Mobil Corporation,Energy,Oil & Gas Integrated,111.82,491458953216.0,71537999872.0,-0.015,Spring,TX,United States,62000.0,0.0086660153053371
2024-10-14,XOM,123.06873321533205,124.08000183105467,124.26000213623048,122.62000274658205,123.23999786376952,9808100.0,NYQ,Exxon Mobil Corporation,Exxon Mobil Corporation,Energy,Oil & Gas Integrated,111.82,491458953216.0,71537999872.0,-0.015,Spring,TX,United States,62000.0,0.0086660153053371
2024-10-15,XOM,119.36912536621094,120.3499984741211,121.9499969482422,119.77999877929688,120.81999969482422,15771300.0,NYQ,Exxon Mobil Corporation,Exxon Mobil Corporation,Energy,Oil & Gas Integrated,111.82,491458953216.0,71537999872.0,-0.015,Spring,TX,United States,62000.0,0.0086660153053371
2024-10-16,XOM,119.67660522460938,120.66000366210938,121.44000244140624,120.5999984741211,120.88999938964844,8426800.0,NYQ,Exxon Mobil Corporation,Exxon Mobil Corporation,Energy,Oil & Gas Integrated,111.82,491458953216.0,71537999872.0,-0.015,Spring,TX,United States,62000.0,0.0086660153053371
2024-10-17,XOM,119.36912536621094,120.3499984741211,121.58000183105467,119.70999908447266,120.76000213623048,11204900.0,NYQ,Exxon Mobil Corporation,Exxon Mobil Corporation,Energy,Oil & Gas Integrated,111.82,491458953216.0,71537999872.0,-0.015,Spring,TX,United States,62000.0,0.0086660153053371
2024-10-18,XOM,119.03189849853516,120.01000213623048,120.63999938964844,119.1500015258789,120.44000244140624,12898600.0,NYQ,Exxon Mobil Corporation,Exxon Mobil Corporation,Energy,Oil & Gas Integrated,111.82,491458953216.0,71537999872.0,-0.015,Spring,TX,United States,62000.0,0.0086660153053371
2024-10-21,XOM,119.10133361816406,120.08000183105467,121.4800033569336,119.72000122070312,120.9800033569336,10177800.0,NYQ,Exxon Mobil Corporation,Exxon Mobil Corporation,Energy,Oil & Gas Integrated,111.82,491458953216.0,71537999872.0,-0.015,Spring,TX,United States,62000.0,0.0086660153053371
2024-10-22,XOM,119.71627044677734,120.6999969482422,121.19000244140624,119.94000244140624,120.26000213623048,9201400.0,NYQ,Exxon Mobil Corporation,Exxon Mobil Corporation,Energy,Oil & Gas Integrated,111.82,491458953216.0,71537999872.0,-0.015,Spring,TX,United States,62000.0,0.0086660153053371
2024-10-23,XOM,119.28977966308594,120.2699966430664,120.75,119.4000015258789,119.97000122070312,8320300.0,NYQ,Exxon Mobil Corporation,Exxon Mobil Corporation,Energy,Oil & Gas Integrated,111.82,491458953216.0,71537999872.0,-0.015,Spring,TX,United States,62000.0,0.0086660153053371
2024-10-24,XOM,118.61531829833984,119.58999633789062,120.44000244140624,119.12999725341795,120.0,9905600.0,NYQ,Exxon Mobil Corporation,Exxon Mobil Corporation,Energy,Oil & Gas Integrated,111.82,491458953216.0,71537999872.0,-0.015,Spring,TX,United States,62000.0,0.0086660153053371
2024-10-25,XOM,118.5161361694336,119.48999786376952,120.43000030517578,119.31999969482422,120.1999969482422,10714600.0,NYQ,Exxon Mobil Corporation,Exxon Mobil Corporation,Energy,Oil & Gas Integrated,111.82,491458953216.0,71537999872.0,-0.015,Spring,TX,United States,62000.0,0.0086660153053371
2024-10-28,XOM,117.93094635009766,118.9000015258789,119.01000213623048,116.7699966430664,116.79000091552734,11844500.0,NYQ,Exxon Mobil Corporation,Exxon Mobil Corporation,Energy,Oil & Gas Integrated,111.82,491458953216.0,71537999872.0,-0.015,Spring,TX,United States,62000.0,0.0086660153053371
2024-10-29,XOM,116.32415008544922,117.27999877929688,119.16999816894533,117.06999969482422,118.58000183105467,14731000.0,NYQ,Exxon Mobil Corporation,Exxon Mobil Corporation,Energy,Oil & Gas Integrated,111.82,491458953216.0,71537999872.0,-0.015,Spring,TX,United States,62000.0,0.0086660153053371
2024-10-30,XOM,115.73896026611328,116.69000244140624,118.2699966430664,116.4800033569336,117.66000366210938,12303700.0,NYQ,Exxon Mobil Corporation,Exxon Mobil Corporation,Energy,Oil & Gas Integrated,111.82,491458953216.0,71537999872.0,-0.015,Spring,TX,United States,62000.0,0.0086660153053371
2024-10-31,XOM,115.8282241821289,116.77999877929688,118.66999816894533,116.68000030517578,117.1500015258789,20512000.0,NYQ,Exxon Mobil Corporation,Exxon Mobil Corporation,Energy,Oil & Gas Integrated,111.82,491458953216.0,71537999872.0,-0.015,Spring,TX,United States,62000.0,0.0086660153053371
2024-11-01,XOM,114.0131378173828,114.9499969482422,119.9499969482422,114.83999633789062,119.93000030517578,20939300.0,NYQ,Exxon Mobil Corporation,Exxon Mobil Corporation,Energy,Oil & Gas Integrated,111.82,491458953216.0,71537999872.0,-0.015,Spring,TX,United States,62000.0,0.0086660153053371
2024-11-04,XOM,117.643310546875,118.61000061035156,118.6999969482422,115.93000030517578,116.06999969482422,14965400.0,NYQ,Exxon Mobil Corporation,Exxon Mobil Corporation,Energy,Oil & Gas Integrated,111.82,491458953216.0,71537999872.0,-0.015,Spring,TX,United States,62000.0,0.0086660153053371
2024-11-05,XOM,117.9904556274414,118.95999908447266,119.20999908447266,118.01000213623048,119.08000183105467,10436700.0,NYQ,Exxon Mobil Corporation,Exxon Mobil Corporation,Energy,Oil & Gas Integrated,111.82,491458953216.0,71537999872.0,-0.015,Spring,TX,United States,62000.0,0.0086660153053371
2024-11-06,XOM,120.01383209228516,121.0,121.91000366210938,119.3000030517578,121.1500015258789,20807700.0,NYQ,Exxon Mobil Corporation,Exxon Mobil Corporation,Energy,Oil & Gas Integrated,111.82,491458953216.0,71537999872.0,-0.015,Spring,TX,United States,62000.0,0.0086660153053371
2024-11-07,XOM,120.16261291503906,121.1500015258789,121.5,119.61000061035156,121.3000030517578,12184400.0,NYQ,Exxon Mobil Corporation,Exxon Mobil Corporation,Energy,Oil & Gas Integrated,111.82,491458953216.0,71537999872.0,-0.015,Spring,TX,United States,62000.0,0.0086660153053371
2024-11-08,XOM,120.12293243408205,121.11000061035156,121.41999816894533,119.66000366210938,120.9800033569336,12836000.0,NYQ,Exxon Mobil Corporation,Exxon Mobil Corporation,Energy,Oil & Gas Integrated,111.82,491458953216.0,71537999872.0,-0.015,Spring,TX,United States,62000.0,0.0086660153053371
2024-11-11,XOM,119.48815155029295,120.47000122070312,121.62000274658205,120.06999969482422,121.0,11969700.0,NYQ,Exxon Mobil Corporation,Exxon Mobil Corporation,Energy,Oil & Gas Integrated,111.82,491458953216.0,71537999872.0,-0.015,Spring,TX,United States,62000.0,0.0086660153053371
2024-11-12,XOM,119.36912536621094,120.3499984741211,121.30999755859376,119.83999633789062,121.12999725341795,11972800.0,NYQ,Exxon Mobil Corporation,Exxon Mobil Corporation,Energy,Oil & Gas Integrated,111.82,491458953216.0,71537999872.0,-0.015,Spring,TX,United States,62000.0,0.0086660153053371
2024-11-13,XOM,120.4800033569336,121.47000122070312,122.0500030517578,118.8000030517578,120.56999969482422,15127900.0,NYQ,Exxon Mobil Corporation,Exxon Mobil Corporation,Energy,Oil & Gas Integrated,111.82,491458953216.0,71537999872.0,-0.015,Spring,TX,United States,62000.0,0.0086660153053371
2024-11-14,XOM,120.55999755859376,120.55999755859376,121.87999725341795,120.33000183105467,121.66000366210938,13041800.0,NYQ,Exxon Mobil Corporation,Exxon Mobil Corporation,Energy,Oil & Gas Integrated,111.82,491458953216.0,71537999872.0,-0.015,Spring,TX,United States,62000.0,0.0086660153053371
2024-11-15,XOM,119.30999755859376,119.30999755859376,121.23999786376952,119.12999725341795,120.4000015258789,19051700.0,NYQ,Exxon Mobil Corporation,Exxon Mobil Corporation,Energy,Oil & Gas Integrated,111.82,491458953216.0,71537999872.0,-0.015,Spring,TX,United States,62000.0,0.0086660153053371
2024-11-18,XOM,120.30999755859376,120.30999755859376,120.62000274658205,119.2699966430664,119.79000091552734,14243700.0,NYQ,Exxon Mobil Corporation,Exxon Mobil Corporation,Energy,Oil & Gas Integrated,111.82,491458953216.0,71537999872.0,-0.015,Spring,TX,United States,62000.0,0.0086660153053371
2024-11-19,XOM,118.62999725341795,118.62999725341795,119.75,118.1999969482422,119.75,11584400.0,NYQ,Exxon Mobil Corporation,Exxon Mobil Corporation,Energy,Oil & Gas Integrated,111.82,491458953216.0,71537999872.0,-0.015,Spring,TX,United States,62000.0,0.0086660153053371
2024-11-20,XOM,120.31999969482422,120.31999969482422,120.47000122070312,118.63999938964844,119.16999816894533,11360900.0,NYQ,Exxon Mobil Corporation,Exxon Mobil Corporation,Energy,Oil & Gas Integrated,111.82,491458953216.0,71537999872.0,-0.015,Spring,TX,United States,62000.0,0.0086660153053371
2024-11-21,XOM,121.93000030517578,121.93000030517578,122.5500030517578,120.2699966430664,121.08000183105467,14675400.0,NYQ,Exxon Mobil Corporation,Exxon Mobil Corporation,Energy,Oil & Gas Integrated,111.82,491458953216.0,71537999872.0,-0.015,Spring,TX,United States,62000.0,0.0086660153053371
2024-11-22,XOM,121.79000091552734,121.79000091552734,123.20999908447266,121.63999938964844,121.81999969482422,13323400.0,NYQ,Exxon Mobil Corporation,Exxon Mobil Corporation,Energy,Oil & Gas Integrated,111.82,491458953216.0,71537999872.0,-0.015,Spring,TX,United States,62000.0,0.0086660153053371
2024-11-25,XOM,119.97000122070312,119.97000122070312,121.87999725341795,119.61000061035156,121.43000030517578,26580300.0,NYQ,Exxon Mobil Corporation,Exxon Mobil Corporation,Energy,Oil & Gas Integrated,111.82,491458953216.0,71537999872.0,-0.015,Spring,TX,United States,62000.0,0.0086660153053371
2024-11-26,XOM,117.97000122070312,117.97000122070312,119.68000030517578,117.8499984741211,119.52999877929688,14827300.0,NYQ,Exxon Mobil Corporation,Exxon Mobil Corporation,Energy,Oil & Gas Integrated,111.82,491458953216.0,71537999872.0,-0.015,Spring,TX,United States,62000.0,0.0086660153053371
2024-11-27,XOM,117.66000366210938,117.66000366210938,118.7300033569336,117.43000030517578,118.08999633789062,11079100.0,NYQ,Exxon Mobil Corporation,Exxon Mobil Corporation,Energy,Oil & Gas Integrated,111.82,491458953216.0,71537999872.0,-0.015,Spring,TX,United States,62000.0,0.0086660153053371
2024-11-29,XOM,117.95999908447266,117.95999908447266,118.5,116.9499969482422,117.44000244140624,9426500.0,NYQ,Exxon Mobil Corporation,Exxon Mobil Corporation,Energy,Oil & Gas Integrated,111.82,491458953216.0,71537999872.0,-0.015,Spring,TX,United States,62000.0,0.0086660153053371
2024-12-02,XOM,117.8499984741211,117.8499984741211,118.1999969482422,116.81999969482422,118.0500030517578,12687300.0,NYQ,Exxon Mobil Corporation,Exxon Mobil Corporation,Energy,Oil & Gas Integrated,111.82,491458953216.0,71537999872.0,-0.015,Spring,TX,United States,62000.0,0.0086660153053371
2024-12-03,XOM,117.66999816894533,117.66999816894533,118.72000122070312,117.26000213623048,118.72000122070312,11756600.0,NYQ,Exxon Mobil Corporation,Exxon Mobil Corporation,Energy,Oil & Gas Integrated,111.82,491458953216.0,71537999872.0,-0.015,Spring,TX,United States,62000.0,0.0086660153053371
2024-12-04,XOM,114.27999877929688,114.27999877929688,117.5500030517578,113.86000061035156,117.5,19520600.0,NYQ,Exxon Mobil Corporation,Exxon Mobil Corporation,Energy,Oil & Gas Integrated,111.82,491458953216.0,71537999872.0,-0.015,Spring,TX,United States,62000.0,0.0086660153053371
2024-12-05,XOM,114.77999877929688,114.77999877929688,115.62000274658205,114.05999755859376,114.70999908447266,15751200.0,NYQ,Exxon Mobil Corporation,Exxon Mobil Corporation,Energy,Oil & Gas Integrated,111.82,491458953216.0,71537999872.0,-0.015,Spring,TX,United States,62000.0,0.0086660153053371
2024-12-06,XOM,113.56999969482422,113.56999969482422,114.7699966430664,113.5,114.54000091552734,16171100.0,NYQ,Exxon Mobil Corporation,Exxon Mobil Corporation,Energy,Oil & Gas Integrated,111.82,491458953216.0,71537999872.0,-0.015,Spring,TX,United States,62000.0,0.0086660153053371
2024-12-09,XOM,112.9000015258789,112.9000015258789,114.94000244140624,112.75,114.63999938964844,17412600.0,NYQ,Exxon Mobil Corporation,Exxon Mobil Corporation,Energy,Oil & Gas Integrated,111.82,491458953216.0,71537999872.0,-0.015,Spring,TX,United States,62000.0,0.0086660153053371
2024-12-10,XOM,112.66999816894533,112.66999816894533,113.87999725341795,111.75,113.58999633789062,20990900.0,NYQ,Exxon Mobil Corporation,Exxon Mobil Corporation,Energy,Oil & Gas Integrated,111.82,491458953216.0,71537999872.0,-0.015,Spring,TX,United States,62000.0,0.0086660153053371
2024-12-11,XOM,111.91999816894533,111.91999816894533,112.38999938964844,111.11000061035156,112.0,32392200.0,NYQ,Exxon Mobil Corporation,Exxon Mobil Corporation,Energy,Oil & Gas Integrated,111.82,491458953216.0,71537999872.0,-0.015,Spring,TX,United States,62000.0,0.0086660153053371
2024-12-12,XOM,111.81999969482422,111.81999969482422,112.37999725341795,110.77999877929688,111.58999633789062,12125736.0,NYQ,Exxon Mobil Corporation,Exxon Mobil Corporation,Energy,Oil & Gas Integrated,111.82,491458953216.0,71537999872.0,-0.015,Spring,TX,United States,62000.0,0.0086660153053371
2024-01-02,LLY,588.3600463867188,592.2000122070312,592.719970703125,579.0499877929688,580.4099731445312,3226700.0,NYQ,Eli Lilly and Company,Eli Lilly and Company,Healthcare,Drug Manufacturers - General,782.35,703579815936.0,16566500352.0,0.204,Indianapolis,IN,United States,43000.0,0.012406394091569
2024-01-03,LLY,613.6947021484375,617.7000122070312,619.8400268554688,598.7999877929688,600.0,5130300.0,NYQ,Eli Lilly and Company,Eli Lilly and Company,Healthcare,Drug Manufacturers - General,782.35,703579815936.0,16566500352.0,0.204,Indianapolis,IN,United States,43000.0,0.012406394091569
2024-01-04,LLY,610.515380859375,614.5,636.4099731445312,613.27001953125,625.260009765625,6272500.0,NYQ,Eli Lilly and Company,Eli Lilly and Company,Healthcare,Drug Manufacturers - General,782.35,703579815936.0,16566500352.0,0.204,Indianapolis,IN,United States,43000.0,0.012406394091569
2024-01-05,LLY,614.5390625,618.5499877929688,619.9400024414062,610.1900024414062,614.0,2402500.0,NYQ,Eli Lilly and Company,Eli Lilly and Company,Healthcare,Drug Manufacturers - General,782.35,703579815936.0,16566500352.0,0.204,Indianapolis,IN,United States,43000.0,0.012406394091569
2024-01-08,LLY,621.970703125,626.030029296875,626.0599975585938,609.5900268554688,622.4299926757812,2453900.0,NYQ,Eli Lilly and Company,Eli Lilly and Company,Healthcare,Drug Manufacturers - General,782.35,703579815936.0,16566500352.0,0.204,Indianapolis,IN,United States,43000.0,0.012406394091569
2024-01-09,LLY,621.4241333007812,625.47998046875,634.4199829101562,623.719970703125,630.1099853515625,2918900.0,NYQ,Eli Lilly and Company,Eli Lilly and Company,Healthcare,Drug Manufacturers - General,782.35,703579815936.0,16566500352.0,0.204,Indianapolis,IN,United States,43000.0,0.012406394091569
2024-01-10,LLY,626.1036376953125,630.1900024414062,637.0499877929688,625.760009765625,628.489990234375,2679100.0,NYQ,Eli Lilly and Company,Eli Lilly and Company,Healthcare,Drug Manufacturers - General,782.35,703579815936.0,16566500352.0,0.204,Indianapolis,IN,United States,43000.0,0.012406394091569
2024-01-11,LLY,631.5977783203125,635.719970703125,639.760009765625,628.1400146484375,634.3900146484375,2690300.0,NYQ,Eli Lilly and Company,Eli Lilly and Company,Healthcare,Drug Manufacturers - General,782.35,703579815936.0,16566500352.0,0.204,Indianapolis,IN,United States,43000.0,0.012406394091569
2024-01-12,LLY,638.7510986328125,642.9199829101562,644.0,633.010009765625,638.2000122070312,2066400.0,NYQ,Eli Lilly and Company,Eli Lilly and Company,Healthcare,Drug Manufacturers - General,782.35,703579815936.0,16566500352.0,0.204,Indianapolis,IN,United States,43000.0,0.012406394091569
2024-01-16,LLY,630.455322265625,634.5700073242188,647.72998046875,633.6699829101562,643.9099731445312,2413600.0,NYQ,Eli Lilly and Company,Eli Lilly and Company,Healthcare,Drug Manufacturers - General,782.35,703579815936.0,16566500352.0,0.204,Indianapolis,IN,United States,43000.0,0.012406394091569
2024-01-17,LLY,624.8319091796875,628.9099731445312,640.52001953125,625.1900024414062,639.4500122070312,2124100.0,NYQ,Eli Lilly and Company,Eli Lilly and Company,Healthcare,Drug Manufacturers - General,782.35,703579815936.0,16566500352.0,0.204,Indianapolis,IN,United States,43000.0,0.012406394091569
2024-01-18,LLY,619.3079223632812,623.3499755859375,623.8800048828125,612.7000122070312,621.280029296875,3385000.0,NYQ,Eli Lilly and Company,Eli Lilly and Company,Healthcare,Drug Manufacturers - General,782.35,703579815936.0,16566500352.0,0.204,Indianapolis,IN,United States,43000.0,0.012406394091569
2024-01-19,LLY,624.504150390625,628.5800170898438,629.5900268554688,620.0,622.3900146484375,3120500.0,NYQ,Eli Lilly and Company,Eli Lilly and Company,Healthcare,Drug Manufacturers - General,782.35,703579815936.0,16566500352.0,0.204,Indianapolis,IN,United States,43000.0,0.012406394091569
2024-01-22,LLY,626.7891235351562,630.8800048828125,632.6400146484375,625.0,630.0,2030200.0,NYQ,Eli Lilly and Company,Eli Lilly and Company,Healthcare,Drug Manufacturers - General,782.35,703579815936.0,16566500352.0,0.204,Indianapolis,IN,United States,43000.0,0.012406394091569
2024-01-23,LLY,625.596923828125,629.6799926757812,630.0,614.8200073242188,627.6900024414062,2525000.0,NYQ,Eli Lilly and Company,Eli Lilly and Company,Healthcare,Drug Manufacturers - General,782.35,703579815936.0,16566500352.0,0.204,Indianapolis,IN,United States,43000.0,0.012406394091569
2024-01-24,LLY,629.5908813476562,633.7000122070312,643.1699829101562,632.0,633.52001953125,2276900.0,NYQ,Eli Lilly and Company,Eli Lilly and Company,Healthcare,Drug Manufacturers - General,782.35,703579815936.0,16566500352.0,0.204,Indianapolis,IN,United States,43000.0,0.012406394091569
2024-01-25,LLY,623.55029296875,627.6199951171875,632.6099853515625,624.6799926757812,627.3699951171875,2407900.0,NYQ,Eli Lilly and Company,Eli Lilly and Company,Healthcare,Drug Manufacturers - General,782.35,703579815936.0,16566500352.0,0.204,Indianapolis,IN,United States,43000.0,0.012406394091569
2024-01-26,LLY,635.1049194335938,639.25,639.5999755859375,630.5,637.3499755859375,2410300.0,NYQ,Eli Lilly and Company,Eli Lilly and Company,Healthcare,Drug Manufacturers - General,782.35,703579815936.0,16566500352.0,0.204,Indianapolis,IN,United States,43000.0,0.012406394091569
2024-01-29,LLY,640.8175048828125,645.0,645.6500244140625,639.77001953125,641.5,2718500.0,NYQ,Eli Lilly and Company,Eli Lilly and Company,Healthcare,Drug Manufacturers - General,782.35,703579815936.0,16566500352.0,0.204,Indianapolis,IN,United States,43000.0,0.012406394091569
2024-01-30,LLY,640.7977294921875,644.97998046875,646.7999877929688,641.0,645.7000122070312,2006100.0,NYQ,Eli Lilly and Company,Eli Lilly and Company,Healthcare,Drug Manufacturers - General,782.35,703579815936.0,16566500352.0,0.204,Indianapolis,IN,United States,43000.0,0.012406394091569
2024-01-31,LLY,641.423583984375,645.6099853515625,663.5499877929688,637.0,650.3800048828125,4719000.0,NYQ,Eli Lilly and Company,Eli Lilly and Company,Healthcare,Drug Manufacturers - General,782.35,703579815936.0,16566500352.0,0.204,Indianapolis,IN,United States,43000.0,0.012406394091569
2024-02-01,LLY,656.1475219726562,660.4299926757812,660.52001953125,643.1699829101562,647.3300170898438,2494300.0,NYQ,Eli Lilly and Company,Eli Lilly and Company,Healthcare,Drug Manufacturers - General,782.35,703579815936.0,16566500352.0,0.204,Indianapolis,IN,United States,43000.0,0.012406394091569
2024-02-02,LLY,663.32080078125,667.6500244140625,672.6199951171875,659.739990234375,662.3800048828125,3018000.0,NYQ,Eli Lilly and Company,Eli Lilly and Company,Healthcare,Drug Manufacturers - General,782.35,703579815936.0,16566500352.0,0.204,Indianapolis,IN,United States,43000.0,0.012406394091569
2024-02-05,LLY,701.6207275390625,706.2000122070312,711.8800048828125,682.530029296875,691.02001953125,7602400.0,NYQ,Eli Lilly and Company,Eli Lilly and Company,Healthcare,Drug Manufacturers - General,782.35,703579815936.0,16566500352.0,0.204,Indianapolis,IN,United States,43000.0,0.012406394091569
2024-02-06,LLY,700.4583740234375,705.030029296875,742.0,691.0999755859375,742.0,8187300.0,NYQ,Eli Lilly and Company,Eli Lilly and Company,Healthcare,Drug Manufacturers - General,782.35,703579815936.0,16566500352.0,0.204,Indianapolis,IN,United States,43000.0,0.012406394091569
2024-02-07,LLY,720.6763916015625,725.3800048828125,740.989990234375,707.02001953125,710.3800048828125,5798000.0,NYQ,Eli Lilly and Company,Eli Lilly and Company,Healthcare,Drug Manufacturers - General,782.35,703579815936.0,16566500352.0,0.204,Indianapolis,IN,United States,43000.0,0.012406394091569
2024-02-08,LLY,730.9095458984375,735.6799926757812,741.0,725.75,728.3200073242188,4636900.0,NYQ,Eli Lilly and Company,Eli Lilly and Company,Healthcare,Drug Manufacturers - General,782.35,703579815936.0,16566500352.0,0.204,Indianapolis,IN,United States,43000.0,0.012406394091569
2024-02-09,LLY,735.3605346679688,740.1599731445312,745.7000122070312,733.6099853515625,735.5,2833900.0,NYQ,Eli Lilly and Company,Eli Lilly and Company,Healthcare,Drug Manufacturers - General,782.35,703579815936.0,16566500352.0,0.204,Indianapolis,IN,United States,43000.0,0.012406394091569
2024-02-12,LLY,732.4793701171875,737.260009765625,740.7999877929688,726.4500122070312,740.7999877929688,2932300.0,NYQ,Eli Lilly and Company,Eli Lilly and Company,Healthcare,Drug Manufacturers - General,782.35,703579815936.0,16566500352.0,0.204,Indianapolis,IN,United States,43000.0,0.012406394091569
2024-02-13,LLY,738.1522827148438,742.969970703125,742.97998046875,730.1799926757812,730.1799926757812,2860300.0,NYQ,Eli Lilly and Company,Eli Lilly and Company,Healthcare,Drug Manufacturers - General,782.35,703579815936.0,16566500352.0,0.204,Indianapolis,IN,United States,43000.0,0.012406394091569
2024-02-14,LLY,753.7181396484375,757.3099975585938,764.0499877929688,745.0,745.8200073242188,3394300.0,NYQ,Eli Lilly and Company,Eli Lilly and Company,Healthcare,Drug Manufacturers - General,782.35,703579815936.0,16566500352.0,0.204,Indianapolis,IN,United States,43000.0,0.012406394091569
2024-02-15,LLY,754.1859741210938,757.780029296875,762.989990234375,750.010009765625,755.7999877929688,2507000.0,NYQ,Eli Lilly and Company,Eli Lilly and Company,Healthcare,Drug Manufacturers - General,782.35,703579815936.0,16566500352.0,0.204,Indianapolis,IN,United States,43000.0,0.012406394091569
2024-02-16,LLY,778.3507690429688,782.0599975585938,794.469970703125,763.5,771.030029296875,5000700.0,NYQ,Eli Lilly and Company,Eli Lilly and Company,Healthcare,Drug Manufacturers - General,782.35,703579815936.0,16566500352.0,0.204,Indianapolis,IN,United States,43000.0,0.012406394091569
2024-02-20,LLY,752.0759887695312,755.6599731445312,793.3800048828125,753.2000122070312,790.0,4701100.0,NYQ,Eli Lilly and Company,Eli Lilly and Company,Healthcare,Drug Manufacturers - General,782.35,703579815936.0,16566500352.0,0.204,Indianapolis,IN,United States,43000.0,0.012406394091569
2024-02-21,LLY,742.3722534179688,745.9099731445312,749.5,733.239990234375,738.0800170898438,3548700.0,NYQ,Eli Lilly and Company,Eli Lilly and Company,Healthcare,Drug Manufacturers - General,782.35,703579815936.0,16566500352.0,0.204,Indianapolis,IN,United States,43000.0,0.012406394091569
2024-02-22,LLY,765.98974609375,769.6400146484375,775.1199951171875,756.27001953125,763.5800170898438,3167400.0,NYQ,Eli Lilly and Company,Eli Lilly and Company,Healthcare,Drug Manufacturers - General,782.35,703579815936.0,16566500352.0,0.204,Indianapolis,IN,United States,43000.0,0.012406394091569
2024-02-23,LLY,765.8900756835938,769.5399780273438,777.6500244140625,762.260009765625,774.0,2394800.0,NYQ,Eli Lilly and Company,Eli Lilly and Company,Healthcare,Drug Manufacturers - General,782.35,703579815936.0,16566500352.0,0.204,Indianapolis,IN,United States,43000.0,0.012406394091569
2024-02-26,LLY,768.2588500976562,771.9199829101562,780.219970703125,769.1199951171875,771.2999877929688,2243800.0,NYQ,Eli Lilly and Company,Eli Lilly and Company,Healthcare,Drug Manufacturers - General,782.35,703579815936.0,16566500352.0,0.204,Indianapolis,IN,United States,43000.0,0.012406394091569
2024-02-27,LLY,761.3717041015625,765.0,772.9500122070312,745.4400024414062,754.9000244140625,2716700.0,NYQ,Eli Lilly and Company,Eli Lilly and Company,Healthcare,Drug Manufacturers - General,782.35,703579815936.0,16566500352.0,0.204,Indianapolis,IN,United States,43000.0,0.012406394091569
2024-02-28,LLY,754.0465698242188,757.6400146484375,763.0,751.6599731445312,762.25,2716300.0,NYQ,Eli Lilly and Company,Eli Lilly and Company,Healthcare,Drug Manufacturers - General,782.35,703579815936.0,16566500352.0,0.204,Indianapolis,IN,United States,43000.0,0.012406394091569
2024-02-29,LLY,750.1053466796875,753.6799926757812,756.4600219726562,744.030029296875,753.0800170898438,3905400.0,NYQ,Eli Lilly and Company,Eli Lilly and Company,Healthcare,Drug Manufacturers - General,782.35,703579815936.0,16566500352.0,0.204,Indianapolis,IN,United States,43000.0,0.012406394091569
2024-03-01,LLY,778.4105224609375,782.1199951171875,784.0800170898438,764.1300048828125,769.02001953125,4240500.0,NYQ,Eli Lilly and Company,Eli Lilly and Company,Healthcare,Drug Manufacturers - General,782.35,703579815936.0,16566500352.0,0.204,Indianapolis,IN,United States,43000.0,0.012406394091569
2024-03-04,LLY,788.5222778320312,792.280029296875,800.780029296875,786.1599731445312,796.4400024414062,3855600.0,NYQ,Eli Lilly and Company,Eli Lilly and Company,Healthcare,Drug Manufacturers - General,782.35,703579815936.0,16566500352.0,0.204,Indianapolis,IN,United States,43000.0,0.012406394091569
2024-03-05,LLY,773.9020385742188,777.5900268554688,788.530029296875,769.280029296875,785.3099975585938,3168700.0,NYQ,Eli Lilly and Company,Eli Lilly and Company,Healthcare,Drug Manufacturers - General,782.35,703579815936.0,16566500352.0,0.204,Indianapolis,IN,United States,43000.0,0.012406394091569
2024-03-06,LLY,776.0716552734375,779.77001953125,787.8499755859375,774.0,784.2899780273438,2518600.0,NYQ,Eli Lilly and Company,Eli Lilly and Company,Healthcare,Drug Manufacturers - General,782.35,703579815936.0,16566500352.0,0.204,Indianapolis,IN,United States,43000.0,0.012406394091569
2024-03-07,LLY,776.4597778320312,780.1599731445312,792.989990234375,761.1199951171875,771.8400268554688,3977400.0,NYQ,Eli Lilly and Company,Eli Lilly and Company,Healthcare,Drug Manufacturers - General,782.35,703579815936.0,16566500352.0,0.204,Indianapolis,IN,United States,43000.0,0.012406394091569
2024-03-08,LLY,758.5252685546875,762.1400146484375,780.0,755.0,780.0,4042900.0,NYQ,Eli Lilly and Company,Eli Lilly and Company,Healthcare,Drug Manufacturers - General,782.35,703579815936.0,16566500352.0,0.204,Indianapolis,IN,United States,43000.0,0.012406394091569
2024-03-11,LLY,730.886962890625,734.3699951171875,756.7999877929688,727.6199951171875,752.2100219726562,3968900.0,NYQ,Eli Lilly and Company,Eli Lilly and Company,Healthcare,Drug Manufacturers - General,782.35,703579815936.0,16566500352.0,0.204,Indianapolis,IN,United States,43000.0,0.012406394091569
2024-03-12,LLY,751.369384765625,754.9500122070312,755.969970703125,738.010009765625,740.9600219726562,2701700.0,NYQ,Eli Lilly and Company,Eli Lilly and Company,Healthcare,Drug Manufacturers - General,782.35,703579815936.0,16566500352.0,0.204,Indianapolis,IN,United States,43000.0,0.012406394091569
2024-03-13,LLY,754.2457275390625,757.8400268554688,760.77001953125,745.7100219726562,757.0,2357500.0,NYQ,Eli Lilly and Company,Eli Lilly and Company,Healthcare,Drug Manufacturers - General,782.35,703579815936.0,16566500352.0,0.204,Indianapolis,IN,United States,43000.0,0.012406394091569
2024-03-14,LLY,757.1219482421875,760.72998046875,768.0,749.4000244140625,764.9500122070312,2647500.0,NYQ,Eli Lilly and Company,Eli Lilly and Company,Healthcare,Drug Manufacturers - General,782.35,703579815936.0,16566500352.0,0.204,Indianapolis,IN,United States,43000.0,0.012406394091569
2024-03-15,LLY,750.5930786132812,754.1699829101562,760.8900146484375,747.7100219726562,755.3800048828125,3729300.0,NYQ,Eli Lilly and Company,Eli Lilly and Company,Healthcare,Drug Manufacturers - General,782.35,703579815936.0,16566500352.0,0.204,Indianapolis,IN,United States,43000.0,0.012406394091569
2024-03-18,LLY,759.0427856445312,762.6599731445312,769.6799926757812,758.25,762.280029296875,2521400.0,NYQ,Eli Lilly and Company,Eli Lilly and Company,Healthcare,Drug Manufacturers - General,782.35,703579815936.0,16566500352.0,0.204,Indianapolis,IN,United States,43000.0,0.012406394091569
2024-03-19,LLY,769.1148071289062,772.780029296875,773.8499755859375,755.0,758.4400024414062,2557100.0,NYQ,Eli Lilly and Company,Eli Lilly and Company,Healthcare,Drug Manufacturers - General,782.35,703579815936.0,16566500352.0,0.204,Indianapolis,IN,United States,43000.0,0.012406394091569
2024-03-20,LLY,769.1943969726562,772.8599853515625,773.1599731445312,756.6400146484375,770.1099853515625,2038000.0,NYQ,Eli Lilly and Company,Eli Lilly and Company,Healthcare,Drug Manufacturers - General,782.35,703579815936.0,16566500352.0,0.204,Indianapolis,IN,United States,43000.0,0.012406394091569
2024-03-21,LLY,766.6067504882812,770.260009765625,780.5399780273438,758.8800048828125,774.0,3013200.0,NYQ,Eli Lilly and Company,Eli Lilly and Company,Healthcare,Drug Manufacturers - General,782.35,703579815936.0,16566500352.0,0.204,Indianapolis,IN,United States,43000.0,0.012406394091569
2024-03-22,LLY,766.955078125,770.6099853515625,777.0,767.280029296875,770.0,1979700.0,NYQ,Eli Lilly and Company,Eli Lilly and Company,Healthcare,Drug Manufacturers - General,782.35,703579815936.0,16566500352.0,0.204,Indianapolis,IN,United States,43000.0,0.012406394091569
2024-03-25,LLY,769.4730834960938,773.1400146484375,778.489990234375,768.1500244140625,771.0999755859375,1806600.0,NYQ,Eli Lilly and Company,Eli Lilly and Company,Healthcare,Drug Manufacturers - General,782.35,703579815936.0,16566500352.0,0.204,Indianapolis,IN,United States,43000.0,0.012406394091569
2024-03-26,LLY,771.2247314453125,774.9000244140625,778.3300170898438,769.0,774.2000122070312,2099000.0,NYQ,Eli Lilly and Company,Eli Lilly and Company,Healthcare,Drug Manufacturers - General,782.35,703579815936.0,16566500352.0,0.204,Indianapolis,IN,United States,43000.0,0.012406394091569
2024-03-27,LLY,774.4891967773438,778.1799926757812,785.260009765625,767.3800048828125,778.7100219726562,2297700.0,NYQ,Eli Lilly and Company,Eli Lilly and Company,Healthcare,Drug Manufacturers - General,782.35,703579815936.0,16566500352.0,0.204,Indianapolis,IN,United States,43000.0,0.012406394091569
2024-03-28,LLY,774.270263671875,777.9600219726562,793.6699829101562,776.4400024414062,780.3200073242188,3209400.0,NYQ,Eli Lilly and Company,Eli Lilly and Company,Healthcare,Drug Manufacturers - General,782.35,703579815936.0,16566500352.0,0.204,Indianapolis,IN,United States,43000.0,0.012406394091569
2024-04-01,LLY,756.9428100585938,760.5499877929688,777.5,753.8200073242188,776.0,2921300.0,NYQ,Eli Lilly and Company,Eli Lilly and Company,Healthcare,Drug Manufacturers - General,782.35,703579815936.0,16566500352.0,0.204,Indianapolis,IN,United States,43000.0,0.012406394091569
2024-04-02,LLY,760.336669921875,763.9600219726562,765.0700073242188,753.5,755.0700073242188,2596800.0,NYQ,Eli Lilly and Company,Eli Lilly and Company,Healthcare,Drug Manufacturers - General,782.35,703579815936.0,16566500352.0,0.204,Indianapolis,IN,United States,43000.0,0.012406394091569
2024-04-03,LLY,772.3095703125,775.989990234375,787.25,765.4099731445312,765.6900024414062,3044900.0,NYQ,Eli Lilly and Company,Eli Lilly and Company,Healthcare,Drug Manufacturers - General,782.35,703579815936.0,16566500352.0,0.204,Indianapolis,IN,United States,43000.0,0.012406394091569
2024-04-04,LLY,764.4371337890625,768.0800170898438,787.9000244140625,767.8200073242188,781.5399780273438,2354000.0,NYQ,Eli Lilly and Company,Eli Lilly and Company,Healthcare,Drug Manufacturers - General,782.35,703579815936.0,16566500352.0,0.204,Indianapolis,IN,United States,43000.0,0.012406394091569
2024-04-05,LLY,780.4906616210938,784.2100219726562,786.7100219726562,763.0900268554688,765.469970703125,2111900.0,NYQ,Eli Lilly and Company,Eli Lilly and Company,Healthcare,Drug Manufacturers - General,782.35,703579815936.0,16566500352.0,0.204,Indianapolis,IN,United States,43000.0,0.012406394091569
2024-04-08,LLY,773.6033935546875,777.2899780273438,785.2000122070312,773.3499755859375,785.02001953125,1664200.0,NYQ,Eli Lilly and Company,Eli Lilly and Company,Healthcare,Drug Manufacturers - General,782.35,703579815936.0,16566500352.0,0.204,Indianapolis,IN,United States,43000.0,0.012406394091569
2024-04-09,LLY,753.6484375,757.239990234375,777.8200073242188,750.6500244140625,777.6400146484375,2464800.0,NYQ,Eli Lilly and Company,Eli Lilly and Company,Healthcare,Drug Manufacturers - General,782.35,703579815936.0,16566500352.0,0.204,Indianapolis,IN,United States,43000.0,0.012406394091569
2024-04-10,LLY,758.3660278320312,761.97998046875,765.260009765625,746.8300170898438,751.280029296875,1700300.0,NYQ,Eli Lilly and Company,Eli Lilly and Company,Healthcare,Drug Manufacturers - General,782.35,703579815936.0,16566500352.0,0.204,Indianapolis,IN,United States,43000.0,0.012406394091569
2024-04-11,LLY,755.9874267578125,759.5900268554688,763.3300170898438,750.6699829101562,759.780029296875,1594800.0,NYQ,Eli Lilly and Company,Eli Lilly and Company,Healthcare,Drug Manufacturers - General,782.35,703579815936.0,16566500352.0,0.204,Indianapolis,IN,United States,43000.0,0.012406394091569
2024-04-12,LLY,748.0751342773438,751.6400146484375,763.5,749.7899780273438,759.5700073242188,2490000.0,NYQ,Eli Lilly and Company,Eli Lilly and Company,Healthcare,Drug Manufacturers - General,782.35,703579815936.0,16566500352.0,0.204,Indianapolis,IN,United States,43000.0,0.012406394091569
2024-04-15,LLY,747.2091674804688,750.77001953125,768.0,749.52001953125,760.0700073242188,2358600.0,NYQ,Eli Lilly and Company,Eli Lilly and Company,Healthcare,Drug Manufacturers - General,782.35,703579815936.0,16566500352.0,0.204,Indianapolis,IN,United States,43000.0,0.012406394091569
2024-04-16,LLY,743.1983032226562,746.739990234375,753.1400146484375,743.0,751.6799926757812,2569800.0,NYQ,Eli Lilly and Company,Eli Lilly and Company,Healthcare,Drug Manufacturers - General,782.35,703579815936.0,16566500352.0,0.204,Indianapolis,IN,United States,43000.0,0.012406394091569
2024-04-17,LLY,747.2091674804688,750.77001953125,771.8300170898438,744.8800048828125,759.2000122070312,3069400.0,NYQ,Eli Lilly and Company,Eli Lilly and Company,Healthcare,Drug Manufacturers - General,782.35,703579815936.0,16566500352.0,0.204,Indianapolis,IN,United States,43000.0,0.012406394091569
2024-04-18,LLY,742.412109375,745.9500122070312,752.2000122070312,743.77001953125,749.4199829101562,1717300.0,NYQ,Eli Lilly and Company,Eli Lilly and Company,Healthcare,Drug Manufacturers - General,782.35,703579815936.0,16566500352.0,0.204,Indianapolis,IN,United States,43000.0,0.012406394091569
2024-04-19,LLY,722.865234375,726.3099975585938,750.010009765625,722.0700073242188,749.1599731445312,3503900.0,NYQ,Eli Lilly and Company,Eli Lilly and Company,Healthcare,Drug Manufacturers - General,782.35,703579815936.0,16566500352.0,0.204,Indianapolis,IN,United States,43000.0,0.012406394091569
2024-04-22,LLY,727.8613891601562,731.3300170898438,737.8800048828125,725.4199829101562,729.739990234375,2354100.0,NYQ,Eli Lilly and Company,Eli Lilly and Company,Healthcare,Drug Manufacturers - General,782.35,703579815936.0,16566500352.0,0.204,Indianapolis,IN,United States,43000.0,0.012406394091569
2024-04-23,LLY,742.1533203125,745.6900024414062,746.1599731445312,731.4400024414062,741.2000122070312,2042000.0,NYQ,Eli Lilly and Company,Eli Lilly and Company,Healthcare,Drug Manufacturers - General,782.35,703579815936.0,16566500352.0,0.204,Indianapolis,IN,United States,43000.0,0.012406394091569
2024-04-24,LLY,728.7272338867188,732.2000122070312,752.6400146484375,728.7899780273438,752.6400146484375,2133400.0,NYQ,Eli Lilly and Company,Eli Lilly and Company,Healthcare,Drug Manufacturers - General,782.35,703579815936.0,16566500352.0,0.204,Indianapolis,IN,United States,43000.0,0.012406394091569
2024-04-25,LLY,721.4320678710938,724.8699951171875,727.989990234375,718.2999877929688,725.0,2608800.0,NYQ,Eli Lilly and Company,Eli Lilly and Company,Healthcare,Drug Manufacturers - General,782.35,703579815936.0,16566500352.0,0.204,Indianapolis,IN,United States,43000.0,0.012406394091569
2024-04-26,LLY,730.0310668945312,733.510009765625,737.4500122070312,721.0,723.47998046875,2009200.0,NYQ,Eli Lilly and Company,Eli Lilly and Company,Healthcare,Drug Manufacturers - General,782.35,703579815936.0,16566500352.0,0.204,Indianapolis,IN,United States,43000.0,0.012406394091569
2024-04-29,LLY,733.7035522460938,737.2000122070312,740.5800170898438,729.6099853515625,735.75,2665600.0,NYQ,Eli Lilly and Company,Eli Lilly and Company,Healthcare,Drug Manufacturers - General,782.35,703579815936.0,16566500352.0,0.204,Indianapolis,IN,United States,43000.0,0.012406394091569
2024-04-30,LLY,777.3953247070312,781.0999755859375,795.5,767.6599731445312,775.0,7437100.0,NYQ,Eli Lilly and Company,Eli Lilly and Company,Healthcare,Drug Manufacturers - General,782.35,703579815936.0,16566500352.0,0.204,Indianapolis,IN,United States,43000.0,0.012406394091569
2024-05-01,LLY,773.06591796875,776.75,782.6099853515625,768.25,774.760009765625,2802100.0,NYQ,Eli Lilly and Company,Eli Lilly and Company,Healthcare,Drug Manufacturers - General,782.35,703579815936.0,16566500352.0,0.204,Indianapolis,IN,United States,43000.0,0.012406394091569
2024-05-02,LLY,752.3247680664062,755.9099731445312,777.3400268554688,754.2899780273438,777.3400268554688,3205600.0,NYQ,Eli Lilly and Company,Eli Lilly and Company,Healthcare,Drug Manufacturers - General,782.35,703579815936.0,16566500352.0,0.204,Indianapolis,IN,United States,43000.0,0.012406394091569
2024-05-03,LLY,731.484130859375,734.969970703125,745.0,730.3400268554688,743.0,4595100.0,NYQ,Eli Lilly and Company,Eli Lilly and Company,Healthcare,Drug Manufacturers - General,782.35,703579815936.0,16566500352.0,0.204,Indianapolis,IN,United States,43000.0,0.012406394091569
2024-05-06,LLY,763.0437622070312,766.6799926757812,766.989990234375,736.0,738.0399780273438,3398300.0,NYQ,Eli Lilly and Company,Eli Lilly and Company,Healthcare,Drug Manufacturers - General,782.35,703579815936.0,16566500352.0,0.204,Indianapolis,IN,United States,43000.0,0.012406394091569
2024-05-07,LLY,774.0811767578125,777.77001953125,779.0900268554688,762.1099853515625,768.9000244140625,2879400.0,NYQ,Eli Lilly and Company,Eli Lilly and Company,Healthcare,Drug Manufacturers - General,782.35,703579815936.0,16566500352.0,0.204,Indianapolis,IN,United States,43000.0,0.012406394091569
2024-05-08,LLY,771.3242797851562,775.0,781.3499755859375,772.2000122070312,779.0999755859375,2089800.0,NYQ,Eli Lilly and Company,Eli Lilly and Company,Healthcare,Drug Manufacturers - General,782.35,703579815936.0,16566500352.0,0.204,Indianapolis,IN,United States,43000.0,0.012406394091569
2024-05-09,LLY,767.890625,771.5499877929688,784.0,769.2000122070312,777.0,2522100.0,NYQ,Eli Lilly and Company,Eli Lilly and Company,Healthcare,Drug Manufacturers - General,782.35,703579815936.0,16566500352.0,0.204,Indianapolis,IN,United States,43000.0,0.012406394091569
2024-05-10,LLY,756.3953857421875,760.0,777.4199829101562,760.0,774.02001953125,2082300.0,NYQ,Eli Lilly and Company,Eli Lilly and Company,Healthcare,Drug Manufacturers - General,782.35,703579815936.0,16566500352.0,0.204,Indianapolis,IN,United States,43000.0,0.012406394091569
2024-05-13,LLY,754.1063842773438,757.7000122070312,763.5499877929688,750.530029296875,763.5,1848900.0,NYQ,Eli Lilly and Company,Eli Lilly and Company,Healthcare,Drug Manufacturers - General,782.35,703579815936.0,16566500352.0,0.204,Indianapolis,IN,United States,43000.0,0.012406394091569
2024-05-14,LLY,760.3565063476562,763.97998046875,764.5,751.52001953125,751.52001953125,1956200.0,NYQ,Eli Lilly and Company,Eli Lilly and Company,Healthcare,Drug Manufacturers - General,782.35,703579815936.0,16566500352.0,0.204,Indianapolis,IN,United States,43000.0,0.012406394091569
2024-05-15,LLY,784.6223754882812,787.02001953125,787.6599731445312,763.0999755859375,764.1500244140625,3038300.0,NYQ,Eli Lilly and Company,Eli Lilly and Company,Healthcare,Drug Manufacturers - General,782.35,703579815936.0,16566500352.0,0.204,Indianapolis,IN,United States,43000.0,0.012406394091569
2024-05-16,LLY,768.7708129882812,771.1199951171875,786.47998046875,770.1400146484375,784.7100219726562,2299700.0,NYQ,Eli Lilly and Company,Eli Lilly and Company,Healthcare,Drug Manufacturers - General,782.35,703579815936.0,16566500352.0,0.204,Indianapolis,IN,United States,43000.0,0.012406394091569
2024-05-17,LLY,767.6542358398438,770.0,774.8699951171875,767.0999755859375,772.8900146484375,1670300.0,NYQ,Eli Lilly and Company,Eli Lilly and Company,Healthcare,Drug Manufacturers - General,782.35,703579815936.0,16566500352.0,0.204,Indianapolis,IN,United States,43000.0,0.012406394091569
2024-05-20,LLY,780.7940063476562,783.1799926757812,784.3300170898438,766.1199951171875,766.9000244140625,2188800.0,NYQ,Eli Lilly and Company,Eli Lilly and Company,Healthcare,Drug Manufacturers - General,782.35,703579815936.0,16566500352.0,0.204,Indianapolis,IN,United States,43000.0,0.012406394091569
2024-05-21,LLY,800.72314453125,803.1699829101562,816.6099853515625,791.3900146484375,792.4600219726562,4334500.0,NYQ,Eli Lilly and Company,Eli Lilly and Company,Healthcare,Drug Manufacturers - General,782.35,703579815936.0,16566500352.0,0.204,Indianapolis,IN,United States,43000.0,0.012406394091569
2024-05-22,LLY,800.4639282226562,802.9099731445312,804.8800048828125,795.25,801.0,1767500.0,NYQ,Eli Lilly and Company,Eli Lilly and Company,Healthcare,Drug Manufacturers - General,782.35,703579815936.0,16566500352.0,0.204,Indianapolis,IN,United States,43000.0,0.012406394091569
2024-05-23,LLY,805.9871215820312,808.4500122070312,820.6099853515625,802.1599731445312,810.0,3025800.0,NYQ,Eli Lilly and Company,Eli Lilly and Company,Healthcare,Drug Manufacturers - General,782.35,703579815936.0,16566500352.0,0.204,Indianapolis,IN,United States,43000.0,0.012406394091569
2024-05-24,LLY,804.9701538085938,807.4299926757812,810.1199951171875,804.1500244140625,808.0,1774600.0,NYQ,Eli Lilly and Company,Eli Lilly and Company,Healthcare,Drug Manufacturers - General,782.35,703579815936.0,16566500352.0,0.204,Indianapolis,IN,United States,43000.0,0.012406394091569
2024-05-28,LLY,805.3988647460938,807.8599853515625,809.0,788.25,809.0,2483500.0,NYQ,Eli Lilly and Company,Eli Lilly and Company,Healthcare,Drug Manufacturers - General,782.35,703579815936.0,16566500352.0,0.204,Indianapolis,IN,United States,43000.0,0.012406394091569
2024-05-29,LLY,809.0576782226562,811.530029296875,815.6099853515625,802.0900268554688,803.0,2380000.0,NYQ,Eli Lilly and Company,Eli Lilly and Company,Healthcare,Drug Manufacturers - General,782.35,703579815936.0,16566500352.0,0.204,Indianapolis,IN,United States,43000.0,0.012406394091569
2024-05-30,LLY,812.5769653320312,815.0599975585938,819.989990234375,806.1099853515625,812.7899780273438,1986300.0,NYQ,Eli Lilly and Company,Eli Lilly and Company,Healthcare,Drug Manufacturers - General,782.35,703579815936.0,16566500352.0,0.204,Indianapolis,IN,United States,43000.0,0.012406394091569
2024-05-31,LLY,817.8408813476562,820.3400268554688,826.2100219726562,811.0999755859375,818.7999877929688,4472100.0,NYQ,Eli Lilly and Company,Eli Lilly and Company,Healthcare,Drug Manufacturers - General,782.35,703579815936.0,16566500352.0,0.204,Indianapolis,IN,United States,43000.0,0.012406394091569
2024-06-03,LLY,828.7276000976562,831.260009765625,838.280029296875,818.5,823.8300170898438,2537200.0,NYQ,Eli Lilly and Company,Eli Lilly and Company,Healthcare,Drug Manufacturers - General,782.35,703579815936.0,16566500352.0,0.204,Indianapolis,IN,United States,43000.0,0.012406394091569
2024-06-04,LLY,830.0535888671875,832.5900268554688,835.469970703125,825.3099975585938,834.0,1748300.0,NYQ,Eli Lilly and Company,Eli Lilly and Company,Healthcare,Drug Manufacturers - General,782.35,703579815936.0,16566500352.0,0.204,Indianapolis,IN,United States,43000.0,0.012406394091569
2024-06-05,LLY,829.22607421875,831.760009765625,838.4500122070312,817.6199951171875,830.489990234375,2169000.0,NYQ,Eli Lilly and Company,Eli Lilly and Company,Healthcare,Drug Manufacturers - General,782.35,703579815936.0,16566500352.0,0.204,Indianapolis,IN,United States,43000.0,0.012406394091569
2024-06-06,LLY,834.7391967773438,837.2899780273438,846.969970703125,831.8800048828125,834.8800048828125,2109000.0,NYQ,Eli Lilly and Company,Eli Lilly and Company,Healthcare,Drug Manufacturers - General,782.35,703579815936.0,16566500352.0,0.204,Indianapolis,IN,United States,43000.0,0.012406394091569
2024-06-07,LLY,847.4005126953125,849.989990234375,856.8099975585938,837.010009765625,837.760009765625,2468800.0,NYQ,Eli Lilly and Company,Eli Lilly and Company,Healthcare,Drug Manufacturers - General,782.35,703579815936.0,16566500352.0,0.204,Indianapolis,IN,United States,43000.0,0.012406394091569
2024-06-10,LLY,862.3648071289062,865.0,871.6300048828125,849.3900146484375,853.97998046875,3444500.0,NYQ,Eli Lilly and Company,Eli Lilly and Company,Healthcare,Drug Manufacturers - General,782.35,703579815936.0,16566500352.0,0.204,Indianapolis,IN,United States,43000.0,0.012406394091569
2024-06-11,LLY,863.1823120117188,865.8200073242188,882.1400146484375,852.22998046875,882.1400146484375,4109100.0,NYQ,Eli Lilly and Company,Eli Lilly and Company,Healthcare,Drug Manufacturers - General,782.35,703579815936.0,16566500352.0,0.204,Indianapolis,IN,United States,43000.0,0.012406394091569
2024-06-12,LLY,864.6577758789062,867.2999877929688,872.0,853.8499755859375,872.0,2594600.0,NYQ,Eli Lilly and Company,Eli Lilly and Company,Healthcare,Drug Manufacturers - General,782.35,703579815936.0,16566500352.0,0.204,Indianapolis,IN,United States,43000.0,0.012406394091569
2024-06-13,LLY,880.6389770507812,883.3300170898438,885.0599975585938,861.5,869.030029296875,2243400.0,NYQ,Eli Lilly and Company,Eli Lilly and Company,Healthcare,Drug Manufacturers - General,782.35,703579815936.0,16566500352.0,0.204,Indianapolis,IN,United States,43000.0,0.012406394091569
2024-06-14,LLY,875.7738037109375,878.4500122070312,884.6099853515625,876.0,882.3300170898438,2023300.0,NYQ,Eli Lilly and Company,Eli Lilly and Company,Healthcare,Drug Manufacturers - General,782.35,703579815936.0,16566500352.0,0.204,Indianapolis,IN,United States,43000.0,0.012406394091569
2024-06-17,LLY,882.3138427734375,885.010009765625,892.2000122070312,876.8599853515625,878.0,2532200.0,NYQ,Eli Lilly and Company,Eli Lilly and Company,Healthcare,Drug Manufacturers - General,782.35,703579815936.0,16566500352.0,0.204,Indianapolis,IN,United States,43000.0,0.012406394091569
2024-06-18,LLY,888.7442016601562,891.4600219726562,894.8699951171875,884.0,887.0,2437000.0,NYQ,Eli Lilly and Company,Eli Lilly and Company,Healthcare,Drug Manufacturers - General,782.35,703579815936.0,16566500352.0,0.204,Indianapolis,IN,United States,43000.0,0.012406394091569
2024-06-20,LLY,883.2908325195312,885.989990234375,905.4500122070312,870.1300048828125,893.0,3360000.0,NYQ,Eli Lilly and Company,Eli Lilly and Company,Healthcare,Drug Manufacturers - General,782.35,703579815936.0,16566500352.0,0.204,Indianapolis,IN,United States,43000.0,0.012406394091569
2024-06-21,LLY,881.187255859375,883.8800048828125,891.969970703125,879.7999877929688,885.6599731445312,3448700.0,NYQ,Eli Lilly and Company,Eli Lilly and Company,Healthcare,Drug Manufacturers - General,782.35,703579815936.0,16566500352.0,0.204,Indianapolis,IN,United States,43000.0,0.012406394091569
2024-06-24,LLY,887.3983154296875,890.1099853515625,903.5800170898438,882.9400024414062,889.97998046875,2878200.0,NYQ,Eli Lilly and Company,Eli Lilly and Company,Healthcare,Drug Manufacturers - General,782.35,703579815936.0,16566500352.0,0.204,Indianapolis,IN,United States,43000.0,0.012406394091569
2024-06-25,LLY,901.8540649414062,904.6099853515624,909.4199829101562,891.5,891.77001953125,2839800.0,NYQ,Eli Lilly and Company,Eli Lilly and Company,Healthcare,Drug Manufacturers - General,782.35,703579815936.0,16566500352.0,0.204,Indianapolis,IN,United States,43000.0,0.012406394091569
2024-06-26,LLY,898.5143432617188,901.260009765625,906.3499755859376,897.8400268554688,904.0,2232100.0,NYQ,Eli Lilly and Company,Eli Lilly and Company,Healthcare,Drug Manufacturers - General,782.35,703579815936.0,16566500352.0,0.204,Indianapolis,IN,United States,43000.0,0.012406394091569
2024-06-27,LLY,906.2706298828124,909.0399780273438,909.5700073242188,899.719970703125,903.530029296875,1948100.0,NYQ,Eli Lilly and Company,Eli Lilly and Company,Healthcare,Drug Manufacturers - General,782.35,703579815936.0,16566500352.0,0.204,Indianapolis,IN,United States,43000.0,0.012406394091569
2024-06-28,LLY,902.621826171875,905.3800048828124,915.5399780273438,905.3800048828124,911.3099975585938,3375400.0,NYQ,Eli Lilly and Company,Eli Lilly and Company,Healthcare,Drug Manufacturers - General,782.35,703579815936.0,16566500352.0,0.204,Indianapolis,IN,United States,43000.0,0.012406394091569
2024-07-01,LLY,911.5843505859376,914.3699951171876,916.8300170898438,904.3099975585938,911.77001953125,2546100.0,NYQ,Eli Lilly and Company,Eli Lilly and Company,Healthcare,Drug Manufacturers - General,782.35,703579815936.0,16566500352.0,0.204,Indianapolis,IN,United States,43000.0,0.012406394091569
2024-07-02,LLY,903.94775390625,906.7100219726562,912.0,878.5,902.7100219726562,4584600.0,NYQ,Eli Lilly and Company,Eli Lilly and Company,Healthcare,Drug Manufacturers - General,782.35,703579815936.0,16566500352.0,0.204,Indianapolis,IN,United States,43000.0,0.012406394091569
2024-07-03,LLY,895.3639526367188,898.0999755859375,918.5,884.0,911.0,3078400.0,NYQ,Eli Lilly and Company,Eli Lilly and Company,Healthcare,Drug Manufacturers - General,782.35,703579815936.0,16566500352.0,0.204,Indianapolis,IN,United States,43000.0,0.012406394091569
2024-07-05,LLY,911.7838134765624,914.5700073242188,916.4600219726562,896.9000244140625,898.4299926757812,2880900.0,NYQ,Eli Lilly and Company,Eli Lilly and Company,Healthcare,Drug Manufacturers - General,782.35,703579815936.0,16566500352.0,0.204,Indianapolis,IN,United States,43000.0,0.012406394091569
2024-07-08,LLY,915.2033081054688,918.0,928.6099853515624,912.0,917.8900146484376,2364600.0,NYQ,Eli Lilly and Company,Eli Lilly and Company,Healthcare,Drug Manufacturers - General,782.35,703579815936.0,16566500352.0,0.204,Indianapolis,IN,United States,43000.0,0.012406394091569
2024-07-09,LLY,929.6591796875,932.5,935.0,920.780029296875,929.0499877929688,2416000.0,NYQ,Eli Lilly and Company,Eli Lilly and Company,Healthcare,Drug Manufacturers - General,782.35,703579815936.0,16566500352.0,0.204,Indianapolis,IN,United States,43000.0,0.012406394091569
2024-07-10,LLY,936.9169921875,939.780029296875,945.6900024414062,933.0,936.5700073242188,2683300.0,NYQ,Eli Lilly and Company,Eli Lilly and Company,Healthcare,Drug Manufacturers - General,782.35,703579815936.0,16566500352.0,0.204,Indianapolis,IN,United States,43000.0,0.012406394091569
2024-07-11,LLY,931.294189453125,934.1400146484376,942.8800048828124,918.6199951171876,934.0900268554688,2855100.0,NYQ,Eli Lilly and Company,Eli Lilly and Company,Healthcare,Drug Manufacturers - General,782.35,703579815936.0,16566500352.0,0.204,Indianapolis,IN,United States,43000.0,0.012406394091569
2024-07-12,LLY,945.5107421875,948.4000244140624,950.7899780273438,936.030029296875,937.0,2315100.0,NYQ,Eli Lilly and Company,Eli Lilly and Company,Healthcare,Drug Manufacturers - General,782.35,703579815936.0,16566500352.0,0.204,Indianapolis,IN,United States,43000.0,0.012406394091569
2024-07-15,LLY,947.564453125,950.4600219726562,966.0999755859376,948.0900268554688,956.2000122070312,2358700.0,NYQ,Eli Lilly and Company,Eli Lilly and Company,Healthcare,Drug Manufacturers - General,782.35,703579815936.0,16566500352.0,0.204,Indianapolis,IN,United States,43000.0,0.012406394091569
2024-07-16,LLY,938.7314453125,941.5999755859376,956.3900146484376,938.3800048828124,955.75,2111800.0,NYQ,Eli Lilly and Company,Eli Lilly and Company,Healthcare,Drug Manufacturers - General,782.35,703579815936.0,16566500352.0,0.204,Indianapolis,IN,United States,43000.0,0.012406394091569
2024-07-17,LLY,902.8311767578124,905.5900268554688,925.0,902.6400146484376,910.010009765625,4200600.0,NYQ,Eli Lilly and Company,Eli Lilly and Company,Healthcare,Drug Manufacturers - General,782.35,703579815936.0,16566500352.0,0.204,Indianapolis,IN,United States,43000.0,0.012406394091569
2024-07-18,LLY,846.3139038085938,848.9000244140625,909.8699951171876,836.6599731445312,907.030029296875,7649600.0,NYQ,Eli Lilly and Company,Eli Lilly and Company,Healthcare,Drug Manufacturers - General,782.35,703579815936.0,16566500352.0,0.204,Indianapolis,IN,United States,43000.0,0.012406394091569
2024-07-19,LLY,854.8577270507812,857.469970703125,880.2100219726562,853.0,867.6599731445312,3782200.0,NYQ,Eli Lilly and Company,Eli Lilly and Company,Healthcare,Drug Manufacturers - General,782.35,703579815936.0,16566500352.0,0.204,Indianapolis,IN,United States,43000.0,0.012406394091569
2024-07-22,LLY,863.3318481445312,865.969970703125,874.4199829101562,856.8200073242188,864.7999877929688,2904500.0,NYQ,Eli Lilly and Company,Eli Lilly and Company,Healthcare,Drug Manufacturers - General,782.35,703579815936.0,16566500352.0,0.204,Indianapolis,IN,United States,43000.0,0.012406394091569
2024-07-23,LLY,875.6142578125,878.2899780273438,887.719970703125,864.0800170898438,870.0,2087700.0,NYQ,Eli Lilly and Company,Eli Lilly and Company,Healthcare,Drug Manufacturers - General,782.35,703579815936.0,16566500352.0,0.204,Indianapolis,IN,United States,43000.0,0.012406394091569
2024-07-24,LLY,857.2603759765625,859.8800048828125,878.3400268554688,854.27001953125,872.5,2726100.0,NYQ,Eli Lilly and Company,Eli Lilly and Company,Healthcare,Drug Manufacturers - General,782.35,703579815936.0,16566500352.0,0.204,Indianapolis,IN,United States,43000.0,0.012406394091569
2024-07-25,LLY,818.6882934570312,821.1900024414062,851.6199951171875,806.3800048828125,847.0,5468000.0,NYQ,Eli Lilly and Company,Eli Lilly and Company,Healthcare,Drug Manufacturers - General,782.35,703579815936.0,16566500352.0,0.204,Indianapolis,IN,United States,43000.0,0.012406394091569
2024-07-26,LLY,802.168701171875,804.6199951171875,822.010009765625,801.2999877929688,811.8699951171875,4173900.0,NYQ,Eli Lilly and Company,Eli Lilly and Company,Healthcare,Drug Manufacturers - General,782.35,703579815936.0,16566500352.0,0.204,Indianapolis,IN,United States,43000.0,0.012406394091569
2024-07-29,LLY,805.3291015625,807.7899780273438,824.77001953125,804.0,814.010009765625,2473700.0,NYQ,Eli Lilly and Company,Eli Lilly and Company,Healthcare,Drug Manufacturers - General,782.35,703579815936.0,16566500352.0,0.204,Indianapolis,IN,United States,43000.0,0.012406394091569
2024-07-30,LLY,787.8026733398438,790.2100219726562,821.9000244140625,775.8099975585938,815.1799926757812,3848600.0,NYQ,Eli Lilly and Company,Eli Lilly and Company,Healthcare,Drug Manufacturers - General,782.35,703579815936.0,16566500352.0,0.204,Indianapolis,IN,United States,43000.0,0.012406394091569
2024-07-31,LLY,801.81982421875,804.27001953125,811.1400146484375,792.0900268554688,800.1699829101562,2961700.0,NYQ,Eli Lilly and Company,Eli Lilly and Company,Healthcare,Drug Manufacturers - General,782.35,703579815936.0,16566500352.0,0.204,Indianapolis,IN,United States,43000.0,0.012406394091569
2024-08-01,LLY,829.9039916992188,832.4400024414062,840.8900146484375,820.1799926757812,833.6199951171875,4060700.0,NYQ,Eli Lilly and Company,Eli Lilly and Company,Healthcare,Drug Manufacturers - General,782.35,703579815936.0,16566500352.0,0.204,Indianapolis,IN,United States,43000.0,0.012406394091569
2024-08-02,LLY,802.00927734375,804.4600219726562,820.1900024414062,787.02001953125,816.6699829101562,3515900.0,NYQ,Eli Lilly and Company,Eli Lilly and Company,Healthcare,Drug Manufacturers - General,782.35,703579815936.0,16566500352.0,0.204,Indianapolis,IN,United States,43000.0,0.012406394091569
2024-08-05,LLY,772.8982543945312,775.260009765625,792.9400024414062,747.5499877929688,758.0,4661800.0,NYQ,Eli Lilly and Company,Eli Lilly and Company,Healthcare,Drug Manufacturers - General,782.35,703579815936.0,16566500352.0,0.204,Indianapolis,IN,United States,43000.0,0.012406394091569
2024-08-06,LLY,790.7636108398438,793.1799926757812,806.27001953125,785.0,789.1400146484375,3437600.0,NYQ,Eli Lilly and Company,Eli Lilly and Company,Healthcare,Drug Manufacturers - General,782.35,703579815936.0,16566500352.0,0.204,Indianapolis,IN,United States,43000.0,0.012406394091569
2024-08-07,LLY,769.7877197265625,772.1400146484375,786.5800170898438,763.02001953125,778.2999877929688,4407700.0,NYQ,Eli Lilly and Company,Eli Lilly and Company,Healthcare,Drug Manufacturers - General,782.35,703579815936.0,16566500352.0,0.204,Indianapolis,IN,United States,43000.0,0.012406394091569
2024-08-08,LLY,842.7348022460938,845.3099975585938,877.780029296875,825.239990234375,875.0,9434900.0,NYQ,Eli Lilly and Company,Eli Lilly and Company,Healthcare,Drug Manufacturers - General,782.35,703579815936.0,16566500352.0,0.204,Indianapolis,IN,United States,43000.0,0.012406394091569
2024-08-09,LLY,888.9635009765625,891.6799926757812,908.489990234375,860.0,860.0,6587600.0,NYQ,Eli Lilly and Company,Eli Lilly and Company,Healthcare,Drug Manufacturers - General,782.35,703579815936.0,16566500352.0,0.204,Indianapolis,IN,United States,43000.0,0.012406394091569
2024-08-12,LLY,881.685791015625,884.3800048828125,904.719970703125,883.0,904.2100219726562,4206100.0,NYQ,Eli Lilly and Company,Eli Lilly and Company,Healthcare,Drug Manufacturers - General,782.35,703579815936.0,16566500352.0,0.204,Indianapolis,IN,United States,43000.0,0.012406394091569
2024-08-13,LLY,905.2836303710938,908.0499877929688,914.6900024414062,890.3300170898438,894.0800170898438,3506800.0,NYQ,Eli Lilly and Company,Eli Lilly and Company,Healthcare,Drug Manufacturers - General,782.35,703579815936.0,16566500352.0,0.204,Indianapolis,IN,United States,43000.0,0.012406394091569
2024-08-14,LLY,928.8416748046876,931.6799926757812,934.3800048828124,903.7899780273438,910.0,3562900.0,NYQ,Eli Lilly and Company,Eli Lilly and Company,Healthcare,Drug Manufacturers - General,782.35,703579815936.0,16566500352.0,0.204,Indianapolis,IN,United States,43000.0,0.012406394091569
2024-08-15,LLY,930.0397338867188,931.5800170898438,937.9600219726562,920.0,936.0,3080000.0,NYQ,Eli Lilly and Company,Eli Lilly and Company,Healthcare,Drug Manufacturers - General,782.35,703579815936.0,16566500352.0,0.204,Indianapolis,IN,United States,43000.0,0.012406394091569
2024-08-16,LLY,920.5953369140624,922.1199951171876,936.2999877929688,919.3900146484376,928.3900146484376,2364900.0,NYQ,Eli Lilly and Company,Eli Lilly and Company,Healthcare,Drug Manufacturers - General,782.35,703579815936.0,16566500352.0,0.204,Indianapolis,IN,United States,43000.0,0.012406394091569
2024-08-19,LLY,920.2858276367188,921.8099975585938,926.0,916.5,922.1199951171876,2374600.0,NYQ,Eli Lilly and Company,Eli Lilly and Company,Healthcare,Drug Manufacturers - General,782.35,703579815936.0,16566500352.0,0.204,Indianapolis,IN,United States,43000.0,0.012406394091569
2024-08-20,LLY,948.3992309570312,949.969970703125,967.0,930.510009765625,932.0999755859376,4961500.0,NYQ,Eli Lilly and Company,Eli Lilly and Company,Healthcare,Drug Manufacturers - General,782.35,703579815936.0,16566500352.0,0.204,Indianapolis,IN,United States,43000.0,0.012406394091569
2024-08-21,LLY,950.3959350585938,951.969970703125,956.5,939.1699829101562,955.6199951171876,2617000.0,NYQ,Eli Lilly and Company,Eli Lilly and Company,Healthcare,Drug Manufacturers - General,782.35,703579815936.0,16566500352.0,0.204,Indianapolis,IN,United States,43000.0,0.012406394091569
2024-08-22,LLY,952.5923461914062,954.1699829101562,972.530029296875,948.1400146484376,951.97998046875,3183700.0,NYQ,Eli Lilly and Company,Eli Lilly and Company,Healthcare,Drug Manufacturers - General,782.35,703579815936.0,16566500352.0,0.204,Indianapolis,IN,United States,43000.0,0.012406394091569
2024-08-23,LLY,951.1646728515624,952.739990234375,960.5,943.1099853515624,955.4400024414062,2063300.0,NYQ,Eli Lilly and Company,Eli Lilly and Company,Healthcare,Drug Manufacturers - General,782.35,703579815936.0,16566500352.0,0.204,Indianapolis,IN,United States,43000.0,0.012406394091569
2024-08-26,LLY,948.9583740234376,950.530029296875,955.0,942.77001953125,949.2000122070312,2166000.0,NYQ,Eli Lilly and Company,Eli Lilly and Company,Healthcare,Drug Manufacturers - General,782.35,703579815936.0,16566500352.0,0.204,Indianapolis,IN,United States,43000.0,0.012406394091569
2024-08-27,LLY,952.9017944335938,954.47998046875,972.47998046875,949.9500122070312,952.5,2912900.0,NYQ,Eli Lilly and Company,Eli Lilly and Company,Healthcare,Drug Manufacturers - General,782.35,703579815936.0,16566500352.0,0.204,Indianapolis,IN,United States,43000.0,0.012406394091569
2024-08-28,LLY,947.3709716796876,948.9400024414062,958.3400268554688,943.260009765625,954.1500244140624,1701800.0,NYQ,Eli Lilly and Company,Eli Lilly and Company,Healthcare,Drug Manufacturers - General,782.35,703579815936.0,16566500352.0,0.204,Indianapolis,IN,United States,43000.0,0.012406394091569
2024-08-29,LLY,938.6454467773438,940.2000122070312,957.52001953125,936.0,955.0,1762800.0,NYQ,Eli Lilly and Company,Eli Lilly and Company,Healthcare,Drug Manufacturers - General,782.35,703579815936.0,16566500352.0,0.204,Indianapolis,IN,United States,43000.0,0.012406394091569
2024-08-30,LLY,958.4326782226562,960.02001953125,961.0,940.510009765625,945.0,2555100.0,NYQ,Eli Lilly and Company,Eli Lilly and Company,Healthcare,Drug Manufacturers - General,782.35,703579815936.0,16566500352.0,0.204,Indianapolis,IN,United States,43000.0,0.012406394091569
2024-09-03,LLY,954.948486328125,956.530029296875,969.6500244140624,951.5800170898438,957.77001953125,2529400.0,NYQ,Eli Lilly and Company,Eli Lilly and Company,Healthcare,Drug Manufacturers - General,782.35,703579815936.0,16566500352.0,0.204,Indianapolis,IN,United States,43000.0,0.012406394091569
2024-09-04,LLY,944.745361328125,946.3099975585938,954.0,938.010009765625,949.75,1891700.0,NYQ,Eli Lilly and Company,Eli Lilly and Company,Healthcare,Drug Manufacturers - General,782.35,703579815936.0,16566500352.0,0.204,Indianapolis,IN,United States,43000.0,0.012406394091569
2024-09-05,LLY,911.2408447265624,912.75,943.0,906.1699829101562,941.1599731445312,3201100.0,NYQ,Eli Lilly and Company,Eli Lilly and Company,Healthcare,Drug Manufacturers - General,782.35,703579815936.0,16566500352.0,0.204,Indianapolis,IN,United States,43000.0,0.012406394091569
2024-09-06,LLY,901.2174682617188,902.7100219726562,927.9000244140624,893.0,917.760009765625,3440000.0,NYQ,Eli Lilly and Company,Eli Lilly and Company,Healthcare,Drug Manufacturers - General,782.35,703579815936.0,16566500352.0,0.204,Indianapolis,IN,United States,43000.0,0.012406394091569
2024-09-09,LLY,906.7682495117188,908.27001953125,915.4299926757812,895.9199829101562,912.5700073242188,2405900.0,NYQ,Eli Lilly and Company,Eli Lilly and Company,Healthcare,Drug Manufacturers - General,782.35,703579815936.0,16566500352.0,0.204,Indianapolis,IN,United States,43000.0,0.012406394091569
2024-09-10,LLY,899.7598266601562,901.25,915.1099853515624,895.0,914.1099853515624,1930400.0,NYQ,Eli Lilly and Company,Eli Lilly and Company,Healthcare,Drug Manufacturers - General,782.35,703579815936.0,16566500352.0,0.204,Indianapolis,IN,United States,43000.0,0.012406394091569
2024-09-11,LLY,919.3673706054688,920.8900146484376,921.5399780273438,897.2000122070312,902.1500244140624,2721100.0,NYQ,Eli Lilly and Company,Eli Lilly and Company,Healthcare,Drug Manufacturers - General,782.35,703579815936.0,16566500352.0,0.204,Indianapolis,IN,United States,43000.0,0.012406394091569
2024-09-12,LLY,933.4739990234376,935.02001953125,937.6199951171876,918.6300048828124,924.3099975585938,2511800.0,NYQ,Eli Lilly and Company,Eli Lilly and Company,Healthcare,Drug Manufacturers - General,782.35,703579815936.0,16566500352.0,0.204,Indianapolis,IN,United States,43000.0,0.012406394091569
2024-09-13,LLY,922.1827392578124,923.7100219726562,942.3499755859376,922.0999755859376,937.010009765625,2045400.0,NYQ,Eli Lilly and Company,Eli Lilly and Company,Healthcare,Drug Manufacturers - General,782.35,703579815936.0,16566500352.0,0.204,Indianapolis,IN,United States,43000.0,0.012406394091569
2024-09-16,LLY,922.012939453125,923.5399780273438,932.6099853515624,920.4299926757812,931.1300048828124,1760300.0,NYQ,Eli Lilly and Company,Eli Lilly and Company,Healthcare,Drug Manufacturers - General,782.35,703579815936.0,16566500352.0,0.204,Indianapolis,IN,United States,43000.0,0.012406394091569
2024-09-17,LLY,904.6817016601562,906.1799926757812,921.5,902.2999877929688,921.5,2248000.0,NYQ,Eli Lilly and Company,Eli Lilly and Company,Healthcare,Drug Manufacturers - General,782.35,703579815936.0,16566500352.0,0.204,Indianapolis,IN,United States,43000.0,0.012406394091569
2024-09-18,LLY,903.4736938476562,904.969970703125,915.5,903.4600219726562,906.3099975585938,1777000.0,NYQ,Eli Lilly and Company,Eli Lilly and Company,Healthcare,Drug Manufacturers - General,782.35,703579815936.0,16566500352.0,0.204,Indianapolis,IN,United States,43000.0,0.012406394091569
2024-09-19,LLY,913.5270385742188,915.0399780273438,916.8099975585938,903.8599853515624,912.8499755859376,2446500.0,NYQ,Eli Lilly and Company,Eli Lilly and Company,Healthcare,Drug Manufacturers - General,782.35,703579815936.0,16566500352.0,0.204,Indianapolis,IN,United States,43000.0,0.012406394091569
2024-09-20,LLY,919.9663696289062,921.489990234375,939.8599853515624,913.2000122070312,921.989990234375,9921800.0,NYQ,Eli Lilly and Company,Eli Lilly and Company,Healthcare,Drug Manufacturers - General,782.35,703579815936.0,16566500352.0,0.204,Indianapolis,IN,United States,43000.0,0.012406394091569
2024-09-23,LLY,917.0012817382812,918.52001953125,922.0,909.4500122070312,921.0,2292000.0,NYQ,Eli Lilly and Company,Eli Lilly and Company,Healthcare,Drug Manufacturers - General,782.35,703579815936.0,16566500352.0,0.204,Indianapolis,IN,United States,43000.0,0.012406394091569
2024-09-24,LLY,922.9014892578124,924.4299926757812,925.6799926757812,909.2000122070312,922.1199951171876,2767400.0,NYQ,Eli Lilly and Company,Eli Lilly and Company,Healthcare,Drug Manufacturers - General,782.35,703579815936.0,16566500352.0,0.204,Indianapolis,IN,United States,43000.0,0.012406394091569
2024-09-25,LLY,923.0313110351562,924.5599975585938,939.2999877929688,921.1900024414062,931.7899780273438,1805100.0,NYQ,Eli Lilly and Company,Eli Lilly and Company,Healthcare,Drug Manufacturers - General,782.35,703579815936.0,16566500352.0,0.204,Indianapolis,IN,United States,43000.0,0.012406394091569
2024-09-26,LLY,907.8165283203124,909.3200073242188,921.8499755859376,905.2999877929688,920.260009765625,2693000.0,NYQ,Eli Lilly and Company,Eli Lilly and Company,Healthcare,Drug Manufacturers - General,782.35,703579815936.0,16566500352.0,0.204,Indianapolis,IN,United States,43000.0,0.012406394091569
2024-09-27,LLY,876.338623046875,877.7899780273438,901.2100219726562,875.6099853515625,893.6199951171875,4377300.0,NYQ,Eli Lilly and Company,Eli Lilly and Company,Healthcare,Drug Manufacturers - General,782.35,703579815936.0,16566500352.0,0.204,Indianapolis,IN,United States,43000.0,0.012406394091569
2024-09-30,LLY,884.4751586914062,885.9400024414062,887.4299926757812,858.8099975585938,864.52001953125,3244600.0,NYQ,Eli Lilly and Company,Eli Lilly and Company,Healthcare,Drug Manufacturers - General,782.35,703579815936.0,16566500352.0,0.204,Indianapolis,IN,United States,43000.0,0.012406394091569
2024-10-01,LLY,883.017578125,884.47998046875,891.27001953125,878.8699951171875,888.8300170898438,2455200.0,NYQ,Eli Lilly and Company,Eli Lilly and Company,Healthcare,Drug Manufacturers - General,782.35,703579815936.0,16566500352.0,0.204,Indianapolis,IN,United States,43000.0,0.012406394091569
2024-10-02,LLY,889.5966796875,891.0700073242188,893.3499755859375,878.7000122070312,880.0,1751600.0,NYQ,Eli Lilly and Company,Eli Lilly and Company,Healthcare,Drug Manufacturers - General,782.35,703579815936.0,16566500352.0,0.204,Indianapolis,IN,United States,43000.0,0.012406394091569
2024-10-03,LLY,884.0858154296875,885.5499877929688,892.0,880.8800048828125,889.5399780273438,1974700.0,NYQ,Eli Lilly and Company,Eli Lilly and Company,Healthcare,Drug Manufacturers - General,782.35,703579815936.0,16566500352.0,0.204,Indianapolis,IN,United States,43000.0,0.012406394091569
2024-10-04,LLY,885.693115234375,887.1599731445312,888.969970703125,876.8900146484375,885.9099731445312,1970500.0,NYQ,Eli Lilly and Company,Eli Lilly and Company,Healthcare,Drug Manufacturers - General,782.35,703579815936.0,16566500352.0,0.204,Indianapolis,IN,United States,43000.0,0.012406394091569
2024-10-07,LLY,896.91455078125,898.4000244140625,905.280029296875,889.5700073242188,890.510009765625,2915700.0,NYQ,Eli Lilly and Company,Eli Lilly and Company,Healthcare,Drug Manufacturers - General,782.35,703579815936.0,16566500352.0,0.204,Indianapolis,IN,United States,43000.0,0.012406394091569
2024-10-08,LLY,912.2091674804688,913.719970703125,921.969970703125,902.22998046875,903.0,2200000.0,NYQ,Eli Lilly and Company,Eli Lilly and Company,Healthcare,Drug Manufacturers - General,782.35,703579815936.0,16566500352.0,0.204,Indianapolis,IN,United States,43000.0,0.012406394091569
2024-10-09,LLY,918.21923828125,919.739990234375,921.3499755859376,912.0,916.2899780273438,1820100.0,NYQ,Eli Lilly and Company,Eli Lilly and Company,Healthcare,Drug Manufacturers - General,782.35,703579815936.0,16566500352.0,0.204,Indianapolis,IN,United States,43000.0,0.012406394091569
2024-10-10,LLY,909.1842651367188,910.6900024414062,922.0,905.1500244140624,920.0,1682100.0,NYQ,Eli Lilly and Company,Eli Lilly and Company,Healthcare,Drug Manufacturers - General,782.35,703579815936.0,16566500352.0,0.204,Indianapolis,IN,United States,43000.0,0.012406394091569
2024-10-11,LLY,930.5189208984376,932.0599975585938,932.239990234375,911.1799926757812,916.0399780273438,2293900.0,NYQ,Eli Lilly and Company,Eli Lilly and Company,Healthcare,Drug Manufacturers - General,782.35,703579815936.0,16566500352.0,0.204,Indianapolis,IN,United States,43000.0,0.012406394091569
2024-10-14,LLY,927.97314453125,929.510009765625,937.0,926.0,936.0,1550400.0,NYQ,Eli Lilly and Company,Eli Lilly and Company,Healthcare,Drug Manufacturers - General,782.35,703579815936.0,16566500352.0,0.204,Indianapolis,IN,United States,43000.0,0.012406394091569
2024-10-15,LLY,911.8098754882812,913.3200073242188,926.52001953125,907.7999877929688,924.4400024414062,2284200.0,NYQ,Eli Lilly and Company,Eli Lilly and Company,Healthcare,Drug Manufacturers - General,782.35,703579815936.0,16566500352.0,0.204,Indianapolis,IN,United States,43000.0,0.012406394091569
2024-10-16,LLY,914.9047241210938,916.4199829101562,917.8099975585938,897.8400268554688,910.030029296875,1645400.0,NYQ,Eli Lilly and Company,Eli Lilly and Company,Healthcare,Drug Manufacturers - General,782.35,703579815936.0,16566500352.0,0.204,Indianapolis,IN,United States,43000.0,0.012406394091569
2024-10-17,LLY,915.6035766601562,917.1199951171876,930.510009765625,916.0399780273438,921.0,2191200.0,NYQ,Eli Lilly and Company,Eli Lilly and Company,Healthcare,Drug Manufacturers - General,782.35,703579815936.0,16566500352.0,0.204,Indianapolis,IN,United States,43000.0,0.012406394091569
2024-10-18,LLY,916.4521484375,917.969970703125,920.9199829101562,905.6199951171876,917.1799926757812,2286900.0,NYQ,Eli Lilly and Company,Eli Lilly and Company,Healthcare,Drug Manufacturers - General,782.35,703579815936.0,16566500352.0,0.204,Indianapolis,IN,United States,43000.0,0.012406394091569
2024-10-21,LLY,904.6317749023438,906.1300048828124,918.8599853515624,904.5599975585938,917.97998046875,1592200.0,NYQ,Eli Lilly and Company,Eli Lilly and Company,Healthcare,Drug Manufacturers - General,782.35,703579815936.0,16566500352.0,0.204,Indianapolis,IN,United States,43000.0,0.012406394091569
2024-10-22,LLY,907.6467895507812,909.1500244140624,911.1199951171876,900.2000122070312,901.6799926757812,1391800.0,NYQ,Eli Lilly and Company,Eli Lilly and Company,Healthcare,Drug Manufacturers - General,782.35,703579815936.0,16566500352.0,0.204,Indianapolis,IN,United States,43000.0,0.012406394091569
2024-10-23,LLY,901.7565307617188,903.25,907.9500122070312,891.72998046875,905.6199951171876,2646600.0,NYQ,Eli Lilly and Company,Eli Lilly and Company,Healthcare,Drug Manufacturers - General,782.35,703579815936.0,16566500352.0,0.204,Indianapolis,IN,United States,43000.0,0.012406394091569
2024-10-24,LLY,889.8462524414062,891.3200073242188,900.0,888.280029296875,898.3300170898438,1797100.0,NYQ,Eli Lilly and Company,Eli Lilly and Company,Healthcare,Drug Manufacturers - General,782.35,703579815936.0,16566500352.0,0.204,Indianapolis,IN,United States,43000.0,0.012406394091569
2024-10-25,LLY,891.2239990234375,892.7000122070312,900.9600219726562,889.4500122070312,899.72998046875,2228300.0,NYQ,Eli Lilly and Company,Eli Lilly and Company,Healthcare,Drug Manufacturers - General,782.35,703579815936.0,16566500352.0,0.204,Indianapolis,IN,United States,43000.0,0.012406394091569
2024-10-28,LLY,894.1092529296875,895.5900268554688,898.2100219726562,890.780029296875,894.8699951171875,2084100.0,NYQ,Eli Lilly and Company,Eli Lilly and Company,Healthcare,Drug Manufacturers - General,782.35,703579815936.0,16566500352.0,0.204,Indianapolis,IN,United States,43000.0,0.012406394091569
2024-10-29,LLY,902.0859985351562,903.5800170898438,907.97998046875,898.2100219726562,898.2100219726562,3187500.0,NYQ,Eli Lilly and Company,Eli Lilly and Company,Healthcare,Drug Manufacturers - General,782.35,703579815936.0,16566500352.0,0.204,Indianapolis,IN,United States,43000.0,0.012406394091569
2024-10-30,LLY,845.4298706054688,846.8300170898438,860.5,769.0,798.5,18257200.0,NYQ,Eli Lilly and Company,Eli Lilly and Company,Healthcare,Drug Manufacturers - General,782.35,703579815936.0,16566500352.0,0.204,Indianapolis,IN,United States,43000.0,0.012406394091569
2024-10-31,LLY,828.3680419921875,829.739990234375,853.5,825.239990234375,836.510009765625,6582800.0,NYQ,Eli Lilly and Company,Eli Lilly and Company,Healthcare,Drug Manufacturers - General,782.35,703579815936.0,16566500352.0,0.204,Indianapolis,IN,United States,43000.0,0.012406394091569
2024-11-01,LLY,817.575927734375,818.9299926757812,833.0,816.72998046875,828.0,5266300.0,NYQ,Eli Lilly and Company,Eli Lilly and Company,Healthcare,Drug Manufacturers - General,782.35,703579815936.0,16566500352.0,0.204,Indianapolis,IN,United States,43000.0,0.012406394091569
2024-11-04,LLY,804.80712890625,806.1400146484375,820.1900024414062,803.6799926757812,805.0,3918100.0,NYQ,Eli Lilly and Company,Eli Lilly and Company,Healthcare,Drug Manufacturers - General,782.35,703579815936.0,16566500352.0,0.204,Indianapolis,IN,United States,43000.0,0.012406394091569
2024-11-05,LLY,804.7272338867188,806.0599975585938,809.2100219726562,797.489990234375,803.8300170898438,3733300.0,NYQ,Eli Lilly and Company,Eli Lilly and Company,Healthcare,Drug Manufacturers - General,782.35,703579815936.0,16566500352.0,0.204,Indianapolis,IN,United States,43000.0,0.012406394091569
2024-11-06,LLY,775.0963134765625,776.3800048828125,820.72998046875,767.6099853515625,817.3300170898438,8257900.0,NYQ,Eli Lilly and Company,Eli Lilly and Company,Healthcare,Drug Manufacturers - General,782.35,703579815936.0,16566500352.0,0.204,Indianapolis,IN,United States,43000.0,0.012406394091569
2024-11-07,LLY,796.1314697265625,797.4500122070312,802.5499877929688,778.1900024414062,784.6500244140625,4557600.0,NYQ,Eli Lilly and Company,Eli Lilly and Company,Healthcare,Drug Manufacturers - General,782.35,703579815936.0,16566500352.0,0.204,Indianapolis,IN,United States,43000.0,0.012406394091569
2024-11-08,LLY,830.1651000976562,831.5399780273438,847.27001953125,801.260009765625,803.5,7212900.0,NYQ,Eli Lilly and Company,Eli Lilly and Company,Healthcare,Drug Manufacturers - General,782.35,703579815936.0,16566500352.0,0.204,Indianapolis,IN,United States,43000.0,0.012406394091569
2024-11-11,LLY,831.0635986328125,832.4400024414062,844.0,824.6300048828125,831.2999877929688,3342800.0,NYQ,Eli Lilly and Company,Eli Lilly and Company,Healthcare,Drug Manufacturers - General,782.35,703579815936.0,16566500352.0,0.204,Indianapolis,IN,United States,43000.0,0.012406394091569
2024-11-12,LLY,817.5060424804688,818.8599853515625,833.989990234375,810.719970703125,830.2000122070312,3378600.0,NYQ,Eli Lilly and Company,Eli Lilly and Company,Healthcare,Drug Manufacturers - General,782.35,703579815936.0,16566500352.0,0.204,Indianapolis,IN,United States,43000.0,0.012406394091569
2024-11-13,LLY,810.4677124023438,811.8099975585938,829.1099853515625,811.2899780273438,820.3200073242188,3059300.0,NYQ,Eli Lilly and Company,Eli Lilly and Company,Healthcare,Drug Manufacturers - General,782.35,703579815936.0,16566500352.0,0.204,Indianapolis,IN,United States,43000.0,0.012406394091569
2024-11-14,LLY,784.9299926757812,786.22998046875,809.1900024414062,783.510009765625,809.1900024414062,3998800.0,NYQ,Eli Lilly and Company,Eli Lilly and Company,Healthcare,Drug Manufacturers - General,782.35,703579815936.0,16566500352.0,0.204,Indianapolis,IN,United States,43000.0,0.012406394091569
2024-11-15,LLY,746.2000122070312,746.2000122070312,777.97998046875,744.2000122070312,775.1900024414062,7334600.0,NYQ,Eli Lilly and Company,Eli Lilly and Company,Healthcare,Drug Manufacturers - General,782.35,703579815936.0,16566500352.0,0.204,Indianapolis,IN,United States,43000.0,0.012406394091569
2024-11-18,LLY,727.2000122070312,727.2000122070312,734.0,711.4000244140625,733.1900024414062,9154400.0,NYQ,Eli Lilly and Company,Eli Lilly and Company,Healthcare,Drug Manufacturers - General,782.35,703579815936.0,16566500352.0,0.204,Indianapolis,IN,United States,43000.0,0.012406394091569
2024-11-19,LLY,729.72998046875,729.72998046875,730.0,712.4199829101562,716.3099975585938,5832500.0,NYQ,Eli Lilly and Company,Eli Lilly and Company,Healthcare,Drug Manufacturers - General,782.35,703579815936.0,16566500352.0,0.204,Indianapolis,IN,United States,43000.0,0.012406394091569
2024-11-20,LLY,753.4099731445312,753.4099731445312,757.3699951171875,735.4600219726562,735.7899780273438,5158900.0,NYQ,Eli Lilly and Company,Eli Lilly and Company,Healthcare,Drug Manufacturers - General,782.35,703579815936.0,16566500352.0,0.204,Indianapolis,IN,United States,43000.0,0.012406394091569
2024-11-21,LLY,749.9199829101562,749.9199829101562,753.0,735.0,746.1199951171875,4143200.0,NYQ,Eli Lilly and Company,Eli Lilly and Company,Healthcare,Drug Manufacturers - General,782.35,703579815936.0,16566500352.0,0.204,Indianapolis,IN,United States,43000.0,0.012406394091569
2024-11-22,LLY,748.010009765625,748.010009765625,761.280029296875,745.0800170898438,757.0499877929688,4015500.0,NYQ,Eli Lilly and Company,Eli Lilly and Company,Healthcare,Drug Manufacturers - General,782.35,703579815936.0,16566500352.0,0.204,Indianapolis,IN,United States,43000.0,0.012406394091569
2024-11-25,LLY,755.0,755.0,755.0,740.010009765625,750.0,5690500.0,NYQ,Eli Lilly and Company,Eli Lilly and Company,Healthcare,Drug Manufacturers - General,782.35,703579815936.0,16566500352.0,0.204,Indianapolis,IN,United States,43000.0,0.012406394091569
2024-11-26,LLY,789.3200073242188,789.3200073242188,807.0,773.9500122070312,785.2000122070312,6622600.0,NYQ,Eli Lilly and Company,Eli Lilly and Company,Healthcare,Drug Manufacturers - General,782.35,703579815936.0,16566500352.0,0.204,Indianapolis,IN,United States,43000.0,0.012406394091569
2024-11-27,LLY,788.1900024414062,788.1900024414062,794.8300170898438,780.2999877929688,788.1199951171875,2714700.0,NYQ,Eli Lilly and Company,Eli Lilly and Company,Healthcare,Drug Manufacturers - General,782.35,703579815936.0,16566500352.0,0.204,Indianapolis,IN,United States,43000.0,0.012406394091569
2024-11-29,LLY,795.3499755859375,795.3499755859375,800.3300170898438,789.3300170898438,791.3300170898438,2206900.0,NYQ,Eli Lilly and Company,Eli Lilly and Company,Healthcare,Drug Manufacturers - General,782.35,703579815936.0,16566500352.0,0.204,Indianapolis,IN,United States,43000.0,0.012406394091569
2024-12-02,LLY,799.7999877929688,799.7999877929688,805.3499755859375,795.219970703125,798.1099853515625,2895600.0,NYQ,Eli Lilly and Company,Eli Lilly and Company,Healthcare,Drug Manufacturers - General,782.35,703579815936.0,16566500352.0,0.204,Indianapolis,IN,United States,43000.0,0.012406394091569
2024-12-03,LLY,813.3300170898438,813.3300170898438,817.1300048828125,801.6099853515625,802.9299926757812,2782100.0,NYQ,Eli Lilly and Company,Eli Lilly and Company,Healthcare,Drug Manufacturers - General,782.35,703579815936.0,16566500352.0,0.204,Indianapolis,IN,United States,43000.0,0.012406394091569
2024-12-04,LLY,829.8400268554688,829.8400268554688,846.4600219726562,820.5,828.0999755859375,3871100.0,NYQ,Eli Lilly and Company,Eli Lilly and Company,Healthcare,Drug Manufacturers - General,782.35,703579815936.0,16566500352.0,0.204,Indianapolis,IN,United States,43000.0,0.012406394091569
2024-12-05,LLY,825.6199951171875,825.6199951171875,831.1300048828125,817.4600219726562,827.780029296875,2423400.0,NYQ,Eli Lilly and Company,Eli Lilly and Company,Healthcare,Drug Manufacturers - General,782.35,703579815936.0,16566500352.0,0.204,Indianapolis,IN,United States,43000.0,0.012406394091569
2024-12-06,LLY,826.7100219726562,826.7100219726562,841.0,825.6900024414062,827.6799926757812,3047100.0,NYQ,Eli Lilly and Company,Eli Lilly and Company,Healthcare,Drug Manufacturers - General,782.35,703579815936.0,16566500352.0,0.204,Indianapolis,IN,United States,43000.0,0.012406394091569
2024-12-09,LLY,803.5800170898438,803.5800170898438,823.7000122070312,801.280029296875,823.7000122070312,3176000.0,NYQ,Eli Lilly and Company,Eli Lilly and Company,Healthcare,Drug Manufacturers - General,782.35,703579815936.0,16566500352.0,0.204,Indianapolis,IN,United States,43000.0,0.012406394091569
2024-12-10,LLY,799.5800170898438,799.5800170898438,814.0,797.0,809.27001953125,2695200.0,NYQ,Eli Lilly and Company,Eli Lilly and Company,Healthcare,Drug Manufacturers - General,782.35,703579815936.0,16566500352.0,0.204,Indianapolis,IN,United States,43000.0,0.012406394091569
2024-12-11,LLY,796.030029296875,796.030029296875,799.5,786.3699951171875,795.25,3510900.0,NYQ,Eli Lilly and Company,Eli Lilly and Company,Healthcare,Drug Manufacturers - General,782.35,703579815936.0,16566500352.0,0.204,Indianapolis,IN,United States,43000.0,0.012406394091569
2024-12-12,LLY,782.3499755859375,782.3499755859375,801.8364868164062,778.3900756835938,796.72998046875,2818030.0,NYQ,Eli Lilly and Company,Eli Lilly and Company,Healthcare,Drug Manufacturers - General,782.35,703579815936.0,16566500352.0,0.204,Indianapolis,IN,United States,43000.0,0.012406394091569
2024-01-02,MA,419.4636535644531,421.8900146484375,424.2799987792969,419.55999755859375,424.0899963378906,2463700.0,NYQ,Mastercard Incorporated,Mastercard Incorporated,Financial Services,Credit Services,532.41,488662368256.0,16784000000.0,0.128,Purchase,NY,United States,33400.0,0.008616702442264
2024-01-03,MA,416.3615417480469,418.7699890136719,421.3399963378906,417.5,421.2000122070313,3093700.0,NYQ,Mastercard Incorporated,Mastercard Incorporated,Financial Services,Credit Services,532.41,488662368256.0,16784000000.0,0.128,Purchase,NY,United States,33400.0,0.008616702442264
2024-01-04,MA,417.3558044433594,419.7699890136719,423.4500122070313,418.2799987792969,418.5,2042600.0,NYQ,Mastercard Incorporated,Mastercard Incorporated,Financial Services,Credit Services,532.41,488662368256.0,16784000000.0,0.128,Purchase,NY,United States,33400.0,0.008616702442264
2024-01-05,MA,417.0078430175781,419.4200134277344,422.760009765625,416.989990234375,420.489990234375,2415900.0,NYQ,Mastercard Incorporated,Mastercard Incorporated,Financial Services,Credit Services,532.41,488662368256.0,16784000000.0,0.128,Purchase,NY,United States,33400.0,0.008616702442264
2024-01-08,MA,420.21435546875,421.9800109863281,422.0799865722656,416.5299987792969,419.4400024414063,2125400.0,NYQ,Mastercard Incorporated,Mastercard Incorporated,Financial Services,Credit Services,532.41,488662368256.0,16784000000.0,0.128,Purchase,NY,United States,33400.0,0.008616702442264
2024-01-09,MA,420.8317565917969,422.6000061035156,423.7000122070313,418.5400085449219,419.1000061035156,2439300.0,NYQ,Mastercard Incorporated,Mastercard Incorporated,Financial Services,Credit Services,532.41,488662368256.0,16784000000.0,0.128,Purchase,NY,United States,33400.0,0.008616702442264
2024-01-10,MA,426.47802734375,428.2699890136719,429.4700012207031,424.1499938964844,426.0,2709300.0,NYQ,Mastercard Incorporated,Mastercard Incorporated,Financial Services,Credit Services,532.41,488662368256.0,16784000000.0,0.128,Purchase,NY,United States,33400.0,0.008616702442264
2024-01-11,MA,424.9345397949219,426.7200012207031,431.7900085449219,425.7699890136719,430.0,2320600.0,NYQ,Mastercard Incorporated,Mastercard Incorporated,Financial Services,Credit Services,532.41,488662368256.0,16784000000.0,0.128,Purchase,NY,United States,33400.0,0.008616702442264
2024-01-12,MA,427.3045654296875,429.1000061035156,431.1099853515625,427.7000122070313,429.9500122070313,1892400.0,NYQ,Mastercard Incorporated,Mastercard Incorporated,Financial Services,Credit Services,532.41,488662368256.0,16784000000.0,0.128,Purchase,NY,United States,33400.0,0.008616702442264
2024-01-16,MA,426.5577087402344,428.3500061035156,429.7300109863281,426.5199890136719,427.4400024414063,2398000.0,NYQ,Mastercard Incorporated,Mastercard Incorporated,Financial Services,Credit Services,532.41,488662368256.0,16784000000.0,0.128,Purchase,NY,United States,33400.0,0.008616702442264
2024-01-17,MA,425.631591796875,427.4200134277344,430.3800048828125,425.4800109863281,425.4800109863281,2690400.0,NYQ,Mastercard Incorporated,Mastercard Incorporated,Financial Services,Credit Services,532.41,488662368256.0,16784000000.0,0.128,Purchase,NY,United States,33400.0,0.008616702442264
2024-01-18,MA,428.9177856445313,430.7200012207031,431.2200012207031,427.4500122070313,428.6400146484375,2075700.0,NYQ,Mastercard Incorporated,Mastercard Incorporated,Financial Services,Credit Services,532.41,488662368256.0,16784000000.0,0.128,Purchase,NY,United States,33400.0,0.008616702442264
2024-01-19,MA,434.9524536132813,436.7799987792969,437.0700073242188,429.3399963378906,432.5499877929688,2400200.0,NYQ,Mastercard Incorporated,Mastercard Incorporated,Financial Services,Credit Services,532.41,488662368256.0,16784000000.0,0.128,Purchase,NY,United States,33400.0,0.008616702442264
2024-01-22,MA,437.9100036621094,439.75,440.9400024414063,437.260009765625,438.9800109863281,2715500.0,NYQ,Mastercard Incorporated,Mastercard Incorporated,Financial Services,Credit Services,532.41,488662368256.0,16784000000.0,0.128,Purchase,NY,United States,33400.0,0.008616702442264
2024-01-23,MA,436.9241638183594,438.760009765625,440.6000061035156,437.8599853515625,440.2699890136719,2328600.0,NYQ,Mastercard Incorporated,Mastercard Incorporated,Financial Services,Credit Services,532.41,488662368256.0,16784000000.0,0.128,Purchase,NY,United States,33400.0,0.008616702442264
2024-01-24,MA,436.8644104003906,438.7000122070313,440.9299926757813,435.760009765625,438.5299987792969,2725700.0,NYQ,Mastercard Incorporated,Mastercard Incorporated,Financial Services,Credit Services,532.41,488662368256.0,16784000000.0,0.128,Purchase,NY,United States,33400.0,0.008616702442264
2024-01-25,MA,434.9723510742188,436.7999877929688,438.6300048828125,434.4599914550781,436.0,2977800.0,NYQ,Mastercard Incorporated,Mastercard Incorporated,Financial Services,Credit Services,532.41,488662368256.0,16784000000.0,0.128,Purchase,NY,United States,33400.0,0.008616702442264
2024-01-26,MA,436.6950988769531,438.5299987792969,439.8900146484375,430.6700134277344,432.5499877929688,2725400.0,NYQ,Mastercard Incorporated,Mastercard Incorporated,Financial Services,Credit Services,532.41,488662368256.0,16784000000.0,0.128,Purchase,NY,United States,33400.0,0.008616702442264
2024-01-29,MA,438.7365112304688,440.5799865722656,440.9599914550781,434.6700134277344,435.7799987792969,2314200.0,NYQ,Mastercard Incorporated,Mastercard Incorporated,Financial Services,Credit Services,532.41,488662368256.0,16784000000.0,0.128,Purchase,NY,United States,33400.0,0.008616702442264
2024-01-30,MA,443.3272399902344,445.1900024414063,446.2200012207031,440.0499877929688,440.8999938964844,2663600.0,NYQ,Mastercard Incorporated,Mastercard Incorporated,Financial Services,Credit Services,532.41,488662368256.0,16784000000.0,0.128,Purchase,NY,United States,33400.0,0.008616702442264
2024-01-31,MA,447.350341796875,449.2300109863281,462.0,446.6199951171875,450.0,4740500.0,NYQ,Mastercard Incorporated,Mastercard Incorporated,Financial Services,Credit Services,532.41,488662368256.0,16784000000.0,0.128,Purchase,NY,United States,33400.0,0.008616702442264
2024-02-01,MA,458.9914245605469,460.9200134277344,461.1400146484375,454.0499877929688,455.0,3292700.0,NYQ,Mastercard Incorporated,Mastercard Incorporated,Financial Services,Credit Services,532.41,488662368256.0,16784000000.0,0.128,Purchase,NY,United States,33400.0,0.008616702442264
2024-02-02,MA,458.65283203125,460.5799865722656,463.8399963378906,458.5,462.2099914550781,2050300.0,NYQ,Mastercard Incorporated,Mastercard Incorporated,Financial Services,Credit Services,532.41,488662368256.0,16784000000.0,0.128,Purchase,NY,United States,33400.0,0.008616702442264
2024-02-05,MA,454.8488159179688,456.760009765625,461.3699951171875,455.5299987792969,459.510009765625,2438800.0,NYQ,Mastercard Incorporated,Mastercard Incorporated,Financial Services,Credit Services,532.41,488662368256.0,16784000000.0,0.128,Purchase,NY,United States,33400.0,0.008616702442264
2024-02-06,MA,458.57318115234375,460.5,460.55999755859375,455.3599853515625,455.3599853515625,2201900.0,NYQ,Mastercard Incorporated,Mastercard Incorporated,Financial Services,Credit Services,532.41,488662368256.0,16784000000.0,0.128,Purchase,NY,United States,33400.0,0.008616702442264
2024-02-07,MA,459.9772644042969,461.9100036621094,462.239990234375,459.6199951171875,461.2099914550781,2544300.0,NYQ,Mastercard Incorporated,Mastercard Incorporated,Financial Services,Credit Services,532.41,488662368256.0,16784000000.0,0.128,Purchase,NY,United States,33400.0,0.008616702442264
2024-02-08,MA,456.3425598144531,458.260009765625,460.75,457.4500122070313,460.0,2081300.0,NYQ,Mastercard Incorporated,Mastercard Incorporated,Financial Services,Credit Services,532.41,488662368256.0,16784000000.0,0.128,Purchase,NY,United States,33400.0,0.008616702442264
2024-02-09,MA,455.9641723632813,457.8800048828125,458.989990234375,456.3699951171875,458.05999755859375,2155400.0,NYQ,Mastercard Incorporated,Mastercard Incorporated,Financial Services,Credit Services,532.41,488662368256.0,16784000000.0,0.128,Purchase,NY,United States,33400.0,0.008616702442264
2024-02-12,MA,456.7906799316406,458.7099914550781,459.3999938964844,456.0799865722656,459.1799926757813,1794500.0,NYQ,Mastercard Incorporated,Mastercard Incorporated,Financial Services,Credit Services,532.41,488662368256.0,16784000000.0,0.128,Purchase,NY,United States,33400.0,0.008616702442264
2024-02-13,MA,458.5333251953125,460.4599914550781,461.8800048828125,456.0400085449219,456.760009765625,2407700.0,NYQ,Mastercard Incorporated,Mastercard Incorporated,Financial Services,Credit Services,532.41,488662368256.0,16784000000.0,0.128,Purchase,NY,United States,33400.0,0.008616702442264
2024-02-14,MA,463.24359130859375,465.1900024414063,465.4500122070313,459.4400024414063,462.0,2202700.0,NYQ,Mastercard Incorporated,Mastercard Incorporated,Financial Services,Credit Services,532.41,488662368256.0,16784000000.0,0.128,Purchase,NY,United States,33400.0,0.008616702442264
2024-02-15,MA,469.3080749511719,471.2799987792969,472.1099853515625,465.2300109863281,465.8299865722656,2354100.0,NYQ,Mastercard Incorporated,Mastercard Incorporated,Financial Services,Credit Services,532.41,488662368256.0,16784000000.0,0.128,Purchase,NY,United States,33400.0,0.008616702442264
2024-02-16,MA,466.1712951660156,468.1300048828125,474.1700134277344,467.0700073242188,474.1700134277344,2237200.0,NYQ,Mastercard Incorporated,Mastercard Incorporated,Financial Services,Credit Services,532.41,488662368256.0,16784000000.0,0.128,Purchase,NY,United States,33400.0,0.008616702442264
2024-02-20,MA,449.8597717285156,451.75,455.8500061035156,450.1199951171875,452.7999877929688,5044200.0,NYQ,Mastercard Incorporated,Mastercard Incorporated,Financial Services,Credit Services,532.41,488662368256.0,16784000000.0,0.128,Purchase,NY,United States,33400.0,0.008616702442264
2024-02-21,MA,457.1292419433594,459.0499877929688,459.6000061035156,452.0,453.30999755859375,2896500.0,NYQ,Mastercard Incorporated,Mastercard Incorporated,Financial Services,Credit Services,532.41,488662368256.0,16784000000.0,0.128,Purchase,NY,United States,33400.0,0.008616702442264
2024-02-22,MA,469.5869140625,471.55999755859375,472.5,461.5799865722656,461.80999755859375,2572800.0,NYQ,Mastercard Incorporated,Mastercard Incorporated,Financial Services,Credit Services,532.41,488662368256.0,16784000000.0,0.128,Purchase,NY,United States,33400.0,0.008616702442264
2024-02-23,MA,471.4391479492188,473.4200134277344,475.1700134277344,471.8599853515625,473.7300109863281,1764100.0,NYQ,Mastercard Incorporated,Mastercard Incorporated,Financial Services,Credit Services,532.41,488662368256.0,16784000000.0,0.128,Purchase,NY,United States,33400.0,0.008616702442264
2024-02-26,MA,472.5245666503906,474.510009765625,475.0799865722656,472.0,473.0,2066900.0,NYQ,Mastercard Incorporated,Mastercard Incorporated,Financial Services,Credit Services,532.41,488662368256.0,16784000000.0,0.128,Purchase,NY,United States,33400.0,0.008616702442264
2024-02-27,MA,472.7635803222656,474.75,475.0,469.9500122070313,474.5499877929688,2011100.0,NYQ,Mastercard Incorporated,Mastercard Incorporated,Financial Services,Credit Services,532.41,488662368256.0,16784000000.0,0.128,Purchase,NY,United States,33400.0,0.008616702442264
2024-02-28,MA,476.8463745117188,478.8500061035156,479.1400146484375,473.6700134277344,474.1700134277344,1931900.0,NYQ,Mastercard Incorporated,Mastercard Incorporated,Financial Services,Credit Services,532.41,488662368256.0,16784000000.0,0.128,Purchase,NY,United States,33400.0,0.008616702442264
2024-02-29,MA,472.77349853515625,474.760009765625,478.3900146484375,472.0499877929688,478.0,3072500.0,NYQ,Mastercard Incorporated,Mastercard Incorporated,Financial Services,Credit Services,532.41,488662368256.0,16784000000.0,0.128,Purchase,NY,United States,33400.0,0.008616702442264
2024-03-01,MA,474.6357116699219,476.6300048828125,477.5,473.8999938964844,474.9100036621094,1748300.0,NYQ,Mastercard Incorporated,Mastercard Incorporated,Financial Services,Credit Services,532.41,488662368256.0,16784000000.0,0.128,Purchase,NY,United States,33400.0,0.008616702442264
2024-03-04,MA,466.52972412109375,468.489990234375,476.6300048828125,465.7699890136719,475.6700134277344,3212400.0,NYQ,Mastercard Incorporated,Mastercard Incorporated,Financial Services,Credit Services,532.41,488662368256.0,16784000000.0,0.128,Purchase,NY,United States,33400.0,0.008616702442264
2024-03-05,MA,465.5637817382813,467.5199890136719,469.239990234375,464.6199951171875,467.3699951171875,2015100.0,NYQ,Mastercard Incorporated,Mastercard Incorporated,Financial Services,Credit Services,532.41,488662368256.0,16784000000.0,0.128,Purchase,NY,United States,33400.0,0.008616702442264
2024-03-06,MA,469.6267395019531,471.6000061035156,473.6199951171875,467.1600036621094,467.1600036621094,1917100.0,NYQ,Mastercard Incorporated,Mastercard Incorporated,Financial Services,Credit Services,532.41,488662368256.0,16784000000.0,0.128,Purchase,NY,United States,33400.0,0.008616702442264
2024-03-07,MA,465.5837097167969,467.5400085449219,473.2699890136719,465.8900146484375,473.2000122070313,2178100.0,NYQ,Mastercard Incorporated,Mastercard Incorporated,Financial Services,Credit Services,532.41,488662368256.0,16784000000.0,0.128,Purchase,NY,United States,33400.0,0.008616702442264
2024-03-08,MA,467.2965393066406,469.260009765625,471.6199951171875,467.1000061035156,467.1000061035156,1596900.0,NYQ,Mastercard Incorporated,Mastercard Incorporated,Financial Services,Credit Services,532.41,488662368256.0,16784000000.0,0.128,Purchase,NY,United States,33400.0,0.008616702442264
2024-03-11,MA,467.1969604492188,469.1600036621094,469.3699951171875,464.6900024414063,469.0,1774500.0,NYQ,Mastercard Incorporated,Mastercard Incorporated,Financial Services,Credit Services,532.41,488662368256.0,16784000000.0,0.128,Purchase,NY,United States,33400.0,0.008616702442264
2024-03-12,MA,470.8914489746094,472.8699951171875,474.3699951171875,468.7099914550781,470.5299987792969,1853900.0,NYQ,Mastercard Incorporated,Mastercard Incorporated,Financial Services,Credit Services,532.41,488662368256.0,16784000000.0,0.128,Purchase,NY,United States,33400.0,0.008616702442264
2024-03-13,MA,473.6199340820313,475.6099853515625,476.1600036621094,472.7799987792969,474.2300109863281,2103900.0,NYQ,Mastercard Incorporated,Mastercard Incorporated,Financial Services,Credit Services,532.41,488662368256.0,16784000000.0,0.128,Purchase,NY,United States,33400.0,0.008616702442264
2024-03-14,MA,477.4737854003906,479.4800109863281,482.0,477.1799926757813,481.0199890136719,2757700.0,NYQ,Mastercard Incorporated,Mastercard Incorporated,Financial Services,Credit Services,532.41,488662368256.0,16784000000.0,0.128,Purchase,NY,United States,33400.0,0.008616702442264
2024-03-15,MA,473.8390197753906,475.8299865722656,478.4599914550781,473.0799865722656,473.3399963378906,4179300.0,NYQ,Mastercard Incorporated,Mastercard Incorporated,Financial Services,Credit Services,532.41,488662368256.0,16784000000.0,0.128,Purchase,NY,United States,33400.0,0.008616702442264
2024-03-18,MA,476.8862915039063,478.8900146484375,480.8200073242188,476.6499938964844,478.6400146484375,2072300.0,NYQ,Mastercard Incorporated,Mastercard Incorporated,Financial Services,Credit Services,532.41,488662368256.0,16784000000.0,0.128,Purchase,NY,United States,33400.0,0.008616702442264
2024-03-19,MA,481.974853515625,484.0,484.6099853515625,479.510009765625,481.6199951171875,2049500.0,NYQ,Mastercard Incorporated,Mastercard Incorporated,Financial Services,Credit Services,532.41,488662368256.0,16784000000.0,0.128,Purchase,NY,United States,33400.0,0.008616702442264
2024-03-20,MA,485.9979248046875,488.0400085449219,488.4500122070313,483.6400146484375,484.3200073242188,1691100.0,NYQ,Mastercard Incorporated,Mastercard Incorporated,Financial Services,Credit Services,532.41,488662368256.0,16784000000.0,0.128,Purchase,NY,United States,33400.0,0.008616702442264
2024-03-21,MA,486.5954284667969,488.6400146484375,490.0,483.3999938964844,488.5299987792969,2580300.0,NYQ,Mastercard Incorporated,Mastercard Incorporated,Financial Services,Credit Services,532.41,488662368256.0,16784000000.0,0.128,Purchase,NY,United States,33400.0,0.008616702442264
2024-03-22,MA,479.6546325683594,481.6700134277344,488.8900146484375,481.4599914550781,488.30999755859375,2277300.0,NYQ,Mastercard Incorporated,Mastercard Incorporated,Financial Services,Credit Services,532.41,488662368256.0,16784000000.0,0.128,Purchase,NY,United States,33400.0,0.008616702442264
2024-03-25,MA,474.0481872558594,476.0400085449219,482.3200073242188,474.4100036621094,481.6000061035156,2600300.0,NYQ,Mastercard Incorporated,Mastercard Incorporated,Financial Services,Credit Services,532.41,488662368256.0,16784000000.0,0.128,Purchase,NY,United States,33400.0,0.008616702442264
2024-03-26,MA,474.8049926757813,476.7999877929688,480.0,472.30999755859375,477.7200012207031,2515100.0,NYQ,Mastercard Incorporated,Mastercard Incorporated,Financial Services,Credit Services,532.41,488662368256.0,16784000000.0,0.128,Purchase,NY,United States,33400.0,0.008616702442264
2024-03-27,MA,475.9501953125,477.9500122070313,482.1600036621094,474.75,480.5,2309400.0,NYQ,Mastercard Incorporated,Mastercard Incorporated,Financial Services,Credit Services,532.41,488662368256.0,16784000000.0,0.128,Purchase,NY,United States,33400.0,0.008616702442264
2024-03-28,MA,479.5550231933594,481.5700073242188,482.4299926757813,477.2799987792969,477.9100036621094,2214500.0,NYQ,Mastercard Incorporated,Mastercard Incorporated,Financial Services,Credit Services,532.41,488662368256.0,16784000000.0,0.128,Purchase,NY,United States,33400.0,0.008616702442264
2024-04-01,MA,476.3982849121094,478.3999938964844,483.2799987792969,477.3299865722656,480.6600036621094,1648200.0,NYQ,Mastercard Incorporated,Mastercard Incorporated,Financial Services,Credit Services,532.41,488662368256.0,16784000000.0,0.128,Purchase,NY,United States,33400.0,0.008616702442264
2024-04-02,MA,477.4239501953125,479.4299926757813,480.4100036621094,476.2999877929688,476.9700012207031,3265100.0,NYQ,Mastercard Incorporated,Mastercard Incorporated,Financial Services,Credit Services,532.41,488662368256.0,16784000000.0,0.128,Purchase,NY,United States,33400.0,0.008616702442264
2024-04-03,MA,475.4224243164063,477.4200134277344,483.2999877929688,477.2099914550781,480.4400024414063,2265000.0,NYQ,Mastercard Incorporated,Mastercard Incorporated,Financial Services,Credit Services,532.41,488662368256.0,16784000000.0,0.128,Purchase,NY,United States,33400.0,0.008616702442264
2024-04-04,MA,467.8043518066406,469.7699890136719,481.9599914550781,469.0,479.9700012207031,2552600.0,NYQ,Mastercard Incorporated,Mastercard Incorporated,Financial Services,Credit Services,532.41,488662368256.0,16784000000.0,0.128,Purchase,NY,United States,33400.0,0.008616702442264
2024-04-05,MA,475.1535034179688,477.1499938964844,479.30999755859375,472.5299987792969,474.0,2462400.0,NYQ,Mastercard Incorporated,Mastercard Incorporated,Financial Services,Credit Services,532.41,488662368256.0,16784000000.0,0.128,Purchase,NY,United States,33400.0,0.008616702442264
2024-04-08,MA,477.5068664550781,478.8500061035156,479.6799926757813,474.2799987792969,476.3999938964844,1961800.0,NYQ,Mastercard Incorporated,Mastercard Incorporated,Financial Services,Credit Services,532.41,488662368256.0,16784000000.0,0.128,Purchase,NY,United States,33400.0,0.008616702442264
2024-04-09,MA,470.8356323242188,472.1600036621094,478.8900146484375,467.8299865722656,477.9700012207031,2218000.0,NYQ,Mastercard Incorporated,Mastercard Incorporated,Financial Services,Credit Services,532.41,488662368256.0,16784000000.0,0.128,Purchase,NY,United States,33400.0,0.008616702442264
2024-04-10,MA,467.8540649414063,469.1700134277344,474.3900146484375,468.8500061035156,470.1700134277344,2710500.0,NYQ,Mastercard Incorporated,Mastercard Incorporated,Financial Services,Credit Services,532.41,488662368256.0,16784000000.0,0.128,Purchase,NY,United States,33400.0,0.008616702442264
2024-04-11,MA,466.9964599609375,468.30999755859375,470.3500061035156,464.1900024414063,468.2799987792969,2299900.0,NYQ,Mastercard Incorporated,Mastercard Incorporated,Financial Services,Credit Services,532.41,488662368256.0,16784000000.0,0.128,Purchase,NY,United States,33400.0,0.008616702442264
2024-04-12,MA,464.07464599609375,465.3800048828125,469.5199890136719,462.1099853515625,466.0,2486300.0,NYQ,Mastercard Incorporated,Mastercard Incorporated,Financial Services,Credit Services,532.41,488662368256.0,16784000000.0,0.128,Purchase,NY,United States,33400.0,0.008616702442264
2024-04-15,MA,458.5003662109375,459.7900085449219,471.0,458.4299926757813,470.239990234375,2070500.0,NYQ,Mastercard Incorporated,Mastercard Incorporated,Financial Services,Credit Services,532.41,488662368256.0,16784000000.0,0.128,Purchase,NY,United States,33400.0,0.008616702442264
2024-04-16,MA,458.5302429199219,459.8200073242188,463.3800048828125,459.0,460.0,1787200.0,NYQ,Mastercard Incorporated,Mastercard Incorporated,Financial Services,Credit Services,532.41,488662368256.0,16784000000.0,0.128,Purchase,NY,United States,33400.0,0.008616702442264
2024-04-17,MA,458.8693237304688,460.1600036621094,463.4100036621094,458.1499938964844,462.7699890136719,1735000.0,NYQ,Mastercard Incorporated,Mastercard Incorporated,Financial Services,Credit Services,532.41,488662368256.0,16784000000.0,0.128,Purchase,NY,United States,33400.0,0.008616702442264
2024-04-18,MA,453.4246215820313,454.7000122070313,461.9100036621094,453.7999877929688,460.5,1998900.0,NYQ,Mastercard Incorporated,Mastercard Incorporated,Financial Services,Credit Services,532.41,488662368256.0,16784000000.0,0.128,Purchase,NY,United States,33400.0,0.008616702442264
2024-04-19,MA,454.1127014160156,455.3900146484375,459.8599853515625,452.5899963378906,458.8900146484375,2546300.0,NYQ,Mastercard Incorporated,Mastercard Incorporated,Financial Services,Credit Services,532.41,488662368256.0,16784000000.0,0.128,Purchase,NY,United States,33400.0,0.008616702442264
2024-04-22,MA,455.4688720703125,456.75,460.739990234375,455.1300048828125,457.5,2157400.0,NYQ,Mastercard Incorporated,Mastercard Incorporated,Financial Services,Credit Services,532.41,488662368256.0,16784000000.0,0.128,Purchase,NY,United States,33400.0,0.008616702442264
2024-04-23,MA,461.5218505859375,462.8200073242188,462.9800109863281,457.30999755859375,458.4800109863281,2029100.0,NYQ,Mastercard Incorporated,Mastercard Incorporated,Financial Services,Credit Services,532.41,488662368256.0,16784000000.0,0.128,Purchase,NY,United States,33400.0,0.008616702442264
2024-04-24,MA,461.2027587890625,462.5,468.1499938964844,460.3500061035156,465.2900085449219,4043100.0,NYQ,Mastercard Incorporated,Mastercard Incorporated,Financial Services,Credit Services,532.41,488662368256.0,16784000000.0,0.128,Purchase,NY,United States,33400.0,0.008616702442264
2024-04-25,MA,460.8138427734375,462.1099853515625,464.0,456.7200012207031,460.9400024414063,2006500.0,NYQ,Mastercard Incorporated,Mastercard Incorporated,Financial Services,Credit Services,532.41,488662368256.0,16784000000.0,0.128,Purchase,NY,United States,33400.0,0.008616702442264
2024-04-26,MA,461.12298583984375,462.4200134277344,464.8200073242188,460.9400024414063,462.9100036621094,1963300.0,NYQ,Mastercard Incorporated,Mastercard Incorporated,Financial Services,Credit Services,532.41,488662368256.0,16784000000.0,0.128,Purchase,NY,United States,33400.0,0.008616702442264
2024-04-29,MA,455.8179016113281,457.1000061035156,461.5899963378906,455.6799926757813,460.9500122070313,2120700.0,NYQ,Mastercard Incorporated,Mastercard Incorporated,Financial Services,Credit Services,532.41,488662368256.0,16784000000.0,0.128,Purchase,NY,United States,33400.0,0.008616702442264
2024-04-30,MA,449.9344482421875,451.2000122070313,457.7200012207031,450.8800048828125,456.260009765625,2698800.0,NYQ,Mastercard Incorporated,Mastercard Incorporated,Financial Services,Credit Services,532.41,488662368256.0,16784000000.0,0.128,Purchase,NY,United States,33400.0,0.008616702442264
2024-05-01,MA,440.830078125,442.0700073242188,448.9800109863281,438.3800048828125,445.7999877929688,4979100.0,NYQ,Mastercard Incorporated,Mastercard Incorporated,Financial Services,Credit Services,532.41,488662368256.0,16784000000.0,0.128,Purchase,NY,United States,33400.0,0.008616702442264
2024-05-02,MA,439.86279296875,441.1000061035156,444.6600036621094,438.0499877929688,443.0,3866500.0,NYQ,Mastercard Incorporated,Mastercard Incorporated,Financial Services,Credit Services,532.41,488662368256.0,16784000000.0,0.128,Purchase,NY,United States,33400.0,0.008616702442264
2024-05-03,MA,442.3358154296875,443.5799865722656,445.260009765625,436.8999938964844,444.9100036621094,3711500.0,NYQ,Mastercard Incorporated,Mastercard Incorporated,Financial Services,Credit Services,532.41,488662368256.0,16784000000.0,0.128,Purchase,NY,United States,33400.0,0.008616702442264
2024-05-06,MA,448.1095581054688,449.3699951171875,450.5,445.55999755859375,447.2300109863281,2536200.0,NYQ,Mastercard Incorporated,Mastercard Incorporated,Financial Services,Credit Services,532.41,488662368256.0,16784000000.0,0.128,Purchase,NY,United States,33400.0,0.008616702442264
2024-05-07,MA,451.7892150878906,453.05999755859375,453.2999877929688,447.5299987792969,451.760009765625,2345300.0,NYQ,Mastercard Incorporated,Mastercard Incorporated,Financial Services,Credit Services,532.41,488662368256.0,16784000000.0,0.128,Purchase,NY,United States,33400.0,0.008616702442264
2024-05-08,MA,453.4944152832031,454.7699890136719,455.1099853515625,449.9200134277344,454.0,2332400.0,NYQ,Mastercard Incorporated,Mastercard Incorporated,Financial Services,Credit Services,532.41,488662368256.0,16784000000.0,0.128,Purchase,NY,United States,33400.0,0.008616702442264
2024-05-09,MA,454.21240234375,455.489990234375,456.0299987792969,453.5499877929688,453.5499877929688,1970100.0,NYQ,Mastercard Incorporated,Mastercard Incorporated,Financial Services,Credit Services,532.41,488662368256.0,16784000000.0,0.128,Purchase,NY,United States,33400.0,0.008616702442264
2024-05-10,MA,455.6982421875,456.9800109863281,458.5799865722656,454.9800109863281,457.3299865722656,1729900.0,NYQ,Mastercard Incorporated,Mastercard Incorporated,Financial Services,Credit Services,532.41,488662368256.0,16784000000.0,0.128,Purchase,NY,United States,33400.0,0.008616702442264
2024-05-13,MA,456.4760437011719,457.760009765625,458.7200012207031,455.510009765625,456.9299926757813,2069300.0,NYQ,Mastercard Incorporated,Mastercard Incorporated,Financial Services,Credit Services,532.41,488662368256.0,16784000000.0,0.128,Purchase,NY,United States,33400.0,0.008616702442264
2024-05-14,MA,452.926025390625,454.2000122070313,458.9800109863281,449.2999877929688,457.9200134277344,2991000.0,NYQ,Mastercard Incorporated,Mastercard Incorporated,Financial Services,Credit Services,532.41,488662368256.0,16784000000.0,0.128,Purchase,NY,United States,33400.0,0.008616702442264
2024-05-15,MA,456.7153930664063,458.0,458.6000061035156,452.7900085449219,452.7900085449219,2437800.0,NYQ,Mastercard Incorporated,Mastercard Incorporated,Financial Services,Credit Services,532.41,488662368256.0,16784000000.0,0.128,Purchase,NY,United States,33400.0,0.008616702442264
2024-05-16,MA,457.5829162597656,458.8699951171875,464.9299926757813,458.8200073242188,460.0,2412200.0,NYQ,Mastercard Incorporated,Mastercard Incorporated,Financial Services,Credit Services,532.41,488662368256.0,16784000000.0,0.128,Purchase,NY,United States,33400.0,0.008616702442264
2024-05-17,MA,458.97900390625,460.2699890136719,461.6900024414063,458.1099853515625,460.4500122070313,1985900.0,NYQ,Mastercard Incorporated,Mastercard Incorporated,Financial Services,Credit Services,532.41,488662368256.0,16784000000.0,0.128,Purchase,NY,United States,33400.0,0.008616702442264
2024-05-20,MA,458.3706970214844,459.6600036621094,462.2200012207031,458.7799987792969,459.4800109863281,1397200.0,NYQ,Mastercard Incorporated,Mastercard Incorporated,Financial Services,Credit Services,532.41,488662368256.0,16784000000.0,0.128,Purchase,NY,United States,33400.0,0.008616702442264
2024-05-21,MA,457.8122863769531,459.1000061035156,460.3900146484375,455.6300048828125,457.9100036621094,2166000.0,NYQ,Mastercard Incorporated,Mastercard Incorporated,Financial Services,Credit Services,532.41,488662368256.0,16784000000.0,0.128,Purchase,NY,United States,33400.0,0.008616702442264
2024-05-22,MA,455.239501953125,456.5199890136719,462.5,455.1700134277344,458.8999938964844,1713700.0,NYQ,Mastercard Incorporated,Mastercard Incorporated,Financial Services,Credit Services,532.41,488662368256.0,16784000000.0,0.128,Purchase,NY,United States,33400.0,0.008616702442264
2024-05-23,MA,449.94439697265625,451.2099914550781,458.0499877929688,450.4400024414063,456.5199890136719,2084600.0,NYQ,Mastercard Incorporated,Mastercard Incorporated,Financial Services,Credit Services,532.41,488662368256.0,16784000000.0,0.128,Purchase,NY,United States,33400.0,0.008616702442264
2024-05-24,MA,449.91448974609375,451.1799926757813,454.4500122070313,450.3200073242188,452.510009765625,2162100.0,NYQ,Mastercard Incorporated,Mastercard Incorporated,Financial Services,Credit Services,532.41,488662368256.0,16784000000.0,0.128,Purchase,NY,United States,33400.0,0.008616702442264
2024-05-28,MA,443.8316040039063,445.0799865722656,450.6300048828125,442.3999938964844,450.0,2670800.0,NYQ,Mastercard Incorporated,Mastercard Incorporated,Financial Services,Credit Services,532.41,488662368256.0,16784000000.0,0.128,Purchase,NY,United States,33400.0,0.008616702442264
2024-05-29,MA,441.2289123535156,442.4700012207031,444.55999755859375,441.7999877929688,442.1099853515625,1876900.0,NYQ,Mastercard Incorporated,Mastercard Incorporated,Financial Services,Credit Services,532.41,488662368256.0,16784000000.0,0.128,Purchase,NY,United States,33400.0,0.008616702442264
2024-05-30,MA,440.8599548339844,442.1000061035156,444.1900024414063,440.6700134277344,442.2099914550781,2189900.0,NYQ,Mastercard Incorporated,Mastercard Incorporated,Financial Services,Credit Services,532.41,488662368256.0,16784000000.0,0.128,Purchase,NY,United States,33400.0,0.008616702442264
2024-05-31,MA,445.8160400390625,447.0700073242188,447.3399963378906,439.260009765625,442.6900024414063,3917100.0,NYQ,Mastercard Incorporated,Mastercard Incorporated,Financial Services,Credit Services,532.41,488662368256.0,16784000000.0,0.128,Purchase,NY,United States,33400.0,0.008616702442264
2024-06-03,MA,441.9468994140625,443.1900024414063,445.0,437.8900146484375,443.4800109863281,2123800.0,NYQ,Mastercard Incorporated,Mastercard Incorporated,Financial Services,Credit Services,532.41,488662368256.0,16784000000.0,0.128,Purchase,NY,United States,33400.0,0.008616702442264
2024-06-04,MA,443.5224609375,444.7699890136719,444.8800048828125,441.3200073242188,443.3599853515625,2096600.0,NYQ,Mastercard Incorporated,Mastercard Incorporated,Financial Services,Credit Services,532.41,488662368256.0,16784000000.0,0.128,Purchase,NY,United States,33400.0,0.008616702442264
2024-06-05,MA,445.40716552734375,446.6600036621094,447.5700073242188,442.30999755859375,446.7999877929688,2157000.0,NYQ,Mastercard Incorporated,Mastercard Incorporated,Financial Services,Credit Services,532.41,488662368256.0,16784000000.0,0.128,Purchase,NY,United States,33400.0,0.008616702442264
2024-06-06,MA,447.4215087890625,448.6799926757813,449.7799987792969,444.6300048828125,448.489990234375,1887100.0,NYQ,Mastercard Incorporated,Mastercard Incorporated,Financial Services,Credit Services,532.41,488662368256.0,16784000000.0,0.128,Purchase,NY,United States,33400.0,0.008616702442264
2024-06-07,MA,448.5284118652344,449.7900085449219,453.0,447.260009765625,449.4500122070313,1664700.0,NYQ,Mastercard Incorporated,Mastercard Incorporated,Financial Services,Credit Services,532.41,488662368256.0,16784000000.0,0.128,Purchase,NY,United States,33400.0,0.008616702442264
2024-06-10,MA,447.9898986816406,449.25,450.1700134277344,444.3699951171875,448.4200134277344,1954500.0,NYQ,Mastercard Incorporated,Mastercard Incorporated,Financial Services,Credit Services,532.41,488662368256.0,16784000000.0,0.128,Purchase,NY,United States,33400.0,0.008616702442264
2024-06-11,MA,447.7804870605469,449.0400085449219,449.25,445.1099853515625,447.8399963378906,1777300.0,NYQ,Mastercard Incorporated,Mastercard Incorporated,Financial Services,Credit Services,532.41,488662368256.0,16784000000.0,0.128,Purchase,NY,United States,33400.0,0.008616702442264
2024-06-12,MA,441.7574462890625,443.0,452.5,441.6000061035156,451.489990234375,2738900.0,NYQ,Mastercard Incorporated,Mastercard Incorporated,Financial Services,Credit Services,532.41,488662368256.0,16784000000.0,0.128,Purchase,NY,United States,33400.0,0.008616702442264
2024-06-13,MA,443.7518310546875,445.0,445.1499938964844,439.3200073242188,443.0,2916600.0,NYQ,Mastercard Incorporated,Mastercard Incorporated,Financial Services,Credit Services,532.41,488662368256.0,16784000000.0,0.128,Purchase,NY,United States,33400.0,0.008616702442264
2024-06-14,MA,443.38287353515625,444.6300048828125,444.9599914550781,441.2000122070313,443.3399963378906,2161500.0,NYQ,Mastercard Incorporated,Mastercard Incorporated,Financial Services,Credit Services,532.41,488662368256.0,16784000000.0,0.128,Purchase,NY,United States,33400.0,0.008616702442264
2024-06-17,MA,446.8530883789063,448.1099853515625,449.3399963378906,441.6799926757813,442.4299926757813,2351900.0,NYQ,Mastercard Incorporated,Mastercard Incorporated,Financial Services,Credit Services,532.41,488662368256.0,16784000000.0,0.128,Purchase,NY,United States,33400.0,0.008616702442264
2024-06-18,MA,448.8474731445313,450.1099853515625,451.2000122070313,446.7000122070313,447.05999755859375,2636500.0,NYQ,Mastercard Incorporated,Mastercard Incorporated,Financial Services,Credit Services,532.41,488662368256.0,16784000000.0,0.128,Purchase,NY,United States,33400.0,0.008616702442264
2024-06-20,MA,451.2407531738281,452.510009765625,454.4800109863281,448.3599853515625,451.05999755859375,3006800.0,NYQ,Mastercard Incorporated,Mastercard Incorporated,Financial Services,Credit Services,532.41,488662368256.0,16784000000.0,0.128,Purchase,NY,United States,33400.0,0.008616702442264
2024-06-21,MA,453.57421875,454.8500061035156,455.2999877929688,450.260009765625,452.1900024414063,5062400.0,NYQ,Mastercard Incorporated,Mastercard Incorporated,Financial Services,Credit Services,532.41,488662368256.0,16784000000.0,0.128,Purchase,NY,United States,33400.0,0.008616702442264
2024-06-24,MA,455.6782836914063,456.9599914550781,463.0700073242188,454.9299926757813,454.9299926757813,2597100.0,NYQ,Mastercard Incorporated,Mastercard Incorporated,Financial Services,Credit Services,532.41,488662368256.0,16784000000.0,0.128,Purchase,NY,United States,33400.0,0.008616702442264
2024-06-25,MA,454.3719482421875,455.6499938964844,460.30999755859375,453.7999877929688,458.4800109863281,2529600.0,NYQ,Mastercard Incorporated,Mastercard Incorporated,Financial Services,Credit Services,532.41,488662368256.0,16784000000.0,0.128,Purchase,NY,United States,33400.0,0.008616702442264
2024-06-26,MA,451.1111450195313,452.3800048828125,454.6799926757813,451.3900146484375,452.75,2451400.0,NYQ,Mastercard Incorporated,Mastercard Incorporated,Financial Services,Credit Services,532.41,488662368256.0,16784000000.0,0.128,Purchase,NY,United States,33400.0,0.008616702442264
2024-06-27,MA,441.5081481933594,442.75,448.7000122070313,442.0,448.5700073242188,3313800.0,NYQ,Mastercard Incorporated,Mastercard Incorporated,Financial Services,Credit Services,532.41,488662368256.0,16784000000.0,0.128,Purchase,NY,United States,33400.0,0.008616702442264
2024-06-28,MA,439.922607421875,441.1600036621094,448.2999877929688,438.7200012207031,444.6400146484375,4105000.0,NYQ,Mastercard Incorporated,Mastercard Incorporated,Financial Services,Credit Services,532.41,488662368256.0,16784000000.0,0.128,Purchase,NY,United States,33400.0,0.008616702442264
2024-07-01,MA,436.3825378417969,437.6099853515625,442.4700012207031,435.5499877929688,440.7999877929688,3149700.0,NYQ,Mastercard Incorporated,Mastercard Incorporated,Financial Services,Credit Services,532.41,488662368256.0,16784000000.0,0.128,Purchase,NY,United States,33400.0,0.008616702442264
2024-07-02,MA,443.4028015136719,444.6499938964844,444.760009765625,435.0,435.0,2061300.0,NYQ,Mastercard Incorporated,Mastercard Incorporated,Financial Services,Credit Services,532.41,488662368256.0,16784000000.0,0.128,Purchase,NY,United States,33400.0,0.008616702442264
2024-07-03,MA,446.92291259765625,448.1799926757813,449.2900085449219,444.2799987792969,445.3200073242188,3192400.0,NYQ,Mastercard Incorporated,Mastercard Incorporated,Financial Services,Credit Services,532.41,488662368256.0,16784000000.0,0.128,Purchase,NY,United States,33400.0,0.008616702442264
2024-07-05,MA,448.2292175292969,449.489990234375,449.9500122070313,444.2799987792969,447.1099853515625,2220700.0,NYQ,Mastercard Incorporated,Mastercard Incorporated,Financial Services,Credit Services,532.41,488662368256.0,16784000000.0,0.128,Purchase,NY,United States,33400.0,0.008616702442264
2024-07-08,MA,444.98834228515625,446.239990234375,450.6099853515625,445.0,449.2799987792969,1802700.0,NYQ,Mastercard Incorporated,Mastercard Incorporated,Financial Services,Credit Services,532.41,488662368256.0,16784000000.0,0.128,Purchase,NY,United States,33400.0,0.008616702442264
2024-07-09,MA,444.1095275878906,444.7000122070313,447.5799865722656,442.7900085449219,446.6499938964844,1608400.0,NYQ,Mastercard Incorporated,Mastercard Incorporated,Financial Services,Credit Services,532.41,488662368256.0,16784000000.0,0.128,Purchase,NY,United States,33400.0,0.008616702442264
2024-07-10,MA,433.064208984375,433.6400146484375,437.4100036621094,429.0499877929688,434.6099853515625,4760900.0,NYQ,Mastercard Incorporated,Mastercard Incorporated,Financial Services,Credit Services,532.41,488662368256.0,16784000000.0,0.128,Purchase,NY,United States,33400.0,0.008616702442264
2024-07-11,MA,435.8405151367188,436.4200134277344,437.7699890136719,430.1099853515625,432.0,4032600.0,NYQ,Mastercard Incorporated,Mastercard Incorporated,Financial Services,Credit Services,532.41,488662368256.0,16784000000.0,0.128,Purchase,NY,United States,33400.0,0.008616702442264
2024-07-12,MA,439.5256042480469,440.1099853515625,442.2300109863281,437.3200073242188,437.3999938964844,2645600.0,NYQ,Mastercard Incorporated,Mastercard Incorporated,Financial Services,Credit Services,532.41,488662368256.0,16784000000.0,0.128,Purchase,NY,United States,33400.0,0.008616702442264
2024-07-15,MA,443.4104614257813,444.0,444.3999938964844,438.739990234375,440.3299865722656,1727700.0,NYQ,Mastercard Incorporated,Mastercard Incorporated,Financial Services,Credit Services,532.41,488662368256.0,16784000000.0,0.128,Purchase,NY,United States,33400.0,0.008616702442264
2024-07-16,MA,442.9410705566406,443.5299987792969,447.1600036621094,439.7000122070313,446.9400024414063,2846600.0,NYQ,Mastercard Incorporated,Mastercard Incorporated,Financial Services,Credit Services,532.41,488662368256.0,16784000000.0,0.128,Purchase,NY,United States,33400.0,0.008616702442264
2024-07-17,MA,450.5609436035156,451.1600036621094,451.5199890136719,442.05999755859375,442.3999938964844,2925000.0,NYQ,Mastercard Incorporated,Mastercard Incorporated,Financial Services,Credit Services,532.41,488662368256.0,16784000000.0,0.128,Purchase,NY,United States,33400.0,0.008616702442264
2024-07-18,MA,448.1241760253906,448.7200012207031,455.4299926757813,447.4800109863281,448.75,3339900.0,NYQ,Mastercard Incorporated,Mastercard Incorporated,Financial Services,Credit Services,532.41,488662368256.0,16784000000.0,0.128,Purchase,NY,United States,33400.0,0.008616702442264
2024-07-19,MA,443.1008605957031,443.6900024414063,451.239990234375,443.5700073242188,451.2200012207031,2121700.0,NYQ,Mastercard Incorporated,Mastercard Incorporated,Financial Services,Credit Services,532.41,488662368256.0,16784000000.0,0.128,Purchase,NY,United States,33400.0,0.008616702442264
2024-07-22,MA,447.34521484375,447.9400024414063,448.8500061035156,443.25,445.4100036621094,2111700.0,NYQ,Mastercard Incorporated,Mastercard Incorporated,Financial Services,Credit Services,532.41,488662368256.0,16784000000.0,0.128,Purchase,NY,United States,33400.0,0.008616702442264
2024-07-23,MA,441.1334838867188,441.7200012207031,448.739990234375,441.1099853515625,448.0499877929688,2385500.0,NYQ,Mastercard Incorporated,Mastercard Incorporated,Financial Services,Credit Services,532.41,488662368256.0,16784000000.0,0.128,Purchase,NY,United States,33400.0,0.008616702442264
2024-07-24,MA,431.8757934570313,432.4500122070313,435.8599853515625,428.8599853515625,434.0,3764800.0,NYQ,Mastercard Incorporated,Mastercard Incorporated,Financial Services,Credit Services,532.41,488662368256.0,16784000000.0,0.128,Purchase,NY,United States,33400.0,0.008616702442264
2024-07-25,MA,429.0295715332031,429.6000061035156,437.7000122070313,429.55999755859375,433.9400024414063,2384300.0,NYQ,Mastercard Incorporated,Mastercard Incorporated,Financial Services,Credit Services,532.41,488662368256.0,16784000000.0,0.128,Purchase,NY,United States,33400.0,0.008616702442264
2024-07-26,MA,437.5981750488281,438.1799926757813,440.7799987792969,432.1099853515625,432.2799987792969,2039600.0,NYQ,Mastercard Incorporated,Mastercard Incorporated,Financial Services,Credit Services,532.41,488662368256.0,16784000000.0,0.128,Purchase,NY,United States,33400.0,0.008616702442264
2024-07-29,MA,440.7140197753906,441.2999877929688,442.9200134277344,435.4200134277344,438.7999877929688,2248600.0,NYQ,Mastercard Incorporated,Mastercard Incorporated,Financial Services,Credit Services,532.41,488662368256.0,16784000000.0,0.128,Purchase,NY,United States,33400.0,0.008616702442264
2024-07-30,MA,446.85589599609375,447.4500122070313,448.7300109863281,443.010009765625,443.7699890136719,2266900.0,NYQ,Mastercard Incorporated,Mastercard Incorporated,Financial Services,Credit Services,532.41,488662368256.0,16784000000.0,0.128,Purchase,NY,United States,33400.0,0.008616702442264
2024-07-31,MA,463.0942687988281,463.7099914550781,474.0,457.5400085449219,462.0,4313600.0,NYQ,Mastercard Incorporated,Mastercard Incorporated,Financial Services,Credit Services,532.41,488662368256.0,16784000000.0,0.128,Purchase,NY,United States,33400.0,0.008616702442264
2024-08-01,MA,461.7960205078125,462.4100036621094,467.5,459.1900024414063,465.4599914550781,2590100.0,NYQ,Mastercard Incorporated,Mastercard Incorporated,Financial Services,Credit Services,532.41,488662368256.0,16784000000.0,0.128,Purchase,NY,United States,33400.0,0.008616702442264
2024-08-02,MA,461.4065246582031,462.0199890136719,466.75,458.6099853515625,460.2200012207031,3808100.0,NYQ,Mastercard Incorporated,Mastercard Incorporated,Financial Services,Credit Services,532.41,488662368256.0,16784000000.0,0.128,Purchase,NY,United States,33400.0,0.008616702442264
2024-08-05,MA,441.4131164550781,442.0,461.2999877929688,439.5899963378906,455.0,4496700.0,NYQ,Mastercard Incorporated,Mastercard Incorporated,Financial Services,Credit Services,532.41,488662368256.0,16784000000.0,0.128,Purchase,NY,United States,33400.0,0.008616702442264
2024-08-06,MA,447.7047424316406,448.2999877929688,455.4500122070313,442.1099853515625,443.2200012207031,2758900.0,NYQ,Mastercard Incorporated,Mastercard Incorporated,Financial Services,Credit Services,532.41,488662368256.0,16784000000.0,0.128,Purchase,NY,United States,33400.0,0.008616702442264
2024-08-07,MA,449.2427062988281,449.8399963378906,456.9200134277344,449.0400085449219,450.5299987792969,2059800.0,NYQ,Mastercard Incorporated,Mastercard Incorporated,Financial Services,Credit Services,532.41,488662368256.0,16784000000.0,0.128,Purchase,NY,United States,33400.0,0.008616702442264
2024-08-08,MA,454.9750671386719,455.5799865722656,456.2699890136719,451.0299987792969,452.239990234375,1585400.0,NYQ,Mastercard Incorporated,Mastercard Incorporated,Financial Services,Credit Services,532.41,488662368256.0,16784000000.0,0.128,Purchase,NY,United States,33400.0,0.008616702442264
2024-08-09,MA,456.1734924316406,456.7799987792969,458.7999877929688,453.4599914550781,455.5799865722656,1760200.0,NYQ,Mastercard Incorporated,Mastercard Incorporated,Financial Services,Credit Services,532.41,488662368256.0,16784000000.0,0.128,Purchase,NY,United States,33400.0,0.008616702442264
2024-08-12,MA,455.0849304199219,455.6900024414063,458.4599914550781,453.8900146484375,457.7699890136719,1760000.0,NYQ,Mastercard Incorporated,Mastercard Incorporated,Financial Services,Credit Services,532.41,488662368256.0,16784000000.0,0.128,Purchase,NY,United States,33400.0,0.008616702442264
2024-08-13,MA,458.7500305175781,459.3599853515625,459.6400146484375,454.8900146484375,458.1400146484375,1816100.0,NYQ,Mastercard Incorporated,Mastercard Incorporated,Financial Services,Credit Services,532.41,488662368256.0,16784000000.0,0.128,Purchase,NY,United States,33400.0,0.008616702442264
2024-08-14,MA,459.5490112304688,460.1600036621094,460.5400085449219,456.0700073242188,459.260009765625,1654100.0,NYQ,Mastercard Incorporated,Mastercard Incorporated,Financial Services,Credit Services,532.41,488662368256.0,16784000000.0,0.128,Purchase,NY,United States,33400.0,0.008616702442264
2024-08-15,MA,468.087646484375,468.7099914550781,469.0,464.0,465.1000061035156,2130500.0,NYQ,Mastercard Incorporated,Mastercard Incorporated,Financial Services,Credit Services,532.41,488662368256.0,16784000000.0,0.128,Purchase,NY,United States,33400.0,0.008616702442264
2024-08-16,MA,468.2574157714844,468.8800048828125,470.260009765625,466.0400085449219,468.0,1921900.0,NYQ,Mastercard Incorporated,Mastercard Incorporated,Financial Services,Credit Services,532.41,488662368256.0,16784000000.0,0.128,Purchase,NY,United States,33400.0,0.008616702442264
2024-08-19,MA,466.3599548339844,466.9800109863281,470.1499938964844,465.5199890136719,469.0,1690800.0,NYQ,Mastercard Incorporated,Mastercard Incorporated,Financial Services,Credit Services,532.41,488662368256.0,16784000000.0,0.128,Purchase,NY,United States,33400.0,0.008616702442264
2024-08-20,MA,468.4971008300781,469.1199951171875,469.6700134277344,465.510009765625,468.1300048828125,1763300.0,NYQ,Mastercard Incorporated,Mastercard Incorporated,Financial Services,Credit Services,532.41,488662368256.0,16784000000.0,0.128,Purchase,NY,United States,33400.0,0.008616702442264
2024-08-21,MA,467.3785705566406,468.0,469.0899963378906,464.5199890136719,468.5400085449219,2105900.0,NYQ,Mastercard Incorporated,Mastercard Incorporated,Financial Services,Credit Services,532.41,488662368256.0,16784000000.0,0.128,Purchase,NY,United States,33400.0,0.008616702442264
2024-08-22,MA,468.197509765625,468.8200073242188,470.9100036621094,466.7000122070313,469.489990234375,1538200.0,NYQ,Mastercard Incorporated,Mastercard Incorporated,Financial Services,Credit Services,532.41,488662368256.0,16784000000.0,0.128,Purchase,NY,United States,33400.0,0.008616702442264
2024-08-23,MA,465.8206481933594,466.4400024414063,470.3399963378906,461.8999938964844,470.2999877929688,1986300.0,NYQ,Mastercard Incorporated,Mastercard Incorporated,Financial Services,Credit Services,532.41,488662368256.0,16784000000.0,0.128,Purchase,NY,United States,33400.0,0.008616702442264
2024-08-26,MA,468.0177612304688,468.6400146484375,470.5299987792969,467.0,468.1000061035156,1434400.0,NYQ,Mastercard Incorporated,Mastercard Incorporated,Financial Services,Credit Services,532.41,488662368256.0,16784000000.0,0.128,Purchase,NY,United States,33400.0,0.008616702442264
2024-08-27,MA,474.3592834472656,474.989990234375,475.5,468.2200012207031,471.0799865722656,1635900.0,NYQ,Mastercard Incorporated,Mastercard Incorporated,Financial Services,Credit Services,532.41,488662368256.0,16784000000.0,0.128,Purchase,NY,United States,33400.0,0.008616702442264
2024-08-28,MA,471.1735229492188,471.7999877929688,476.4100036621094,468.8699951171875,475.0,1445300.0,NYQ,Mastercard Incorporated,Mastercard Incorporated,Financial Services,Credit Services,532.41,488662368256.0,16784000000.0,0.128,Purchase,NY,United States,33400.0,0.008616702442264
2024-08-29,MA,480.1615905761719,480.7999877929688,481.9200134277344,474.4700012207031,474.4700012207031,1893400.0,NYQ,Mastercard Incorporated,Mastercard Incorporated,Financial Services,Credit Services,532.41,488662368256.0,16784000000.0,0.128,Purchase,NY,United States,33400.0,0.008616702442264
2024-08-30,MA,482.6982116699219,483.3399963378906,485.739990234375,479.6499938964844,481.8399963378906,2982100.0,NYQ,Mastercard Incorporated,Mastercard Incorporated,Financial Services,Credit Services,532.41,488662368256.0,16784000000.0,0.128,Purchase,NY,United States,33400.0,0.008616702442264
2024-09-03,MA,481.4798278808594,482.1199951171875,486.6900024414063,480.0400085449219,482.4700012207031,2063700.0,NYQ,Mastercard Incorporated,Mastercard Incorporated,Financial Services,Credit Services,532.41,488662368256.0,16784000000.0,0.128,Purchase,NY,United States,33400.0,0.008616702442264
2024-09-04,MA,482.4985046386719,483.1400146484375,486.1700134277344,481.1799926757813,482.0899963378906,2156300.0,NYQ,Mastercard Incorporated,Mastercard Incorporated,Financial Services,Credit Services,532.41,488662368256.0,16784000000.0,0.128,Purchase,NY,United States,33400.0,0.008616702442264
2024-09-05,MA,476.7261352539063,477.3599853515625,484.1600036621094,473.1099853515625,483.1400146484375,2293500.0,NYQ,Mastercard Incorporated,Mastercard Incorporated,Financial Services,Credit Services,532.41,488662368256.0,16784000000.0,0.128,Purchase,NY,United States,33400.0,0.008616702442264
2024-09-06,MA,475.48779296875,476.1199951171875,480.4400024414063,474.7099914550781,477.1099853515625,2116200.0,NYQ,Mastercard Incorporated,Mastercard Incorporated,Financial Services,Credit Services,532.41,488662368256.0,16784000000.0,0.128,Purchase,NY,United States,33400.0,0.008616702442264
2024-09-09,MA,486.4432373046875,487.0899963378906,489.2099914550781,479.5700073242188,480.5,2343600.0,NYQ,Mastercard Incorporated,Mastercard Incorporated,Financial Services,Credit Services,532.41,488662368256.0,16784000000.0,0.128,Purchase,NY,United States,33400.0,0.008616702442264
2024-09-10,MA,487.3719787597656,488.0199890136719,488.3299865722656,482.3299865722656,487.1000061035156,2234100.0,NYQ,Mastercard Incorporated,Mastercard Incorporated,Financial Services,Credit Services,532.41,488662368256.0,16784000000.0,0.128,Purchase,NY,United States,33400.0,0.008616702442264
2024-09-11,MA,487.5317687988281,488.1799926757813,489.1099853515625,477.8399963378906,486.5199890136719,2480000.0,NYQ,Mastercard Incorporated,Mastercard Incorporated,Financial Services,Credit Services,532.41,488662368256.0,16784000000.0,0.128,Purchase,NY,United States,33400.0,0.008616702442264
2024-09-12,MA,491.45654296875,492.1099853515625,492.8800048828125,483.0,486.9500122070313,2299500.0,NYQ,Mastercard Incorporated,Mastercard Incorporated,Financial Services,Credit Services,532.41,488662368256.0,16784000000.0,0.128,Purchase,NY,United States,33400.0,0.008616702442264
2024-09-13,MA,492.7048950195313,493.3599853515625,496.8500061035156,491.4500122070313,493.1000061035156,2204700.0,NYQ,Mastercard Incorporated,Mastercard Incorporated,Financial Services,Credit Services,532.41,488662368256.0,16784000000.0,0.128,Purchase,NY,United States,33400.0,0.008616702442264
2024-09-16,MA,497.0491333007813,497.7099914550781,498.3200073242188,493.3900146484375,495.2999877929688,1589200.0,NYQ,Mastercard Incorporated,Mastercard Incorporated,Financial Services,Credit Services,532.41,488662368256.0,16784000000.0,0.128,Purchase,NY,United States,33400.0,0.008616702442264
2024-09-17,MA,500.3247680664063,500.989990234375,501.739990234375,497.8500061035156,498.6000061035156,2202800.0,NYQ,Mastercard Incorporated,Mastercard Incorporated,Financial Services,Credit Services,532.41,488662368256.0,16784000000.0,0.128,Purchase,NY,United States,33400.0,0.008616702442264
2024-09-18,MA,494.1030578613281,494.760009765625,501.7999877929688,494.0400085449219,501.2799987792969,2193800.0,NYQ,Mastercard Incorporated,Mastercard Incorporated,Financial Services,Credit Services,532.41,488662368256.0,16784000000.0,0.128,Purchase,NY,United States,33400.0,0.008616702442264
2024-09-19,MA,492.3553771972656,493.010009765625,501.1300048828125,486.25,500.0,3517200.0,NYQ,Mastercard Incorporated,Mastercard Incorporated,Financial Services,Credit Services,532.41,488662368256.0,16784000000.0,0.128,Purchase,NY,United States,33400.0,0.008616702442264
2024-09-20,MA,492.0857238769531,492.739990234375,493.5299987792969,487.739990234375,489.6499938964844,3470200.0,NYQ,Mastercard Incorporated,Mastercard Incorporated,Financial Services,Credit Services,532.41,488662368256.0,16784000000.0,0.128,Purchase,NY,United States,33400.0,0.008616702442264
2024-09-23,MA,496.47991943359375,497.1400146484375,497.6900024414063,491.2999877929688,493.1600036621094,2191300.0,NYQ,Mastercard Incorporated,Mastercard Incorporated,Financial Services,Credit Services,532.41,488662368256.0,16784000000.0,0.128,Purchase,NY,United States,33400.0,0.008616702442264
2024-09-24,MA,486.7628173828125,487.4100036621094,493.25,484.4200134277344,492.6799926757813,4143700.0,NYQ,Mastercard Incorporated,Mastercard Incorporated,Financial Services,Credit Services,532.41,488662368256.0,16784000000.0,0.128,Purchase,NY,United States,33400.0,0.008616702442264
2024-09-25,MA,488.8001098632813,489.4500122070313,489.8999938964844,483.5400085449219,484.760009765625,3483200.0,NYQ,Mastercard Incorporated,Mastercard Incorporated,Financial Services,Credit Services,532.41,488662368256.0,16784000000.0,0.128,Purchase,NY,United States,33400.0,0.008616702442264
2024-09-26,MA,490.61767578125,491.2699890136719,493.6300048828125,489.0,491.0,3073700.0,NYQ,Mastercard Incorporated,Mastercard Incorporated,Financial Services,Credit Services,532.41,488662368256.0,16784000000.0,0.128,Purchase,NY,United States,33400.0,0.008616702442264
2024-09-27,MA,492.9845581054688,493.6400146484375,496.0,490.3900146484375,491.0299987792969,2177200.0,NYQ,Mastercard Incorporated,Mastercard Incorporated,Financial Services,Credit Services,532.41,488662368256.0,16784000000.0,0.128,Purchase,NY,United States,33400.0,0.008616702442264
2024-09-30,MA,493.1443176269531,493.7999877929688,494.989990234375,490.1099853515625,491.7799987792969,2862400.0,NYQ,Mastercard Incorporated,Mastercard Incorporated,Financial Services,Credit Services,532.41,488662368256.0,16784000000.0,0.128,Purchase,NY,United States,33400.0,0.008616702442264
2024-10-01,MA,495.7209167480469,496.3800048828125,498.0299987792969,493.1099853515625,497.260009765625,3748100.0,NYQ,Mastercard Incorporated,Mastercard Incorporated,Financial Services,Credit Services,532.41,488662368256.0,16784000000.0,0.128,Purchase,NY,United States,33400.0,0.008616702442264
2024-10-02,MA,494.9119873046875,495.5700073242188,495.9100036621094,489.6799926757813,492.9400024414063,1736500.0,NYQ,Mastercard Incorporated,Mastercard Incorporated,Financial Services,Credit Services,532.41,488662368256.0,16784000000.0,0.128,Purchase,NY,United States,33400.0,0.008616702442264
2024-10-03,MA,494.3127746582031,494.9700012207031,497.0899963378906,493.0,495.5499877929688,1382200.0,NYQ,Mastercard Incorporated,Mastercard Incorporated,Financial Services,Credit Services,532.41,488662368256.0,16784000000.0,0.128,Purchase,NY,United States,33400.0,0.008616702442264
2024-10-04,MA,497.0391540527344,497.7000122070313,499.0499877929688,492.4700012207031,495.55999755859375,1935600.0,NYQ,Mastercard Incorporated,Mastercard Incorporated,Financial Services,Credit Services,532.41,488662368256.0,16784000000.0,0.128,Purchase,NY,United States,33400.0,0.008616702442264
2024-10-07,MA,490.6476440429688,491.2999877929688,498.5299987792969,490.75,497.3299865722656,1990500.0,NYQ,Mastercard Incorporated,Mastercard Incorporated,Financial Services,Credit Services,532.41,488662368256.0,16784000000.0,0.128,Purchase,NY,United States,33400.0,0.008616702442264
2024-10-08,MA,496.3999938964844,497.05999755859375,497.5299987792969,491.5299987792969,492.5,1750100.0,NYQ,Mastercard Incorporated,Mastercard Incorporated,Financial Services,Credit Services,532.41,488662368256.0,16784000000.0,0.128,Purchase,NY,United States,33400.0,0.008616702442264
2024-10-09,MA,499.9500122070313,499.9500122070313,500.75,495.5899963378906,498.3800048828125,1707500.0,NYQ,Mastercard Incorporated,Mastercard Incorporated,Financial Services,Credit Services,532.41,488662368256.0,16784000000.0,0.128,Purchase,NY,United States,33400.0,0.008616702442264
2024-10-10,MA,498.0199890136719,498.0199890136719,500.7200012207031,495.8399963378906,500.0,1491000.0,NYQ,Mastercard Incorporated,Mastercard Incorporated,Financial Services,Credit Services,532.41,488662368256.0,16784000000.0,0.128,Purchase,NY,United States,33400.0,0.008616702442264
2024-10-11,MA,502.260009765625,502.260009765625,502.9200134277344,496.4700012207031,496.510009765625,1919900.0,NYQ,Mastercard Incorporated,Mastercard Incorporated,Financial Services,Credit Services,532.41,488662368256.0,16784000000.0,0.128,Purchase,NY,United States,33400.0,0.008616702442264
2024-10-14,MA,506.6600036621094,506.6600036621094,508.7900085449219,502.0499877929688,504.3599853515625,2127000.0,NYQ,Mastercard Incorporated,Mastercard Incorporated,Financial Services,Credit Services,532.41,488662368256.0,16784000000.0,0.128,Purchase,NY,United States,33400.0,0.008616702442264
2024-10-15,MA,507.2300109863281,507.2300109863281,509.8800048828125,504.0,505.6199951171875,2885900.0,NYQ,Mastercard Incorporated,Mastercard Incorporated,Financial Services,Credit Services,532.41,488662368256.0,16784000000.0,0.128,Purchase,NY,United States,33400.0,0.008616702442264
2024-10-16,MA,514.0700073242188,514.0700073242188,515.4000244140625,506.0,506.3500061035156,2956700.0,NYQ,Mastercard Incorporated,Mastercard Incorporated,Financial Services,Credit Services,532.41,488662368256.0,16784000000.0,0.128,Purchase,NY,United States,33400.0,0.008616702442264
2024-10-17,MA,513.760009765625,513.760009765625,517.0399780273438,511.5199890136719,516.2899780273438,2227400.0,NYQ,Mastercard Incorporated,Mastercard Incorporated,Financial Services,Credit Services,532.41,488662368256.0,16784000000.0,0.128,Purchase,NY,United States,33400.0,0.008616702442264
2024-10-18,MA,516.3400268554688,516.3400268554688,518.0,512.5800170898438,514.5399780273438,2604600.0,NYQ,Mastercard Incorporated,Mastercard Incorporated,Financial Services,Credit Services,532.41,488662368256.0,16784000000.0,0.128,Purchase,NY,United States,33400.0,0.008616702442264
2024-10-21,MA,515.010009765625,515.010009765625,518.8200073242188,513.9400024414062,516.989990234375,2217500.0,NYQ,Mastercard Incorporated,Mastercard Incorporated,Financial Services,Credit Services,532.41,488662368256.0,16784000000.0,0.128,Purchase,NY,United States,33400.0,0.008616702442264
2024-10-22,MA,513.02001953125,513.02001953125,514.5499877929688,510.5,511.1499938964844,1855800.0,NYQ,Mastercard Incorporated,Mastercard Incorporated,Financial Services,Credit Services,532.41,488662368256.0,16784000000.0,0.128,Purchase,NY,United States,33400.0,0.008616702442264
2024-10-23,MA,513.72998046875,513.72998046875,514.719970703125,511.8999938964844,512.6599731445312,1759700.0,NYQ,Mastercard Incorporated,Mastercard Incorporated,Financial Services,Credit Services,532.41,488662368256.0,16784000000.0,0.128,Purchase,NY,United States,33400.0,0.008616702442264
2024-10-24,MA,510.6199951171875,510.6199951171875,513.3400268554688,509.4599914550781,511.8999938964844,1911900.0,NYQ,Mastercard Incorporated,Mastercard Incorporated,Financial Services,Credit Services,532.41,488662368256.0,16784000000.0,0.128,Purchase,NY,United States,33400.0,0.008616702442264
2024-10-25,MA,507.3599853515625,507.3599853515625,514.72998046875,505.6199951171875,512.5,1582200.0,NYQ,Mastercard Incorporated,Mastercard Incorporated,Financial Services,Credit Services,532.41,488662368256.0,16784000000.0,0.128,Purchase,NY,United States,33400.0,0.008616702442264
2024-10-28,MA,508.2099914550781,508.2099914550781,510.8599853515625,506.1400146484375,507.3999938964844,2186400.0,NYQ,Mastercard Incorporated,Mastercard Incorporated,Financial Services,Credit Services,532.41,488662368256.0,16784000000.0,0.128,Purchase,NY,United States,33400.0,0.008616702442264
2024-10-29,MA,506.2799987792969,506.2799987792969,511.3900146484375,505.7000122070313,507.5400085449219,2066300.0,NYQ,Mastercard Incorporated,Mastercard Incorporated,Financial Services,Credit Services,532.41,488662368256.0,16784000000.0,0.128,Purchase,NY,United States,33400.0,0.008616702442264
2024-10-30,MA,513.6900024414062,513.6900024414062,516.4500122070312,507.0,512.52001953125,3121000.0,NYQ,Mastercard Incorporated,Mastercard Incorporated,Financial Services,Credit Services,532.41,488662368256.0,16784000000.0,0.128,Purchase,NY,United States,33400.0,0.008616702442264
2024-10-31,MA,499.5899963378906,499.5899963378906,527.9000244140625,499.0299987792969,521.25,5523300.0,NYQ,Mastercard Incorporated,Mastercard Incorporated,Financial Services,Credit Services,532.41,488662368256.0,16784000000.0,0.128,Purchase,NY,United States,33400.0,0.008616702442264
2024-11-01,MA,508.0799865722656,508.0799865722656,510.5499877929688,498.5299987792969,500.4400024414063,3753700.0,NYQ,Mastercard Incorporated,Mastercard Incorporated,Financial Services,Credit Services,532.41,488662368256.0,16784000000.0,0.128,Purchase,NY,United States,33400.0,0.008616702442264
2024-11-04,MA,505.5799865722656,505.5799865722656,510.0,503.0299987792969,509.1400146484375,2165100.0,NYQ,Mastercard Incorporated,Mastercard Incorporated,Financial Services,Credit Services,532.41,488662368256.0,16784000000.0,0.128,Purchase,NY,United States,33400.0,0.008616702442264
2024-11-05,MA,505.55999755859375,505.55999755859375,508.1499938964844,503.6099853515625,505.5799865722656,2132900.0,NYQ,Mastercard Incorporated,Mastercard Incorporated,Financial Services,Credit Services,532.41,488662368256.0,16784000000.0,0.128,Purchase,NY,United States,33400.0,0.008616702442264
2024-11-06,MA,521.1300048828125,521.1300048828125,523.0,515.9400024414062,520.8599853515625,3673700.0,NYQ,Mastercard Incorporated,Mastercard Incorporated,Financial Services,Credit Services,532.41,488662368256.0,16784000000.0,0.128,Purchase,NY,United States,33400.0,0.008616702442264
2024-11-07,MA,517.8800048828125,517.8800048828125,524.030029296875,516.5900268554688,523.989990234375,2382300.0,NYQ,Mastercard Incorporated,Mastercard Incorporated,Financial Services,Credit Services,532.41,488662368256.0,16784000000.0,0.128,Purchase,NY,United States,33400.0,0.008616702442264
2024-11-08,MA,524.760009765625,524.760009765625,528.8400268554688,519.530029296875,520.3400268554688,2215600.0,NYQ,Mastercard Incorporated,Mastercard Incorporated,Financial Services,Credit Services,532.41,488662368256.0,16784000000.0,0.128,Purchase,NY,United States,33400.0,0.008616702442264
2024-11-11,MA,530.1199951171875,530.1199951171875,534.030029296875,528.52001953125,528.8499755859375,2213400.0,NYQ,Mastercard Incorporated,Mastercard Incorporated,Financial Services,Credit Services,532.41,488662368256.0,16784000000.0,0.128,Purchase,NY,United States,33400.0,0.008616702442264
2024-11-12,MA,529.1699829101562,529.1699829101562,530.9000244140625,527.2999877929688,529.0999755859375,2577600.0,NYQ,Mastercard Incorporated,Mastercard Incorporated,Financial Services,Credit Services,532.41,488662368256.0,16784000000.0,0.128,Purchase,NY,United States,33400.0,0.008616702442264
2024-11-13,MA,521.8800048828125,521.8800048828125,530.5,516.4199829101562,530.010009765625,2681500.0,NYQ,Mastercard Incorporated,Mastercard Incorporated,Financial Services,Credit Services,532.41,488662368256.0,16784000000.0,0.128,Purchase,NY,United States,33400.0,0.008616702442264
2024-11-14,MA,520.4000244140625,520.4000244140625,522.3599853515625,517.6500244140625,520.6199951171875,2480400.0,NYQ,Mastercard Incorporated,Mastercard Incorporated,Financial Services,Credit Services,532.41,488662368256.0,16784000000.0,0.128,Purchase,NY,United States,33400.0,0.008616702442264
2024-11-15,MA,521.8900146484375,521.8900146484375,523.3900146484375,518.0,518.530029296875,2408100.0,NYQ,Mastercard Incorporated,Mastercard Incorporated,Financial Services,Credit Services,532.41,488662368256.0,16784000000.0,0.128,Purchase,NY,United States,33400.0,0.008616702442264
2024-11-18,MA,521.6300048828125,521.6300048828125,523.489990234375,517.0,518.5900268554688,2493400.0,NYQ,Mastercard Incorporated,Mastercard Incorporated,Financial Services,Credit Services,532.41,488662368256.0,16784000000.0,0.128,Purchase,NY,United States,33400.0,0.008616702442264
2024-11-19,MA,519.4600219726562,519.4600219726562,522.6500244140625,516.760009765625,518.780029296875,2716000.0,NYQ,Mastercard Incorporated,Mastercard Incorporated,Financial Services,Credit Services,532.41,488662368256.0,16784000000.0,0.128,Purchase,NY,United States,33400.0,0.008616702442264
2024-11-20,MA,512.5399780273438,512.5399780273438,522.5,511.0,521.530029296875,2409400.0,NYQ,Mastercard Incorporated,Mastercard Incorporated,Financial Services,Credit Services,532.41,488662368256.0,16784000000.0,0.128,Purchase,NY,United States,33400.0,0.008616702442264
2024-11-21,MA,515.0999755859375,515.0999755859375,520.1199951171875,511.5799865722656,513.22998046875,3077300.0,NYQ,Mastercard Incorporated,Mastercard Incorporated,Financial Services,Credit Services,532.41,488662368256.0,16784000000.0,0.128,Purchase,NY,United States,33400.0,0.008616702442264
2024-11-22,MA,520.8599853515625,520.8599853515625,521.7100219726562,516.1799926757812,516.9299926757812,3130400.0,NYQ,Mastercard Incorporated,Mastercard Incorporated,Financial Services,Credit Services,532.41,488662368256.0,16784000000.0,0.128,Purchase,NY,United States,33400.0,0.008616702442264
2024-11-25,MA,526.5999755859375,526.5999755859375,528.25,521.02001953125,521.6400146484375,4503900.0,NYQ,Mastercard Incorporated,Mastercard Incorporated,Financial Services,Credit Services,532.41,488662368256.0,16784000000.0,0.128,Purchase,NY,United States,33400.0,0.008616702442264
2024-11-26,MA,528.47998046875,528.47998046875,530.6500244140625,525.0599975585938,527.9000244140625,2326800.0,NYQ,Mastercard Incorporated,Mastercard Incorporated,Financial Services,Credit Services,532.41,488662368256.0,16784000000.0,0.128,Purchase,NY,United States,33400.0,0.008616702442264
2024-11-27,MA,532.3800048828125,532.3800048828125,533.6199951171875,526.5800170898438,529.0499877929688,2086300.0,NYQ,Mastercard Incorporated,Mastercard Incorporated,Financial Services,Credit Services,532.41,488662368256.0,16784000000.0,0.128,Purchase,NY,United States,33400.0,0.008616702442264
2024-11-29,MA,532.9400024414062,532.9400024414062,535.77001953125,530.030029296875,533.010009765625,1760600.0,NYQ,Mastercard Incorporated,Mastercard Incorporated,Financial Services,Credit Services,532.41,488662368256.0,16784000000.0,0.128,Purchase,NY,United States,33400.0,0.008616702442264
2024-12-02,MA,531.3599853515625,531.3599853515625,534.8200073242188,526.22998046875,532.9299926757812,2355100.0,NYQ,Mastercard Incorporated,Mastercard Incorporated,Financial Services,Credit Services,532.41,488662368256.0,16784000000.0,0.128,Purchase,NY,United States,33400.0,0.008616702442264
2024-12-03,MA,526.1799926757812,526.1799926757812,534.8200073242188,525.9600219726562,534.6699829101562,2319400.0,NYQ,Mastercard Incorporated,Mastercard Incorporated,Financial Services,Credit Services,532.41,488662368256.0,16784000000.0,0.128,Purchase,NY,United States,33400.0,0.008616702442264
2024-12-04,MA,521.1400146484375,521.1400146484375,526.280029296875,518.1699829101562,523.6400146484375,2630000.0,NYQ,Mastercard Incorporated,Mastercard Incorporated,Financial Services,Credit Services,532.41,488662368256.0,16784000000.0,0.128,Purchase,NY,United States,33400.0,0.008616702442264
2024-12-05,MA,524.77001953125,524.77001953125,527.469970703125,522.1699829101562,524.5999755859375,2538600.0,NYQ,Mastercard Incorporated,Mastercard Incorporated,Financial Services,Credit Services,532.41,488662368256.0,16784000000.0,0.128,Purchase,NY,United States,33400.0,0.008616702442264
2024-12-06,MA,528.5700073242188,528.5700073242188,531.0,522.5,522.9299926757812,2122700.0,NYQ,Mastercard Incorporated,Mastercard Incorporated,Financial Services,Credit Services,532.41,488662368256.0,16784000000.0,0.128,Purchase,NY,United States,33400.0,0.008616702442264
2024-12-09,MA,522.8200073242188,522.8200073242188,531.5900268554688,521.8800048828125,529.02001953125,2942000.0,NYQ,Mastercard Incorporated,Mastercard Incorporated,Financial Services,Credit Services,532.41,488662368256.0,16784000000.0,0.128,Purchase,NY,United States,33400.0,0.008616702442264
2024-12-10,MA,529.010009765625,529.010009765625,529.6599731445312,520.219970703125,522.510009765625,2003200.0,NYQ,Mastercard Incorporated,Mastercard Incorporated,Financial Services,Credit Services,532.41,488662368256.0,16784000000.0,0.128,Purchase,NY,United States,33400.0,0.008616702442264
2024-12-11,MA,534.4500122070312,534.4500122070312,535.8900146484375,527.27001953125,529.1900024414062,2181100.0,NYQ,Mastercard Incorporated,Mastercard Incorporated,Financial Services,Credit Services,532.41,488662368256.0,16784000000.0,0.128,Purchase,NY,United States,33400.0,0.008616702442264
2024-12-12,MA,532.4099731445312,532.4099731445312,536.75,531.969970703125,536.2899780273438,1345826.0,NYQ,Mastercard Incorporated,Mastercard Incorporated,Financial Services,Credit Services,532.41,488662368256.0,16784000000.0,0.128,Purchase,NY,United States,33400.0,0.008616702442264
2024-01-02,ORCL,102.8028335571289,104.05999755859376,104.68000030517578,102.44000244140624,104.5199966430664,9597500.0,NYQ,Oracle Corporation,Oracle Corporation,Technology,Software - Infrastructure,175.32,490363060224.0,21802999808.0,0.069,Austin,TX,United States,159000.0,0.0086466911575532
2024-01-03,ORCL,101.22216033935548,102.45999908447266,103.37999725341795,101.73999786376952,103.3000030517578,9455600.0,NYQ,Oracle Corporation,Oracle Corporation,Technology,Software - Infrastructure,175.32,490363060224.0,21802999808.0,0.069,Austin,TX,United States,159000.0,0.0086466911575532
2024-01-04,ORCL,101.3505859375,102.58999633789062,103.36000061035156,102.4000015258789,102.7699966430664,6822300.0,NYQ,Oracle Corporation,Oracle Corporation,Technology,Software - Infrastructure,175.32,490363060224.0,21802999808.0,0.069,Austin,TX,United States,159000.0,0.0086466911575532
2024-01-05,ORCL,101.48889923095705,102.7300033569336,103.72000122070312,102.29000091552734,102.52999877929688,6131500.0,NYQ,Oracle Corporation,Oracle Corporation,Technology,Software - Infrastructure,175.32,490363060224.0,21802999808.0,0.069,Austin,TX,United States,159000.0,0.0086466911575532
2024-01-08,ORCL,103.39558410644533,104.66000366210938,104.7699966430664,102.12999725341795,102.94000244140624,7038700.0,NYQ,Oracle Corporation,Oracle Corporation,Technology,Software - Infrastructure,175.32,490363060224.0,21802999808.0,0.069,Austin,TX,United States,159000.0,0.0086466911575532
2024-01-09,ORCL,102.37802124023438,103.62999725341795,104.4800033569336,103.29000091552734,103.8499984741211,6725200.0,NYQ,Oracle Corporation,Oracle Corporation,Technology,Software - Infrastructure,175.32,490363060224.0,21802999808.0,0.069,Austin,TX,United States,159000.0,0.0086466911575532
2024-01-10,ORCL,103.06232452392578,103.91999816894533,104.06999969482422,102.72000122070312,103.08999633789062,7270500.0,NYQ,Oracle Corporation,Oracle Corporation,Technology,Software - Infrastructure,175.32,490363060224.0,21802999808.0,0.069,Austin,TX,United States,159000.0,0.0086466911575532
2024-01-11,ORCL,103.90531158447266,104.7699966430664,104.83999633789062,103.54000091552734,104.3499984741211,6119000.0,NYQ,Oracle Corporation,Oracle Corporation,Technology,Software - Infrastructure,175.32,490363060224.0,21802999808.0,0.069,Austin,TX,United States,159000.0,0.0086466911575532
2024-01-12,ORCL,105.72021484375,106.5999984741211,106.6999969482422,104.97000122070312,105.0999984741211,9696700.0,NYQ,Oracle Corporation,Oracle Corporation,Technology,Software - Infrastructure,175.32,490363060224.0,21802999808.0,0.069,Austin,TX,United States,159000.0,0.0086466911575532
2024-01-16,ORCL,105.69046020507812,106.56999969482422,106.66000366210938,105.41999816894533,106.41000366210938,7547200.0,NYQ,Oracle Corporation,Oracle Corporation,Technology,Software - Infrastructure,175.32,490363060224.0,21802999808.0,0.069,Austin,TX,United States,159000.0,0.0086466911575532
2024-01-17,ORCL,105.5516128540039,106.43000030517578,107.5,105.68000030517578,106.45999908447266,7771500.0,NYQ,Oracle Corporation,Oracle Corporation,Technology,Software - Infrastructure,175.32,490363060224.0,21802999808.0,0.069,Austin,TX,United States,159000.0,0.0086466911575532
2024-01-18,ORCL,107.80287170410156,108.6999969482422,108.87999725341795,106.62000274658205,106.98999786376952,10362300.0,NYQ,Oracle Corporation,Oracle Corporation,Technology,Software - Infrastructure,175.32,490363060224.0,21802999808.0,0.069,Austin,TX,United States,159000.0,0.0086466911575532
2024-01-19,ORCL,108.7648696899414,109.66999816894533,110.22000122070312,109.0199966430664,109.31999969482422,11121300.0,NYQ,Oracle Corporation,Oracle Corporation,Technology,Software - Infrastructure,175.32,490363060224.0,21802999808.0,0.069,Austin,TX,United States,159000.0,0.0086466911575532
2024-01-22,ORCL,109.19132995605467,110.0999984741211,110.69000244140624,109.2699966430664,110.05999755859376,7485300.0,NYQ,Oracle Corporation,Oracle Corporation,Technology,Software - Infrastructure,175.32,490363060224.0,21802999808.0,0.069,Austin,TX,United States,159000.0,0.0086466911575532
2024-01-23,ORCL,110.90705108642578,111.83000183105467,112.68000030517578,109.55999755859376,110.29000091552734,9185900.0,NYQ,Oracle Corporation,Oracle Corporation,Technology,Software - Infrastructure,175.32,490363060224.0,21802999808.0,0.069,Austin,TX,United States,159000.0,0.0086466911575532
2024-01-24,ORCL,113.36658477783205,114.30999755859376,115.41999816894533,113.33000183105467,113.41999816894533,11702700.0,NYQ,Oracle Corporation,Oracle Corporation,Technology,Software - Infrastructure,175.32,490363060224.0,21802999808.0,0.069,Austin,TX,United States,159000.0,0.0086466911575532
2024-01-25,ORCL,114.05088806152344,115.0,116.18000030517578,114.3499984741211,114.88999938964844,8877200.0,NYQ,Oracle Corporation,Oracle Corporation,Technology,Software - Infrastructure,175.32,490363060224.0,21802999808.0,0.069,Austin,TX,United States,159000.0,0.0086466911575532
2024-01-26,ORCL,113.69385528564452,114.63999938964844,115.4800033569336,114.2699966430664,114.63999938964844,5541800.0,NYQ,Oracle Corporation,Oracle Corporation,Technology,Software - Infrastructure,175.32,490363060224.0,21802999808.0,0.069,Austin,TX,United States,159000.0,0.0086466911575532
2024-01-29,ORCL,112.81119537353516,113.75,114.58999633789062,113.01000213623048,114.19000244140624,7014400.0,NYQ,Oracle Corporation,Oracle Corporation,Technology,Software - Infrastructure,175.32,490363060224.0,21802999808.0,0.069,Austin,TX,United States,159000.0,0.0086466911575532
2024-01-30,ORCL,113.2178192138672,114.16000366210938,114.4000015258789,112.62999725341795,113.36000061035156,8231900.0,NYQ,Oracle Corporation,Oracle Corporation,Technology,Software - Infrastructure,175.32,490363060224.0,21802999808.0,0.069,Austin,TX,United States,159000.0,0.0086466911575532
2024-01-31,ORCL,110.77811431884766,111.6999969482422,114.2699966430664,111.66999816894533,113.80999755859376,7386700.0,NYQ,Oracle Corporation,Oracle Corporation,Technology,Software - Infrastructure,175.32,490363060224.0,21802999808.0,0.069,Austin,TX,United States,159000.0,0.0086466911575532
2024-02-01,ORCL,114.57650756835938,115.52999877929688,115.77999877929688,112.5500030517578,112.91000366210938,7882200.0,NYQ,Oracle Corporation,Oracle Corporation,Technology,Software - Infrastructure,175.32,490363060224.0,21802999808.0,0.069,Austin,TX,United States,159000.0,0.0086466911575532
2024-02-02,ORCL,114.8343734741211,115.79000091552734,116.48999786376952,115.16000366210938,115.81999969482422,6499400.0,NYQ,Oracle Corporation,Oracle Corporation,Technology,Software - Infrastructure,175.32,490363060224.0,21802999808.0,0.069,Austin,TX,United States,159000.0,0.0086466911575532
2024-02-05,ORCL,115.42941284179688,116.38999938964844,116.72000122070312,114.7699966430664,115.52999877929688,8084500.0,NYQ,Oracle Corporation,Oracle Corporation,Technology,Software - Infrastructure,175.32,490363060224.0,21802999808.0,0.069,Austin,TX,United States,159000.0,0.0086466911575532
2024-02-06,ORCL,114.3484115600586,115.3000030517578,116.9499969482422,114.9800033569336,116.73999786376952,4637500.0,NYQ,Oracle Corporation,Oracle Corporation,Technology,Software - Infrastructure,175.32,490363060224.0,21802999808.0,0.069,Austin,TX,United States,159000.0,0.0086466911575532
2024-02-07,ORCL,116.3021469116211,117.2699966430664,117.58999633789062,115.3000030517578,115.8000030517578,7672900.0,NYQ,Oracle Corporation,Oracle Corporation,Technology,Software - Infrastructure,175.32,490363060224.0,21802999808.0,0.069,Austin,TX,United States,159000.0,0.0086466911575532
2024-02-08,ORCL,115.7170181274414,116.68000030517578,117.79000091552734,115.97000122070312,117.08999633789062,4472800.0,NYQ,Oracle Corporation,Oracle Corporation,Technology,Software - Infrastructure,175.32,490363060224.0,21802999808.0,0.069,Austin,TX,United States,159000.0,0.0086466911575532
2024-02-09,ORCL,115.67735290527344,116.63999938964844,117.33999633789062,115.7300033569336,117.05999755859376,5787100.0,NYQ,Oracle Corporation,Oracle Corporation,Technology,Software - Infrastructure,175.32,490363060224.0,21802999808.0,0.069,Austin,TX,United States,159000.0,0.0086466911575532
2024-02-12,ORCL,114.88394927978516,115.83999633789062,117.0999984741211,115.37999725341795,116.26000213623048,5439600.0,NYQ,Oracle Corporation,Oracle Corporation,Technology,Software - Infrastructure,175.32,490363060224.0,21802999808.0,0.069,Austin,TX,United States,159000.0,0.0086466911575532
2024-02-13,ORCL,112.74178314208984,113.68000030517578,114.20999908447266,113.0,113.79000091552734,8171700.0,NYQ,Oracle Corporation,Oracle Corporation,Technology,Software - Infrastructure,175.32,490363060224.0,21802999808.0,0.069,Austin,TX,United States,159000.0,0.0086466911575532
2024-02-14,ORCL,113.3169937133789,114.26000213623048,114.72000122070312,113.52999877929688,114.31999969482422,5946100.0,NYQ,Oracle Corporation,Oracle Corporation,Technology,Software - Infrastructure,175.32,490363060224.0,21802999808.0,0.069,Austin,TX,United States,159000.0,0.0086466911575532
2024-02-15,ORCL,111.84920501708984,112.77999877929688,114.30999755859376,112.56999969482422,114.25,8455600.0,NYQ,Oracle Corporation,Oracle Corporation,Technology,Software - Infrastructure,175.32,490363060224.0,21802999808.0,0.069,Austin,TX,United States,159000.0,0.0086466911575532
2024-02-16,ORCL,110.3913345336914,111.30999755859376,113.11000061035156,111.25,113.0199966430664,8931100.0,NYQ,Oracle Corporation,Oracle Corporation,Technology,Software - Infrastructure,175.32,490363060224.0,21802999808.0,0.069,Austin,TX,United States,159000.0,0.0086466911575532
2024-02-20,ORCL,107.55493927001952,108.4499969482422,110.7699966430664,107.68000030517578,110.54000091552734,10975600.0,NYQ,Oracle Corporation,Oracle Corporation,Technology,Software - Infrastructure,175.32,490363060224.0,21802999808.0,0.069,Austin,TX,United States,159000.0,0.0086466911575532
2024-02-21,ORCL,107.267333984375,108.16000366210938,108.37999725341795,106.51000213623048,106.76000213623048,7867600.0,NYQ,Oracle Corporation,Oracle Corporation,Technology,Software - Infrastructure,175.32,490363060224.0,21802999808.0,0.069,Austin,TX,United States,159000.0,0.0086466911575532
2024-02-22,ORCL,110.09381866455078,111.01000213623048,111.88999938964844,109.66000366210938,111.48999786376952,8957800.0,NYQ,Oracle Corporation,Oracle Corporation,Technology,Software - Infrastructure,175.32,490363060224.0,21802999808.0,0.069,Austin,TX,United States,159000.0,0.0086466911575532
2024-02-23,ORCL,111.02606201171876,111.9499969482422,113.37000274658205,111.70999908447266,112.0,7504500.0,NYQ,Oracle Corporation,Oracle Corporation,Technology,Software - Infrastructure,175.32,490363060224.0,21802999808.0,0.069,Austin,TX,United States,159000.0,0.0086466911575532
2024-02-26,ORCL,110.05414581298828,110.97000122070312,112.54000091552734,110.93000030517578,112.0,6342900.0,NYQ,Oracle Corporation,Oracle Corporation,Technology,Software - Infrastructure,175.32,490363060224.0,21802999808.0,0.069,Austin,TX,United States,159000.0,0.0086466911575532
2024-02-27,ORCL,110.46076202392578,111.37999725341795,111.51000213623048,109.79000091552734,110.62000274658205,6593100.0,NYQ,Oracle Corporation,Oracle Corporation,Technology,Software - Infrastructure,175.32,490363060224.0,21802999808.0,0.069,Austin,TX,United States,159000.0,0.0086466911575532
2024-02-28,ORCL,110.75828552246094,111.68000030517578,112.0199966430664,111.0999984741211,111.26000213623048,5278300.0,NYQ,Oracle Corporation,Oracle Corporation,Technology,Software - Infrastructure,175.32,490363060224.0,21802999808.0,0.069,Austin,TX,United States,159000.0,0.0086466911575532
2024-02-29,ORCL,110.75828552246094,111.68000030517578,112.44000244140624,110.63999938964844,111.68000030517578,12193900.0,NYQ,Oracle Corporation,Oracle Corporation,Technology,Software - Infrastructure,175.32,490363060224.0,21802999808.0,0.069,Austin,TX,United States,159000.0,0.0086466911575532
2024-03-01,ORCL,112.84095764160156,113.77999877929688,113.94000244140624,111.5199966430664,111.68000030517578,7603700.0,NYQ,Oracle Corporation,Oracle Corporation,Technology,Software - Infrastructure,175.32,490363060224.0,21802999808.0,0.069,Austin,TX,United States,159000.0,0.0086466911575532
2024-03-04,ORCL,113.11863708496094,114.05999755859376,114.5999984741211,113.38999938964844,113.58000183105467,6588100.0,NYQ,Oracle Corporation,Oracle Corporation,Technology,Software - Infrastructure,175.32,490363060224.0,21802999808.0,0.069,Austin,TX,United States,159000.0,0.0086466911575532
2024-03-05,ORCL,110.02439880371094,110.94000244140624,113.1999969482422,110.37000274658205,112.81999969482422,8242000.0,NYQ,Oracle Corporation,Oracle Corporation,Technology,Software - Infrastructure,175.32,490363060224.0,21802999808.0,0.069,Austin,TX,United States,159000.0,0.0086466911575532
2024-03-06,ORCL,111.34341430664062,112.2699966430664,113.0500030517578,110.66999816894533,111.5,6706400.0,NYQ,Oracle Corporation,Oracle Corporation,Technology,Software - Infrastructure,175.32,490363060224.0,21802999808.0,0.069,Austin,TX,United States,159000.0,0.0086466911575532
2024-03-07,ORCL,113.5946807861328,114.54000091552734,114.8000030517578,112.29000091552734,113.94000244140624,7670100.0,NYQ,Oracle Corporation,Oracle Corporation,Technology,Software - Infrastructure,175.32,490363060224.0,21802999808.0,0.069,Austin,TX,United States,159000.0,0.0086466911575532
2024-03-08,ORCL,111.49217224121094,112.41999816894533,114.33000183105467,111.54000091552734,114.06999969482422,8304100.0,NYQ,Oracle Corporation,Oracle Corporation,Technology,Software - Infrastructure,175.32,490363060224.0,21802999808.0,0.069,Austin,TX,United States,159000.0,0.0086466911575532
2024-03-11,ORCL,113.18806457519533,114.12999725341795,114.75,111.18000030517578,111.61000061035156,20438300.0,NYQ,Oracle Corporation,Oracle Corporation,Technology,Software - Infrastructure,175.32,490363060224.0,21802999808.0,0.069,Austin,TX,United States,159000.0,0.0086466911575532
2024-03-12,ORCL,126.48738861083984,127.54000091552734,129.3699951171875,124.5999984741211,126.26000213623048,48536100.0,NYQ,Oracle Corporation,Oracle Corporation,Technology,Software - Infrastructure,175.32,490363060224.0,21802999808.0,0.069,Austin,TX,United States,159000.0,0.0086466911575532
2024-03-13,ORCL,124.48405456542967,125.5199966430664,128.8000030517578,124.83000183105467,128.0,15870300.0,NYQ,Oracle Corporation,Oracle Corporation,Technology,Software - Infrastructure,175.32,490363060224.0,21802999808.0,0.069,Austin,TX,United States,159000.0,0.0086466911575532
2024-03-14,ORCL,124.49397277832033,125.52999877929688,127.8000030517578,124.94000244140624,127.2300033569336,10965900.0,NYQ,Oracle Corporation,Oracle Corporation,Technology,Software - Infrastructure,175.32,490363060224.0,21802999808.0,0.069,Austin,TX,United States,159000.0,0.0086466911575532
2024-03-15,ORCL,124.50389862060548,125.54000091552734,126.01000213623048,123.55999755859376,124.04000091552734,17841600.0,NYQ,Oracle Corporation,Oracle Corporation,Technology,Software - Infrastructure,175.32,490363060224.0,21802999808.0,0.069,Austin,TX,United States,159000.0,0.0086466911575532
2024-03-18,ORCL,126.74525451660156,127.8000030517578,128.9499969482422,126.87999725341795,127.1999969482422,12231400.0,NYQ,Oracle Corporation,Oracle Corporation,Technology,Software - Infrastructure,175.32,490363060224.0,21802999808.0,0.069,Austin,TX,United States,159000.0,0.0086466911575532
2024-03-19,ORCL,128.123779296875,129.19000244140625,129.2100067138672,126.48999786376952,127.75,10221000.0,NYQ,Oracle Corporation,Oracle Corporation,Technology,Software - Infrastructure,175.32,490363060224.0,21802999808.0,0.069,Austin,TX,United States,159000.0,0.0086466911575532
2024-03-20,ORCL,128.17337036132812,129.24000549316406,130.69000244140625,128.27000427246094,129.97999572753906,8373300.0,NYQ,Oracle Corporation,Oracle Corporation,Technology,Software - Infrastructure,175.32,490363060224.0,21802999808.0,0.069,Austin,TX,United States,159000.0,0.0086466911575532
2024-03-21,ORCL,127.94524383544922,129.00999450683594,132.77000427246094,128.9499969482422,130.52000427246094,17842400.0,NYQ,Oracle Corporation,Oracle Corporation,Technology,Software - Infrastructure,175.32,490363060224.0,21802999808.0,0.069,Austin,TX,United States,159000.0,0.0086466911575532
2024-03-22,ORCL,126.7353286743164,127.79000091552734,129.2100067138672,127.5500030517578,129.00999450683594,6655800.0,NYQ,Oracle Corporation,Oracle Corporation,Technology,Software - Infrastructure,175.32,490363060224.0,21802999808.0,0.069,Austin,TX,United States,159000.0,0.0086466911575532
2024-03-25,ORCL,125.03944396972656,126.08000183105467,127.66999816894533,126.0500030517578,127.66999816894533,7446100.0,NYQ,Oracle Corporation,Oracle Corporation,Technology,Software - Infrastructure,175.32,490363060224.0,21802999808.0,0.069,Austin,TX,United States,159000.0,0.0086466911575532
2024-03-26,ORCL,125.4262237548828,126.47000122070312,126.94000244140624,125.83999633789062,126.75,7063900.0,NYQ,Oracle Corporation,Oracle Corporation,Technology,Software - Infrastructure,175.32,490363060224.0,21802999808.0,0.069,Austin,TX,United States,159000.0,0.0086466911575532
2024-03-27,ORCL,124.23612213134766,125.2699966430664,127.81999969482422,124.47000122070312,127.33000183105467,8115900.0,NYQ,Oracle Corporation,Oracle Corporation,Technology,Software - Infrastructure,175.32,490363060224.0,21802999808.0,0.069,Austin,TX,United States,159000.0,0.0086466911575532
2024-03-28,ORCL,124.57331848144533,125.61000061035156,126.16999816894533,125.1999969482422,125.38999938964844,6587400.0,NYQ,Oracle Corporation,Oracle Corporation,Technology,Software - Infrastructure,175.32,490363060224.0,21802999808.0,0.069,Austin,TX,United States,159000.0,0.0086466911575532
2024-04-01,ORCL,124.44439697265624,125.4800033569336,126.2699966430664,124.55999755859376,125.54000091552734,4133600.0,NYQ,Oracle Corporation,Oracle Corporation,Technology,Software - Infrastructure,175.32,490363060224.0,21802999808.0,0.069,Austin,TX,United States,159000.0,0.0086466911575532
2024-04-02,ORCL,123.31379699707033,124.33999633789062,124.93000030517578,123.43000030517578,124.51000213623048,4862400.0,NYQ,Oracle Corporation,Oracle Corporation,Technology,Software - Infrastructure,175.32,490363060224.0,21802999808.0,0.069,Austin,TX,United States,159000.0,0.0086466911575532
2024-04-03,ORCL,125.1981201171875,126.23999786376952,126.41000366210938,124.05999755859376,124.26000213623048,7430000.0,NYQ,Oracle Corporation,Oracle Corporation,Technology,Software - Infrastructure,175.32,490363060224.0,21802999808.0,0.069,Austin,TX,United States,159000.0,0.0086466911575532
2024-04-04,ORCL,123.1650390625,124.19000244140624,127.98999786376952,124.02999877929688,127.5999984741211,7588300.0,NYQ,Oracle Corporation,Oracle Corporation,Technology,Software - Infrastructure,175.32,490363060224.0,21802999808.0,0.069,Austin,TX,United States,159000.0,0.0086466911575532
2024-04-05,ORCL,123.86917877197266,124.9000015258789,126.0,124.13999938964844,124.41999816894533,4898100.0,NYQ,Oracle Corporation,Oracle Corporation,Technology,Software - Infrastructure,175.32,490363060224.0,21802999808.0,0.069,Austin,TX,United States,159000.0,0.0086466911575532
2024-04-08,ORCL,123.32371520996094,124.3499984741211,125.12000274658205,123.76000213623048,125.0,6119200.0,NYQ,Oracle Corporation,Oracle Corporation,Technology,Software - Infrastructure,175.32,490363060224.0,21802999808.0,0.069,Austin,TX,United States,159000.0,0.0086466911575532
2024-04-09,ORCL,122.60736083984376,123.2300033569336,124.75,121.23999786376952,124.3499984741211,5564900.0,NYQ,Oracle Corporation,Oracle Corporation,Technology,Software - Infrastructure,175.32,490363060224.0,21802999808.0,0.069,Austin,TX,United States,159000.0,0.0086466911575532
2024-04-10,ORCL,121.13483428955078,121.75,123.08000183105467,121.31999969482422,121.3499984741211,4509900.0,NYQ,Oracle Corporation,Oracle Corporation,Technology,Software - Infrastructure,175.32,490363060224.0,21802999808.0,0.069,Austin,TX,United States,159000.0,0.0086466911575532
2024-04-11,ORCL,122.6173095703125,123.23999786376952,123.81999969482422,121.36000061035156,121.72000122070312,7315200.0,NYQ,Oracle Corporation,Oracle Corporation,Technology,Software - Infrastructure,175.32,490363060224.0,21802999808.0,0.069,Austin,TX,United States,159000.0,0.0086466911575532
2024-04-12,ORCL,120.4980697631836,121.11000061035156,121.83999633789062,120.41999816894533,121.73999786376952,6189600.0,NYQ,Oracle Corporation,Oracle Corporation,Technology,Software - Infrastructure,175.32,490363060224.0,21802999808.0,0.069,Austin,TX,United States,159000.0,0.0086466911575532
2024-04-15,ORCL,119.27428436279295,119.87999725341795,122.47000122070312,119.44000244140624,122.18000030517578,5101500.0,NYQ,Oracle Corporation,Oracle Corporation,Technology,Software - Infrastructure,175.32,490363060224.0,21802999808.0,0.069,Austin,TX,United States,159000.0,0.0086466911575532
2024-04-16,ORCL,120.0105438232422,120.62000274658205,121.44000244140624,119.75,120.08999633789062,7000000.0,NYQ,Oracle Corporation,Oracle Corporation,Technology,Software - Infrastructure,175.32,490363060224.0,21802999808.0,0.069,Austin,TX,United States,159000.0,0.0086466911575532
2024-04-17,ORCL,118.07039642333984,118.66999816894533,121.04000091552734,118.61000061035156,120.9800033569336,5366600.0,NYQ,Oracle Corporation,Oracle Corporation,Technology,Software - Infrastructure,175.32,490363060224.0,21802999808.0,0.069,Austin,TX,United States,159000.0,0.0086466911575532
2024-04-18,ORCL,115.41388702392578,116.0,118.76000213623048,115.6999969482422,118.76000213623048,6662400.0,NYQ,Oracle Corporation,Oracle Corporation,Technology,Software - Infrastructure,175.32,490363060224.0,21802999808.0,0.069,Austin,TX,United States,159000.0,0.0086466911575532
2024-04-19,ORCL,114.29954528808594,114.87999725341795,116.7699966430664,114.45999908447266,116.12000274658205,8250300.0,NYQ,Oracle Corporation,Oracle Corporation,Technology,Software - Infrastructure,175.32,490363060224.0,21802999808.0,0.069,Austin,TX,United States,159000.0,0.0086466911575532
2024-04-22,ORCL,113.9513168334961,114.52999877929688,116.33999633789062,114.33999633789062,116.02999877929688,7125500.0,NYQ,Oracle Corporation,Oracle Corporation,Technology,Software - Infrastructure,175.32,490363060224.0,21802999808.0,0.069,Austin,TX,United States,159000.0,0.0086466911575532
2024-04-23,ORCL,114.50847625732422,115.08999633789062,115.86000061035156,114.75,115.16999816894533,5494800.0,NYQ,Oracle Corporation,Oracle Corporation,Technology,Software - Infrastructure,175.32,490363060224.0,21802999808.0,0.069,Austin,TX,United States,159000.0,0.0086466911575532
2024-04-24,ORCL,114.75721740722656,115.33999633789062,115.7300033569336,113.87999725341795,115.37999725341795,5791800.0,NYQ,Oracle Corporation,Oracle Corporation,Technology,Software - Infrastructure,175.32,490363060224.0,21802999808.0,0.069,Austin,TX,United States,159000.0,0.0086466911575532
2024-04-25,ORCL,114.30949401855467,114.88999938964844,114.98999786376952,112.77999877929688,113.62999725341795,6796600.0,NYQ,Oracle Corporation,Oracle Corporation,Technology,Software - Infrastructure,175.32,490363060224.0,21802999808.0,0.069,Austin,TX,United States,159000.0,0.0086466911575532
2024-04-26,ORCL,116.6177749633789,117.20999908447266,119.20999908447266,116.1500015258789,117.04000091552734,8355100.0,NYQ,Oracle Corporation,Oracle Corporation,Technology,Software - Infrastructure,175.32,490363060224.0,21802999808.0,0.069,Austin,TX,United States,159000.0,0.0086466911575532
2024-04-29,ORCL,115.9014129638672,116.48999786376952,117.30999755859376,115.29000091552734,116.98999786376952,4994100.0,NYQ,Oracle Corporation,Oracle Corporation,Technology,Software - Infrastructure,175.32,490363060224.0,21802999808.0,0.069,Austin,TX,United States,159000.0,0.0086466911575532
2024-04-30,ORCL,113.17525482177734,113.75,115.5199966430664,113.69000244140624,115.08999633789062,6234700.0,NYQ,Oracle Corporation,Oracle Corporation,Technology,Software - Infrastructure,175.32,490363060224.0,21802999808.0,0.069,Austin,TX,United States,159000.0,0.0086466911575532
2024-05-01,ORCL,114.05081176757812,114.62999725341795,116.76000213623048,113.6500015258789,113.91000366210938,5583600.0,NYQ,Oracle Corporation,Oracle Corporation,Technology,Software - Infrastructure,175.32,490363060224.0,21802999808.0,0.069,Austin,TX,United States,159000.0,0.0086466911575532
2024-05-02,ORCL,114.37914276123048,114.95999908447266,115.80999755859376,114.26000213623048,115.2300033569336,5001000.0,NYQ,Oracle Corporation,Oracle Corporation,Technology,Software - Infrastructure,175.32,490363060224.0,21802999808.0,0.069,Austin,TX,United States,159000.0,0.0086466911575532
2024-05-03,ORCL,115.21490478515624,115.8000030517578,116.20999908447266,115.06999969482422,115.9800033569336,4485000.0,NYQ,Oracle Corporation,Oracle Corporation,Technology,Software - Infrastructure,175.32,490363060224.0,21802999808.0,0.069,Austin,TX,United States,159000.0,0.0086466911575532
2024-05-06,ORCL,117.7420654296875,118.33999633789062,118.36000061035156,116.18000030517578,116.33000183105467,6052400.0,NYQ,Oracle Corporation,Oracle Corporation,Technology,Software - Infrastructure,175.32,490363060224.0,21802999808.0,0.069,Austin,TX,United States,159000.0,0.0086466911575532
2024-05-07,ORCL,117.33413696289062,117.93000030517578,119.12999725341795,117.29000091552734,118.0,6437700.0,NYQ,Oracle Corporation,Oracle Corporation,Technology,Software - Infrastructure,175.32,490363060224.0,21802999808.0,0.069,Austin,TX,United States,159000.0,0.0086466911575532
2024-05-08,ORCL,116.79686737060548,117.38999938964844,117.9800033569336,117.11000061035156,117.70999908447266,4636000.0,NYQ,Oracle Corporation,Oracle Corporation,Technology,Software - Infrastructure,175.32,490363060224.0,21802999808.0,0.069,Austin,TX,United States,159000.0,0.0086466911575532
2024-05-09,ORCL,116.0506591796875,116.63999938964844,117.7300033569336,116.5,117.38999938964844,3236200.0,NYQ,Oracle Corporation,Oracle Corporation,Technology,Software - Infrastructure,175.32,490363060224.0,21802999808.0,0.069,Austin,TX,United States,159000.0,0.0086466911575532
2024-05-10,ORCL,116.08050537109376,116.66999816894533,117.62999725341795,115.91000366210938,117.1500015258789,4122500.0,NYQ,Oracle Corporation,Oracle Corporation,Technology,Software - Infrastructure,175.32,490363060224.0,21802999808.0,0.069,Austin,TX,United States,159000.0,0.0086466911575532
2024-05-13,ORCL,115.78202056884766,116.37000274658205,117.19000244140624,116.1999969482422,117.12999725341795,4140000.0,NYQ,Oracle Corporation,Oracle Corporation,Technology,Software - Infrastructure,175.32,490363060224.0,21802999808.0,0.069,Austin,TX,United States,159000.0,0.0086466911575532
2024-05-14,ORCL,120.25928497314452,120.87000274658205,122.5500030517578,116.12999725341795,116.5,17811200.0,NYQ,Oracle Corporation,Oracle Corporation,Technology,Software - Infrastructure,175.32,490363060224.0,21802999808.0,0.069,Austin,TX,United States,159000.0,0.0086466911575532
2024-05-15,ORCL,121.01543426513672,121.62999725341795,122.08999633789062,119.66999816894533,120.16999816894533,6604600.0,NYQ,Oracle Corporation,Oracle Corporation,Technology,Software - Infrastructure,175.32,490363060224.0,21802999808.0,0.069,Austin,TX,United States,159000.0,0.0086466911575532
2024-05-16,ORCL,121.54276275634766,122.16000366210938,122.4499969482422,121.20999908447266,121.94000244140624,5159300.0,NYQ,Oracle Corporation,Oracle Corporation,Technology,Software - Infrastructure,175.32,490363060224.0,21802999808.0,0.069,Austin,TX,United States,159000.0,0.0086466911575532
2024-05-17,ORCL,122.87599182128906,123.5,123.58000183105467,122.08000183105467,123.18000030517578,6179400.0,NYQ,Oracle Corporation,Oracle Corporation,Technology,Software - Infrastructure,175.32,490363060224.0,21802999808.0,0.069,Austin,TX,United States,159000.0,0.0086466911575532
2024-05-20,ORCL,123.89083099365234,124.5199966430664,124.68000030517578,123.23999786376952,123.8000030517578,5989000.0,NYQ,Oracle Corporation,Oracle Corporation,Technology,Software - Infrastructure,175.32,490363060224.0,21802999808.0,0.069,Austin,TX,United States,159000.0,0.0086466911575532
2024-05-21,ORCL,124.00028228759766,124.62999725341795,125.36000061035156,123.91999816894533,124.45999908447266,5549500.0,NYQ,Oracle Corporation,Oracle Corporation,Technology,Software - Infrastructure,175.32,490363060224.0,21802999808.0,0.069,Austin,TX,United States,159000.0,0.0086466911575532
2024-05-22,ORCL,123.9704360961914,124.5999984741211,125.16000366210938,123.3000030517578,124.62999725341795,5705000.0,NYQ,Oracle Corporation,Oracle Corporation,Technology,Software - Infrastructure,175.32,490363060224.0,21802999808.0,0.069,Austin,TX,United States,159000.0,0.0086466911575532
2024-05-23,ORCL,123.4630126953125,124.08999633789062,126.6999969482422,123.16000366210938,126.5500030517578,6108600.0,NYQ,Oracle Corporation,Oracle Corporation,Technology,Software - Infrastructure,175.32,490363060224.0,21802999808.0,0.069,Austin,TX,United States,159000.0,0.0086466911575532
2024-05-24,ORCL,122.28897857666016,122.91000366210938,123.51000213623048,121.41999816894533,123.41999816894533,7166100.0,NYQ,Oracle Corporation,Oracle Corporation,Technology,Software - Infrastructure,175.32,490363060224.0,21802999808.0,0.069,Austin,TX,United States,159000.0,0.0086466911575532
2024-05-28,ORCL,123.8609848022461,124.48999786376952,124.81999969482422,123.01000213623048,123.23999786376952,6911400.0,NYQ,Oracle Corporation,Oracle Corporation,Technology,Software - Infrastructure,175.32,490363060224.0,21802999808.0,0.069,Austin,TX,United States,159000.0,0.0086466911575532
2024-05-29,ORCL,123.11478424072266,123.73999786376952,123.91999816894533,122.7699966430664,122.98999786376952,4735100.0,NYQ,Oracle Corporation,Oracle Corporation,Technology,Software - Infrastructure,175.32,490363060224.0,21802999808.0,0.069,Austin,TX,United States,159000.0,0.0086466911575532
2024-05-30,ORCL,116.49837493896484,117.08999633789062,121.44000244140624,117.02999877929688,120.16999816894533,10851600.0,NYQ,Oracle Corporation,Oracle Corporation,Technology,Software - Infrastructure,175.32,490363060224.0,21802999808.0,0.069,Austin,TX,United States,159000.0,0.0086466911575532
2024-05-31,ORCL,116.5978775024414,117.19000244140624,117.41999816894533,114.5500030517578,116.58999633789062,12755600.0,NYQ,Oracle Corporation,Oracle Corporation,Technology,Software - Infrastructure,175.32,490363060224.0,21802999808.0,0.069,Austin,TX,United States,159000.0,0.0086466911575532
2024-06-03,ORCL,118.67731475830078,119.27999877929688,119.33000183105467,117.33999633789062,117.52999877929688,7256300.0,NYQ,Oracle Corporation,Oracle Corporation,Technology,Software - Infrastructure,175.32,490363060224.0,21802999808.0,0.069,Austin,TX,United States,159000.0,0.0086466911575532
2024-06-04,ORCL,119.46332550048828,120.06999969482422,120.37000274658205,118.72000122070312,119.0199966430664,7368000.0,NYQ,Oracle Corporation,Oracle Corporation,Technology,Software - Infrastructure,175.32,490363060224.0,21802999808.0,0.069,Austin,TX,United States,159000.0,0.0086466911575532
2024-06-05,ORCL,122.01038360595705,122.62999725341795,122.79000091552734,120.51000213623048,121.6500015258789,5973700.0,NYQ,Oracle Corporation,Oracle Corporation,Technology,Software - Infrastructure,175.32,490363060224.0,21802999808.0,0.069,Austin,TX,United States,159000.0,0.0086466911575532
2024-06-06,ORCL,122.87599182128906,123.5,124.2699966430664,122.25,122.87999725341795,7347200.0,NYQ,Oracle Corporation,Oracle Corporation,Technology,Software - Infrastructure,175.32,490363060224.0,21802999808.0,0.069,Austin,TX,United States,159000.0,0.0086466911575532
2024-06-07,ORCL,125.28376770019533,125.91999816894533,126.22000122070312,123.2699966430664,124.20999908447266,11545000.0,NYQ,Oracle Corporation,Oracle Corporation,Technology,Software - Infrastructure,175.32,490363060224.0,21802999808.0,0.069,Austin,TX,United States,159000.0,0.0086466911575532
2024-06-10,ORCL,123.87094116210938,124.5,126.9499969482422,124.0500030517578,125.7300033569336,10190400.0,NYQ,Oracle Corporation,Oracle Corporation,Technology,Software - Infrastructure,175.32,490363060224.0,21802999808.0,0.069,Austin,TX,United States,159000.0,0.0086466911575532
2024-06-11,ORCL,123.25407409667967,123.87999725341795,124.83000183105467,122.29000091552734,124.0500030517578,18373900.0,NYQ,Oracle Corporation,Oracle Corporation,Technology,Software - Infrastructure,175.32,490363060224.0,21802999808.0,0.069,Austin,TX,United States,159000.0,0.0086466911575532
2024-06-12,ORCL,139.67071533203125,140.3800048828125,140.9600067138672,133.9600067138672,134.69000244140625,40871300.0,NYQ,Oracle Corporation,Oracle Corporation,Technology,Software - Infrastructure,175.32,490363060224.0,21802999808.0,0.069,Austin,TX,United States,159000.0,0.0086466911575532
2024-06-13,ORCL,139.1433868408203,139.85000610351562,142.39999389648438,138.77000427246094,140.42999267578125,13733200.0,NYQ,Oracle Corporation,Oracle Corporation,Technology,Software - Infrastructure,175.32,490363060224.0,21802999808.0,0.069,Austin,TX,United States,159000.0,0.0086466911575532
2024-06-14,ORCL,137.4320831298828,138.1300048828125,139.97000122070312,137.3800048828125,139.25999450683594,11330800.0,NYQ,Oracle Corporation,Oracle Corporation,Technology,Software - Infrastructure,175.32,490363060224.0,21802999808.0,0.069,Austin,TX,United States,159000.0,0.0086466911575532
2024-06-17,ORCL,140.59600830078125,141.30999755859375,141.44000244140625,138.25,138.8000030517578,11232800.0,NYQ,Oracle Corporation,Oracle Corporation,Technology,Software - Infrastructure,175.32,490363060224.0,21802999808.0,0.069,Austin,TX,United States,159000.0,0.0086466911575532
2024-06-18,ORCL,143.9091796875,144.63999938964844,145.05999755859375,141.22000122070312,141.22000122070312,11629400.0,NYQ,Oracle Corporation,Oracle Corporation,Technology,Software - Infrastructure,175.32,490363060224.0,21802999808.0,0.069,Austin,TX,United States,159000.0,0.0086466911575532
2024-06-20,ORCL,142.18792724609375,142.91000366210938,145.32000732421875,141.9499969482422,145.32000732421875,8940000.0,NYQ,Oracle Corporation,Oracle Corporation,Technology,Software - Infrastructure,175.32,490363060224.0,21802999808.0,0.069,Austin,TX,United States,159000.0,0.0086466911575532
2024-06-21,ORCL,140.78504943847656,141.5,143.72000122070312,140.44000244140625,143.72000122070312,14930900.0,NYQ,Oracle Corporation,Oracle Corporation,Technology,Software - Infrastructure,175.32,490363060224.0,21802999808.0,0.069,Austin,TX,United States,159000.0,0.0086466911575532
2024-06-24,ORCL,139.1831817626953,139.88999938964844,141.52999877929688,139.1199951171875,140.0,7793300.0,NYQ,Oracle Corporation,Oracle Corporation,Technology,Software - Infrastructure,175.32,490363060224.0,21802999808.0,0.069,Austin,TX,United States,159000.0,0.0086466911575532
2024-06-25,ORCL,138.46682739257812,139.1699981689453,139.5500030517578,137.55999755859375,139.0,8469600.0,NYQ,Oracle Corporation,Oracle Corporation,Technology,Software - Infrastructure,175.32,490363060224.0,21802999808.0,0.069,Austin,TX,United States,159000.0,0.0086466911575532
2024-06-26,ORCL,137.5315704345703,138.22999572753906,140.75,138.0800018310547,139.49000549316406,8036300.0,NYQ,Oracle Corporation,Oracle Corporation,Technology,Software - Infrastructure,175.32,490363060224.0,21802999808.0,0.069,Austin,TX,United States,159000.0,0.0086466911575532
2024-06-27,ORCL,139.47171020507812,140.17999267578125,141.4199981689453,138.80999755859375,139.25,7518200.0,NYQ,Oracle Corporation,Oracle Corporation,Technology,Software - Infrastructure,175.32,490363060224.0,21802999808.0,0.069,Austin,TX,United States,159000.0,0.0086466911575532
2024-06-28,ORCL,140.48655700683594,141.1999969482422,142.82000732421875,139.27000427246094,139.44000244140625,25814800.0,NYQ,Oracle Corporation,Oracle Corporation,Technology,Software - Infrastructure,175.32,490363060224.0,21802999808.0,0.069,Austin,TX,United States,159000.0,0.0086466911575532
2024-07-01,ORCL,142.36700439453125,143.08999633789062,144.05999755859375,141.07000732421875,141.69000244140625,6552400.0,NYQ,Oracle Corporation,Oracle Corporation,Technology,Software - Infrastructure,175.32,490363060224.0,21802999808.0,0.069,Austin,TX,United States,159000.0,0.0086466911575532
2024-07-02,ORCL,142.55604553222656,143.27999877929688,144.22000122070312,142.5500030517578,142.6300048828125,5920500.0,NYQ,Oracle Corporation,Oracle Corporation,Technology,Software - Infrastructure,175.32,490363060224.0,21802999808.0,0.069,Austin,TX,United States,159000.0,0.0086466911575532
2024-07-03,ORCL,143.65049743652344,144.3800048828125,144.64999389648438,143.5,143.75,3560800.0,NYQ,Oracle Corporation,Oracle Corporation,Technology,Software - Infrastructure,175.32,490363060224.0,21802999808.0,0.069,Austin,TX,United States,159000.0,0.0086466911575532
2024-07-05,ORCL,144.0982208251953,144.8300018310547,145.7899932861328,144.02000427246094,144.9499969482422,5365500.0,NYQ,Oracle Corporation,Oracle Corporation,Technology,Software - Infrastructure,175.32,490363060224.0,21802999808.0,0.069,Austin,TX,United States,159000.0,0.0086466911575532
2024-07-08,ORCL,144.29721069335938,145.02999877929688,145.22999572753906,143.42999267578125,144.75999450683594,8622600.0,NYQ,Oracle Corporation,Oracle Corporation,Technology,Software - Infrastructure,175.32,490363060224.0,21802999808.0,0.069,Austin,TX,United States,159000.0,0.0086466911575532
2024-07-09,ORCL,139.9691925048828,140.67999267578125,145.6999969482422,138.0,145.1300048828125,14334200.0,NYQ,Oracle Corporation,Oracle Corporation,Technology,Software - Infrastructure,175.32,490363060224.0,21802999808.0,0.069,Austin,TX,United States,159000.0,0.0086466911575532
2024-07-10,ORCL,141.3521728515625,142.07000732421875,142.3800048828125,139.74000549316406,141.1199951171875,6350300.0,NYQ,Oracle Corporation,Oracle Corporation,Technology,Software - Infrastructure,175.32,490363060224.0,21802999808.0,0.069,Austin,TX,United States,159000.0,0.0086466911575532
2024-07-11,ORCL,142.43971252441406,142.75999450683594,143.47999572753906,141.67999267578125,142.36000061035156,5245100.0,NYQ,Oracle Corporation,Oracle Corporation,Technology,Software - Infrastructure,175.32,490363060224.0,21802999808.0,0.069,Austin,TX,United States,159000.0,0.0086466911575532
2024-07-12,ORCL,144.44520568847656,144.77000427246094,145.1300048828125,141.25999450683594,142.7100067138672,7361800.0,NYQ,Oracle Corporation,Oracle Corporation,Technology,Software - Infrastructure,175.32,490363060224.0,21802999808.0,0.069,Austin,TX,United States,159000.0,0.0086466911575532
2024-07-15,ORCL,142.7490234375,143.07000732421875,146.58999633789062,141.9199981689453,145.72999572753906,8687800.0,NYQ,Oracle Corporation,Oracle Corporation,Technology,Software - Infrastructure,175.32,490363060224.0,21802999808.0,0.069,Austin,TX,United States,159000.0,0.0086466911575532
2024-07-16,ORCL,142.29005432128906,142.61000061035156,143.5,142.0500030517578,143.07000732421875,7181500.0,NYQ,Oracle Corporation,Oracle Corporation,Technology,Software - Infrastructure,175.32,490363060224.0,21802999808.0,0.069,Austin,TX,United States,159000.0,0.0086466911575532
2024-07-17,ORCL,138.9475555419922,139.25999450683594,141.7899932861328,138.67999267578125,140.47999572753906,9157000.0,NYQ,Oracle Corporation,Oracle Corporation,Technology,Software - Infrastructure,175.32,490363060224.0,21802999808.0,0.069,Austin,TX,United States,159000.0,0.0086466911575532
2024-07-18,ORCL,137.72032165527344,138.02999877929688,140.05999755859375,137.1999969482422,139.36000061035156,5998700.0,NYQ,Oracle Corporation,Oracle Corporation,Technology,Software - Infrastructure,175.32,490363060224.0,21802999808.0,0.069,Austin,TX,United States,159000.0,0.0086466911575532
2024-07-19,ORCL,138.24913024902344,138.55999755859375,140.44000244140625,138.0800018310547,138.35000610351562,6111900.0,NYQ,Oracle Corporation,Oracle Corporation,Technology,Software - Infrastructure,175.32,490363060224.0,21802999808.0,0.069,Austin,TX,United States,159000.0,0.0086466911575532
2024-07-22,ORCL,139.85552978515625,140.1699981689453,140.67999267578125,139.1199951171875,139.74000549316406,5387200.0,NYQ,Oracle Corporation,Oracle Corporation,Technology,Software - Infrastructure,175.32,490363060224.0,21802999808.0,0.069,Austin,TX,United States,159000.0,0.0086466911575532
2024-07-23,ORCL,142.78892517089844,143.11000061035156,143.22000122070312,141.2100067138672,141.3000030517578,6697400.0,NYQ,Oracle Corporation,Oracle Corporation,Technology,Software - Infrastructure,175.32,490363060224.0,21802999808.0,0.069,Austin,TX,United States,159000.0,0.0086466911575532
2024-07-24,ORCL,138.4586639404297,138.77000427246094,142.66000366210938,138.39999389648438,141.6999969482422,8018800.0,NYQ,Oracle Corporation,Oracle Corporation,Technology,Software - Infrastructure,175.32,490363060224.0,21802999808.0,0.069,Austin,TX,United States,159000.0,0.0086466911575532
2024-07-25,ORCL,137.51080322265625,137.82000732421875,141.07000732421875,137.6999969482422,140.14999389648438,7654600.0,NYQ,Oracle Corporation,Oracle Corporation,Technology,Software - Infrastructure,175.32,490363060224.0,21802999808.0,0.069,Austin,TX,United States,159000.0,0.0086466911575532
2024-07-26,ORCL,138.6981201171875,139.00999450683594,139.9600067138672,138.3800048828125,138.8699951171875,5139400.0,NYQ,Oracle Corporation,Oracle Corporation,Technology,Software - Infrastructure,175.32,490363060224.0,21802999808.0,0.069,Austin,TX,United States,159000.0,0.0086466911575532
2024-07-29,ORCL,137.99969482421875,138.30999755859375,139.77999877929688,137.82000732421875,139.27000427246094,4054600.0,NYQ,Oracle Corporation,Oracle Corporation,Technology,Software - Infrastructure,175.32,490363060224.0,21802999808.0,0.069,Austin,TX,United States,159000.0,0.0086466911575532
2024-07-30,ORCL,135.36561584472656,135.6699981689453,139.57000732421875,134.9600067138672,139.07000732421875,6505700.0,NYQ,Oracle Corporation,Oracle Corporation,Technology,Software - Infrastructure,175.32,490363060224.0,21802999808.0,0.069,Austin,TX,United States,159000.0,0.0086466911575532
2024-07-31,ORCL,139.1371307373047,139.4499969482422,141.5500030517578,138.66000366210938,139.69000244140625,7188000.0,NYQ,Oracle Corporation,Oracle Corporation,Technology,Software - Infrastructure,175.32,490363060224.0,21802999808.0,0.069,Austin,TX,United States,159000.0,0.0086466911575532
2024-08-01,ORCL,137.2014923095703,137.50999450683594,140.38999938964844,135.77000427246094,139.2899932861328,5906800.0,NYQ,Oracle Corporation,Oracle Corporation,Technology,Software - Infrastructure,175.32,490363060224.0,21802999808.0,0.069,Austin,TX,United States,159000.0,0.0086466911575532
2024-08-02,ORCL,132.98098754882812,133.27999877929688,134.3000030517578,131.8000030517578,132.77000427246094,8251600.0,NYQ,Oracle Corporation,Oracle Corporation,Technology,Software - Infrastructure,175.32,490363060224.0,21802999808.0,0.069,Austin,TX,United States,159000.0,0.0086466911575532
2024-08-05,ORCL,127.5731430053711,127.86000061035156,129.97000122070312,126.66000366210938,127.88999938964844,10355000.0,NYQ,Oracle Corporation,Oracle Corporation,Technology,Software - Infrastructure,175.32,490363060224.0,21802999808.0,0.069,Austin,TX,United States,159000.0,0.0086466911575532
2024-08-06,ORCL,127.92236328125,128.2100067138672,131.0399932861328,128.0800018310547,130.5399932861328,8373900.0,NYQ,Oracle Corporation,Oracle Corporation,Technology,Software - Infrastructure,175.32,490363060224.0,21802999808.0,0.069,Austin,TX,United States,159000.0,0.0086466911575532
2024-08-07,ORCL,125.61754608154295,125.9000015258789,130.3000030517578,125.75,128.9199981689453,8617700.0,NYQ,Oracle Corporation,Oracle Corporation,Technology,Software - Infrastructure,175.32,490363060224.0,21802999808.0,0.069,Austin,TX,United States,159000.0,0.0086466911575532
2024-08-08,ORCL,128.67068481445312,128.9600067138672,129.82000732421875,127.6500015258789,128.0,6243200.0,NYQ,Oracle Corporation,Oracle Corporation,Technology,Software - Infrastructure,175.32,490363060224.0,21802999808.0,0.069,Austin,TX,United States,159000.0,0.0086466911575532
2024-08-09,ORCL,131.7637176513672,132.05999755859375,132.3699951171875,128.33999633789062,128.39999389648438,5597300.0,NYQ,Oracle Corporation,Oracle Corporation,Technology,Software - Infrastructure,175.32,490363060224.0,21802999808.0,0.069,Austin,TX,United States,159000.0,0.0086466911575532
2024-08-12,ORCL,132.28256225585938,132.5800018310547,132.7100067138672,131.2100067138672,132.25,5600800.0,NYQ,Oracle Corporation,Oracle Corporation,Technology,Software - Infrastructure,175.32,490363060224.0,21802999808.0,0.069,Austin,TX,United States,159000.0,0.0086466911575532
2024-08-13,ORCL,133.9587860107422,134.25999450683594,134.5399932861328,132.80999755859375,132.97000122070312,4324000.0,NYQ,Oracle Corporation,Oracle Corporation,Technology,Software - Infrastructure,175.32,490363060224.0,21802999808.0,0.069,Austin,TX,United States,159000.0,0.0086466911575532
2024-08-14,ORCL,135.29579162597656,135.60000610351562,135.97000122070312,134.00999450683594,134.0399932861328,4044600.0,NYQ,Oracle Corporation,Oracle Corporation,Technology,Software - Infrastructure,175.32,490363060224.0,21802999808.0,0.069,Austin,TX,United States,159000.0,0.0086466911575532
2024-08-15,ORCL,136.62278747558594,136.92999267578125,137.25,135.72000122070312,136.92999267578125,4698100.0,NYQ,Oracle Corporation,Oracle Corporation,Technology,Software - Infrastructure,175.32,490363060224.0,21802999808.0,0.069,Austin,TX,United States,159000.0,0.0086466911575532
2024-08-16,ORCL,137.16159057617188,137.47000122070312,137.82000732421875,136.38999938964844,136.7899932861328,4893800.0,NYQ,Oracle Corporation,Oracle Corporation,Technology,Software - Infrastructure,175.32,490363060224.0,21802999808.0,0.069,Austin,TX,United States,159000.0,0.0086466911575532
2024-08-19,ORCL,137.61056518554688,137.9199981689453,137.9499969482422,136.4600067138672,137.52999877929688,3641600.0,NYQ,Oracle Corporation,Oracle Corporation,Technology,Software - Infrastructure,175.32,490363060224.0,21802999808.0,0.069,Austin,TX,United States,159000.0,0.0086466911575532
2024-08-20,ORCL,138.85777282714844,139.1699981689453,139.7899932861328,137.82000732421875,137.82000732421875,3738300.0,NYQ,Oracle Corporation,Oracle Corporation,Technology,Software - Infrastructure,175.32,490363060224.0,21802999808.0,0.069,Austin,TX,United States,159000.0,0.0086466911575532
2024-08-21,ORCL,139.8854522705078,140.1999969482422,140.3000030517578,138.5500030517578,138.8000030517578,3776800.0,NYQ,Oracle Corporation,Oracle Corporation,Technology,Software - Infrastructure,175.32,490363060224.0,21802999808.0,0.069,Austin,TX,United States,159000.0,0.0086466911575532
2024-08-22,ORCL,137.7702178955078,138.0800018310547,141.0800018310547,137.64999389648438,140.6999969482422,5162200.0,NYQ,Oracle Corporation,Oracle Corporation,Technology,Software - Infrastructure,175.32,490363060224.0,21802999808.0,0.069,Austin,TX,United States,159000.0,0.0086466911575532
2024-08-23,ORCL,138.8777313232422,139.19000244140625,139.7899932861328,137.25999450683594,138.72999572753906,4544600.0,NYQ,Oracle Corporation,Oracle Corporation,Technology,Software - Infrastructure,175.32,490363060224.0,21802999808.0,0.069,Austin,TX,United States,159000.0,0.0086466911575532
2024-08-26,ORCL,138.58836364746094,138.89999389648438,139.39999389648438,138.19000244140625,139.38999938964844,2729600.0,NYQ,Oracle Corporation,Oracle Corporation,Technology,Software - Infrastructure,175.32,490363060224.0,21802999808.0,0.069,Austin,TX,United States,159000.0,0.0086466911575532
2024-08-27,ORCL,138.1693115234375,138.47999572753906,139.5,137.74000549316406,137.85000610351562,3872200.0,NYQ,Oracle Corporation,Oracle Corporation,Technology,Software - Infrastructure,175.32,490363060224.0,21802999808.0,0.069,Austin,TX,United States,159000.0,0.0086466911575532
2024-08-28,ORCL,137.57066345214844,137.8800048828125,138.9499969482422,136.91000366210938,138.8300018310547,3022600.0,NYQ,Oracle Corporation,Oracle Corporation,Technology,Software - Infrastructure,175.32,490363060224.0,21802999808.0,0.069,Austin,TX,United States,159000.0,0.0086466911575532
2024-08-29,ORCL,139.10720825195312,139.4199981689453,141.16000366210938,138.85000610351562,139.13999938964844,4588400.0,NYQ,Oracle Corporation,Oracle Corporation,Technology,Software - Infrastructure,175.32,490363060224.0,21802999808.0,0.069,Austin,TX,United States,159000.0,0.0086466911575532
2024-08-30,ORCL,140.97300720214844,141.2899932861328,141.72000122070312,140.10000610351562,140.3300018310547,7980700.0,NYQ,Oracle Corporation,Oracle Corporation,Technology,Software - Infrastructure,175.32,490363060224.0,21802999808.0,0.069,Austin,TX,United States,159000.0,0.0086466911575532
2024-09-03,ORCL,139.18702697753906,139.5,142.1999969482422,138.8300018310547,140.4499969482422,6831200.0,NYQ,Oracle Corporation,Oracle Corporation,Technology,Software - Infrastructure,175.32,490363060224.0,21802999808.0,0.069,Austin,TX,United States,159000.0,0.0086466911575532
2024-09-04,ORCL,140.43421936035156,140.75,141.10000610351562,137.9499969482422,138.44000244140625,6243300.0,NYQ,Oracle Corporation,Oracle Corporation,Technology,Software - Infrastructure,175.32,490363060224.0,21802999808.0,0.069,Austin,TX,United States,159000.0,0.0086466911575532
2024-09-05,ORCL,142.29005432128906,142.61000061035156,143.27999877929688,140.30999755859375,141.39999389648438,8733200.0,NYQ,Oracle Corporation,Oracle Corporation,Technology,Software - Infrastructure,175.32,490363060224.0,21802999808.0,0.069,Austin,TX,United States,159000.0,0.0086466911575532
2024-09-06,ORCL,141.49183654785156,141.80999755859375,143.94000244140625,139.39999389648438,143.7899932861328,11154800.0,NYQ,Oracle Corporation,Oracle Corporation,Technology,Software - Infrastructure,175.32,490363060224.0,21802999808.0,0.069,Austin,TX,United States,159000.0,0.0086466911575532
2024-09-09,ORCL,139.57615661621094,139.88999938964844,143.3000030517578,139.50999450683594,142.49000549316406,20233400.0,NYQ,Oracle Corporation,Oracle Corporation,Technology,Software - Infrastructure,175.32,490363060224.0,21802999808.0,0.069,Austin,TX,United States,159000.0,0.0086466911575532
2024-09-10,ORCL,155.54025268554688,155.88999938964844,160.52000427246094,153.1199951171875,154.22999572753906,37374200.0,NYQ,Oracle Corporation,Oracle Corporation,Technology,Software - Infrastructure,175.32,490363060224.0,21802999808.0,0.069,Austin,TX,United States,159000.0,0.0086466911575532
2024-09-11,ORCL,156.82736206054688,157.17999267578125,159.44000244140625,154.83999633789062,156.77999877929688,12630100.0,NYQ,Oracle Corporation,Oracle Corporation,Technology,Software - Infrastructure,175.32,490363060224.0,21802999808.0,0.069,Austin,TX,United States,159000.0,0.0086466911575532
2024-09-12,ORCL,161.0179443359375,161.3800048828125,162.33999633789062,157.89999389648438,159.0399932861328,16352000.0,NYQ,Oracle Corporation,Oracle Corporation,Technology,Software - Infrastructure,175.32,490363060224.0,21802999808.0,0.069,Austin,TX,United States,159000.0,0.0086466911575532
2024-09-13,ORCL,161.66648864746094,162.02999877929688,173.94000244140625,161.0,173.6999969482422,25727800.0,NYQ,Oracle Corporation,Oracle Corporation,Technology,Software - Infrastructure,175.32,490363060224.0,21802999808.0,0.069,Austin,TX,United States,159000.0,0.0086466911575532
2024-09-16,ORCL,169.94786071777344,170.3300018310547,173.99000549316406,164.50999450683594,164.99000549316406,27384400.0,NYQ,Oracle Corporation,Oracle Corporation,Technology,Software - Infrastructure,175.32,490363060224.0,21802999808.0,0.069,Austin,TX,United States,159000.0,0.0086466911575532
2024-09-17,ORCL,167.0942840576172,167.47000122070312,170.63999938964844,166.77000427246094,170.27999877929688,12580100.0,NYQ,Oracle Corporation,Oracle Corporation,Technology,Software - Infrastructure,175.32,490363060224.0,21802999808.0,0.069,Austin,TX,United States,159000.0,0.0086466911575532
2024-09-18,ORCL,164.16087341308594,164.52999877929688,167.6199951171875,163.72999572753906,167.6199951171875,12274400.0,NYQ,Oracle Corporation,Oracle Corporation,Technology,Software - Infrastructure,175.32,490363060224.0,21802999808.0,0.069,Austin,TX,United States,159000.0,0.0086466911575532
2024-09-19,ORCL,167.21400451660156,167.58999633789062,168.16000366210938,164.50999450683594,167.25,10075900.0,NYQ,Oracle Corporation,Oracle Corporation,Technology,Software - Infrastructure,175.32,490363060224.0,21802999808.0,0.069,Austin,TX,United States,159000.0,0.0086466911575532
2024-09-20,ORCL,167.6230926513672,168.0,168.8300018310547,166.60000610351562,167.1300048828125,12187700.0,NYQ,Oracle Corporation,Oracle Corporation,Technology,Software - Infrastructure,175.32,490363060224.0,21802999808.0,0.069,Austin,TX,United States,159000.0,0.0086466911575532
2024-09-23,ORCL,165.5776824951172,165.9499969482422,167.3300018310547,164.25999450683594,167.22999572753906,7916100.0,NYQ,Oracle Corporation,Oracle Corporation,Technology,Software - Infrastructure,175.32,490363060224.0,21802999808.0,0.069,Austin,TX,United States,159000.0,0.0086466911575532
2024-09-24,ORCL,165.4280242919922,165.8000030517578,166.10000610351562,163.9199981689453,165.74000549316406,6155100.0,NYQ,Oracle Corporation,Oracle Corporation,Technology,Software - Infrastructure,175.32,490363060224.0,21802999808.0,0.069,Austin,TX,United States,159000.0,0.0086466911575532
2024-09-25,ORCL,165.90695190429688,166.27999877929688,168.75,165.66000366210938,167.69000244140625,7142400.0,NYQ,Oracle Corporation,Oracle Corporation,Technology,Software - Infrastructure,175.32,490363060224.0,21802999808.0,0.069,Austin,TX,United States,159000.0,0.0086466911575532
2024-09-26,ORCL,167.72286987304688,168.10000610351562,168.36000061035156,166.47999572753906,167.64999389648438,7096800.0,NYQ,Oracle Corporation,Oracle Corporation,Technology,Software - Infrastructure,175.32,490363060224.0,21802999808.0,0.069,Austin,TX,United States,159000.0,0.0086466911575532
2024-09-27,ORCL,168.36143493652344,168.74000549316406,169.11000061035156,166.50999450683594,168.08999633789062,8974400.0,NYQ,Oracle Corporation,Oracle Corporation,Technology,Software - Infrastructure,175.32,490363060224.0,21802999808.0,0.069,Austin,TX,United States,159000.0,0.0086466911575532
2024-09-30,ORCL,170.0177001953125,170.39999389648438,170.52000427246094,166.4499969482422,169.5,10210300.0,NYQ,Oracle Corporation,Oracle Corporation,Technology,Software - Infrastructure,175.32,490363060224.0,21802999808.0,0.069,Austin,TX,United States,159000.0,0.0086466911575532
2024-10-01,ORCL,166.78497314453125,167.16000366210938,170.50999450683594,165.97000122070312,170.22000122070312,7595100.0,NYQ,Oracle Corporation,Oracle Corporation,Technology,Software - Infrastructure,175.32,490363060224.0,21802999808.0,0.069,Austin,TX,United States,159000.0,0.0086466911575532
2024-10-02,ORCL,167.333740234375,167.7100067138672,169.17999267578125,167.27000427246094,167.60000610351562,7073000.0,NYQ,Oracle Corporation,Oracle Corporation,Technology,Software - Infrastructure,175.32,490363060224.0,21802999808.0,0.069,Austin,TX,United States,159000.0,0.0086466911575532
2024-10-03,ORCL,166.4856414794922,166.86000061035156,167.86000061035156,166.24000549316406,166.88999938964844,4735700.0,NYQ,Oracle Corporation,Oracle Corporation,Technology,Software - Infrastructure,175.32,490363060224.0,21802999808.0,0.069,Austin,TX,United States,159000.0,0.0086466911575532
2024-10-04,ORCL,170.47666931152344,170.86000061035156,170.89999389648438,168.1699981689453,168.7100067138672,6386900.0,NYQ,Oracle Corporation,Oracle Corporation,Technology,Software - Infrastructure,175.32,490363060224.0,21802999808.0,0.069,Austin,TX,United States,159000.0,0.0086466911575532
2024-10-07,ORCL,169.5886688232422,169.97000122070312,172.3300018310547,169.5500030517578,170.4199981689453,6791000.0,NYQ,Oracle Corporation,Oracle Corporation,Technology,Software - Infrastructure,175.32,490363060224.0,21802999808.0,0.069,Austin,TX,United States,159000.0,0.0086466911575532
2024-10-08,ORCL,173.97879028320312,174.3699951171875,174.63999938964844,170.44000244140625,170.60000610351562,7845400.0,NYQ,Oracle Corporation,Oracle Corporation,Technology,Software - Infrastructure,175.32,490363060224.0,21802999808.0,0.069,Austin,TX,United States,159000.0,0.0086466911575532
2024-10-09,ORCL,177.88999938964844,178.2899932861328,178.61000061035156,173.80999755859375,174.55999755859375,8120900.0,NYQ,Oracle Corporation,Oracle Corporation,Technology,Software - Infrastructure,175.32,490363060224.0,21802999808.0,0.069,Austin,TX,United States,159000.0,0.0086466911575532
2024-10-10,ORCL,175.41000366210938,175.41000366210938,178.3000030517578,174.17999267578125,177.64999389648438,7115900.0,NYQ,Oracle Corporation,Oracle Corporation,Technology,Software - Infrastructure,175.32,490363060224.0,21802999808.0,0.069,Austin,TX,United States,159000.0,0.0086466911575532
2024-10-11,ORCL,175.77000427246094,175.77000427246094,177.0,174.39999389648438,175.5,5869400.0,NYQ,Oracle Corporation,Oracle Corporation,Technology,Software - Infrastructure,175.32,490363060224.0,21802999808.0,0.069,Austin,TX,United States,159000.0,0.0086466911575532
2024-10-14,ORCL,176.1199951171875,176.1199951171875,177.22000122070312,175.5,176.5500030517578,4688700.0,NYQ,Oracle Corporation,Oracle Corporation,Technology,Software - Infrastructure,175.32,490363060224.0,21802999808.0,0.069,Austin,TX,United States,159000.0,0.0086466911575532
2024-10-15,ORCL,174.08999633789062,174.08999633789062,178.22000122070312,173.75,176.94000244140625,5848600.0,NYQ,Oracle Corporation,Oracle Corporation,Technology,Software - Infrastructure,175.32,490363060224.0,21802999808.0,0.069,Austin,TX,United States,159000.0,0.0086466911575532
2024-10-16,ORCL,174.77000427246094,174.77000427246094,174.91000366210938,171.63999938964844,173.5,6383000.0,NYQ,Oracle Corporation,Oracle Corporation,Technology,Software - Infrastructure,175.32,490363060224.0,21802999808.0,0.069,Austin,TX,United States,159000.0,0.0086466911575532
2024-10-17,ORCL,175.67999267578125,175.67999267578125,177.75,175.13999938964844,177.5,5474000.0,NYQ,Oracle Corporation,Oracle Corporation,Technology,Software - Infrastructure,175.32,490363060224.0,21802999808.0,0.069,Austin,TX,United States,159000.0,0.0086466911575532
2024-10-18,ORCL,174.69000244140625,174.69000244140625,176.97000122070312,174.5800018310547,176.8000030517578,5001300.0,NYQ,Oracle Corporation,Oracle Corporation,Technology,Software - Infrastructure,175.32,490363060224.0,21802999808.0,0.069,Austin,TX,United States,159000.0,0.0086466911575532
2024-10-21,ORCL,173.75999450683594,173.75999450683594,175.14999389648438,173.16000366210938,174.4499969482422,4198400.0,NYQ,Oracle Corporation,Oracle Corporation,Technology,Software - Infrastructure,175.32,490363060224.0,21802999808.0,0.069,Austin,TX,United States,159000.0,0.0086466911575532
2024-10-22,ORCL,175.30999755859375,175.30999755859375,175.85000610351562,174.27999877929688,175.4499969482422,5510100.0,NYQ,Oracle Corporation,Oracle Corporation,Technology,Software - Infrastructure,175.32,490363060224.0,21802999808.0,0.069,Austin,TX,United States,159000.0,0.0086466911575532
2024-10-23,ORCL,173.10000610351562,173.10000610351562,176.07000732421875,173.00999450683594,174.5,4830400.0,NYQ,Oracle Corporation,Oracle Corporation,Technology,Software - Infrastructure,175.32,490363060224.0,21802999808.0,0.069,Austin,TX,United States,159000.0,0.0086466911575532
2024-10-24,ORCL,174.3800048828125,174.3800048828125,174.9499969482422,172.91000366210938,173.32000732421875,3488000.0,NYQ,Oracle Corporation,Oracle Corporation,Technology,Software - Infrastructure,175.32,490363060224.0,21802999808.0,0.069,Austin,TX,United States,159000.0,0.0086466911575532
2024-10-25,ORCL,173.52000427246094,173.52000427246094,176.2899932861328,173.10000610351562,174.77999877929688,3674700.0,NYQ,Oracle Corporation,Oracle Corporation,Technology,Software - Infrastructure,175.32,490363060224.0,21802999808.0,0.069,Austin,TX,United States,159000.0,0.0086466911575532
2024-10-28,ORCL,172.4199981689453,172.4199981689453,174.1699981689453,172.13999938964844,174.0500030517578,4330000.0,NYQ,Oracle Corporation,Oracle Corporation,Technology,Software - Infrastructure,175.32,490363060224.0,21802999808.0,0.069,Austin,TX,United States,159000.0,0.0086466911575532
2024-10-29,ORCL,173.42999267578125,173.42999267578125,174.02000427246094,172.2899932861328,172.2899932861328,4122900.0,NYQ,Oracle Corporation,Oracle Corporation,Technology,Software - Infrastructure,175.32,490363060224.0,21802999808.0,0.069,Austin,TX,United States,159000.0,0.0086466911575532
2024-10-30,ORCL,174.55999755859375,174.55999755859375,176.16000366210938,172.7899932861328,173.97999572753906,5822500.0,NYQ,Oracle Corporation,Oracle Corporation,Technology,Software - Infrastructure,175.32,490363060224.0,21802999808.0,0.069,Austin,TX,United States,159000.0,0.0086466911575532
2024-10-31,ORCL,167.83999633789062,167.83999633789062,170.8800048828125,167.39999389648438,170.52000427246094,9477500.0,NYQ,Oracle Corporation,Oracle Corporation,Technology,Software - Infrastructure,175.32,490363060224.0,21802999808.0,0.069,Austin,TX,United States,159000.0,0.0086466911575532
2024-11-01,ORCL,170.02000427246094,170.02000427246094,172.27000427246094,169.10000610351562,170.14999389648438,5680600.0,NYQ,Oracle Corporation,Oracle Corporation,Technology,Software - Infrastructure,175.32,490363060224.0,21802999808.0,0.069,Austin,TX,United States,159000.0,0.0086466911575532
2024-11-04,ORCL,169.58999633789062,169.58999633789062,170.47999572753906,168.72999572753906,170.30999755859375,4804400.0,NYQ,Oracle Corporation,Oracle Corporation,Technology,Software - Infrastructure,175.32,490363060224.0,21802999808.0,0.069,Austin,TX,United States,159000.0,0.0086466911575532
2024-11-05,ORCL,171.77999877929688,171.77999877929688,171.88999938964844,170.32000732421875,170.47000122070312,5456800.0,NYQ,Oracle Corporation,Oracle Corporation,Technology,Software - Infrastructure,175.32,490363060224.0,21802999808.0,0.069,Austin,TX,United States,159000.0,0.0086466911575532
2024-11-06,ORCL,181.2400054931641,181.2400054931641,182.1000061035156,177.4199981689453,178.52000427246094,11085000.0,NYQ,Oracle Corporation,Oracle Corporation,Technology,Software - Infrastructure,175.32,490363060224.0,21802999808.0,0.069,Austin,TX,United States,159000.0,0.0086466911575532
2024-11-07,ORCL,186.3699951171875,186.3699951171875,186.6699981689453,180.5399932861328,181.0800018310547,7759400.0,NYQ,Oracle Corporation,Oracle Corporation,Technology,Software - Infrastructure,175.32,490363060224.0,21802999808.0,0.069,Austin,TX,United States,159000.0,0.0086466911575532
2024-11-08,ORCL,189.25,189.25,190.16000366210935,186.25999450683597,186.25999450683597,8520400.0,NYQ,Oracle Corporation,Oracle Corporation,Technology,Software - Infrastructure,175.32,490363060224.0,21802999808.0,0.069,Austin,TX,United States,159000.0,0.0086466911575532
2024-11-11,ORCL,189.1300048828125,189.1300048828125,191.5,187.83999633789065,191.0500030517578,5973600.0,NYQ,Oracle Corporation,Oracle Corporation,Technology,Software - Infrastructure,175.32,490363060224.0,21802999808.0,0.069,Austin,TX,United States,159000.0,0.0086466911575532
2024-11-12,ORCL,189.5800018310547,189.5800018310547,190.6100006103516,187.1999969482422,188.5399932861328,6629900.0,NYQ,Oracle Corporation,Oracle Corporation,Technology,Software - Infrastructure,175.32,490363060224.0,21802999808.0,0.069,Austin,TX,United States,159000.0,0.0086466911575532
2024-11-13,ORCL,189.6300048828125,189.6300048828125,191.7700042724609,188.7899932861328,189.0,5695400.0,NYQ,Oracle Corporation,Oracle Corporation,Technology,Software - Infrastructure,175.32,490363060224.0,21802999808.0,0.069,Austin,TX,United States,159000.0,0.0086466911575532
2024-11-14,ORCL,187.0500030517578,187.0500030517578,189.58999633789065,186.7100067138672,188.66000366210935,7804300.0,NYQ,Oracle Corporation,Oracle Corporation,Technology,Software - Infrastructure,175.32,490363060224.0,21802999808.0,0.069,Austin,TX,United States,159000.0,0.0086466911575532
2024-11-15,ORCL,183.7400054931641,183.7400054931641,185.8000030517578,182.3300018310547,184.5200042724609,8986300.0,NYQ,Oracle Corporation,Oracle Corporation,Technology,Software - Infrastructure,175.32,490363060224.0,21802999808.0,0.069,Austin,TX,United States,159000.0,0.0086466911575532
2024-11-18,ORCL,185.72999572753903,185.72999572753903,186.17999267578125,182.8800048828125,184.3000030517578,6291400.0,NYQ,Oracle Corporation,Oracle Corporation,Technology,Software - Infrastructure,175.32,490363060224.0,21802999808.0,0.069,Austin,TX,United States,159000.0,0.0086466911575532
2024-11-19,ORCL,188.8999938964844,188.8999938964844,189.32000732421875,184.32000732421875,184.88999938964844,8117000.0,NYQ,Oracle Corporation,Oracle Corporation,Technology,Software - Infrastructure,175.32,490363060224.0,21802999808.0,0.069,Austin,TX,United States,159000.0,0.0086466911575532
2024-11-20,ORCL,190.75,190.75,190.97000122070312,187.82000732421875,190.8999938964844,4860200.0,NYQ,Oracle Corporation,Oracle Corporation,Technology,Software - Infrastructure,175.32,490363060224.0,21802999808.0,0.069,Austin,TX,United States,159000.0,0.0086466911575532
2024-11-21,ORCL,192.42999267578125,192.42999267578125,196.0399932861328,191.63999938964844,191.94000244140625,11394300.0,NYQ,Oracle Corporation,Oracle Corporation,Technology,Software - Infrastructure,175.32,490363060224.0,21802999808.0,0.069,Austin,TX,United States,159000.0,0.0086466911575532
2024-11-22,ORCL,192.2899932861328,192.2899932861328,194.1999969482422,191.05999755859372,193.0,6879400.0,NYQ,Oracle Corporation,Oracle Corporation,Technology,Software - Infrastructure,175.32,490363060224.0,21802999808.0,0.069,Austin,TX,United States,159000.0,0.0086466911575532
2024-11-25,ORCL,187.9900054931641,187.9900054931641,194.75,187.9900054931641,194.5,15138500.0,NYQ,Oracle Corporation,Oracle Corporation,Technology,Software - Infrastructure,175.32,490363060224.0,21802999808.0,0.069,Austin,TX,United States,159000.0,0.0086466911575532
2024-11-26,ORCL,190.3699951171875,190.3699951171875,192.3999938964844,188.32000732421875,188.32000732421875,6427200.0,NYQ,Oracle Corporation,Oracle Corporation,Technology,Software - Infrastructure,175.32,490363060224.0,21802999808.0,0.069,Austin,TX,United States,159000.0,0.0086466911575532
2024-11-27,ORCL,182.6999969482422,182.6999969482422,188.9600067138672,182.22000122070312,188.9600067138672,8368800.0,NYQ,Oracle Corporation,Oracle Corporation,Technology,Software - Infrastructure,175.32,490363060224.0,21802999808.0,0.069,Austin,TX,United States,159000.0,0.0086466911575532
2024-11-29,ORCL,184.83999633789065,184.83999633789065,185.92999267578125,184.0,184.00999450683597,4628000.0,NYQ,Oracle Corporation,Oracle Corporation,Technology,Software - Infrastructure,175.32,490363060224.0,21802999808.0,0.069,Austin,TX,United States,159000.0,0.0086466911575532
2024-12-02,ORCL,181.41000366210935,181.41000366210935,185.2899932861328,181.0,185.2899932861328,8859700.0,NYQ,Oracle Corporation,Oracle Corporation,Technology,Software - Infrastructure,175.32,490363060224.0,21802999808.0,0.069,Austin,TX,United States,159000.0,0.0086466911575532
2024-12-03,ORCL,182.88999938964844,182.88999938964844,183.0399932861328,179.11000061035156,181.17999267578125,8917100.0,NYQ,Oracle Corporation,Oracle Corporation,Technology,Software - Infrastructure,175.32,490363060224.0,21802999808.0,0.069,Austin,TX,United States,159000.0,0.0086466911575532
2024-12-04,ORCL,188.19000244140625,188.19000244140625,189.7899932861328,185.8999938964844,188.0,8906300.0,NYQ,Oracle Corporation,Oracle Corporation,Technology,Software - Infrastructure,175.32,490363060224.0,21802999808.0,0.069,Austin,TX,United States,159000.0,0.0086466911575532
2024-12-05,ORCL,186.2400054931641,186.2400054931641,189.0200042724609,185.8500061035156,189.0200042724609,6398100.0,NYQ,Oracle Corporation,Oracle Corporation,Technology,Software - Infrastructure,175.32,490363060224.0,21802999808.0,0.069,Austin,TX,United States,159000.0,0.0086466911575532
2024-12-06,ORCL,191.69000244140625,191.69000244140625,192.6300048828125,186.3800048828125,187.0,10503400.0,NYQ,Oracle Corporation,Oracle Corporation,Technology,Software - Infrastructure,175.32,490363060224.0,21802999808.0,0.069,Austin,TX,United States,159000.0,0.0086466911575532
2024-12-09,ORCL,190.4499969482422,190.4499969482422,198.30999755859372,188.92999267578125,196.3000030517578,20158000.0,NYQ,Oracle Corporation,Oracle Corporation,Technology,Software - Infrastructure,175.32,490363060224.0,21802999808.0,0.069,Austin,TX,United States,159000.0,0.0086466911575532
2024-12-10,ORCL,177.74000549316406,177.74000549316406,177.8000030517578,171.05999755859375,173.4600067138672,26502000.0,NYQ,Oracle Corporation,Oracle Corporation,Technology,Software - Infrastructure,175.32,490363060224.0,21802999808.0,0.069,Austin,TX,United States,159000.0,0.0086466911575532
2024-12-11,ORCL,178.5800018310547,178.5800018310547,181.3800048828125,174.8300018310547,178.0,13188700.0,NYQ,Oracle Corporation,Oracle Corporation,Technology,Software - Infrastructure,175.32,490363060224.0,21802999808.0,0.069,Austin,TX,United States,159000.0,0.0086466911575532
2024-12-12,ORCL,175.32000732421875,175.32000732421875,178.16990661621094,174.82000732421875,178.0,7145880.0,NYQ,Oracle Corporation,Oracle Corporation,Technology,Software - Infrastructure,175.32,490363060224.0,21802999808.0,0.069,Austin,TX,United States,159000.0,0.0086466911575532
2024-01-02,TSLA,248.4199981689453,248.4199981689453,251.25,244.41000366210935,250.0800018310547,104654200.0,NMS,"Tesla, Inc.","Tesla, Inc.",Consumer Cyclical,Auto Manufacturers,418.1,1342126161920.0,13244000256.0,0.078,Austin,TX,United States,140473.0,0.0236660371833338
2024-01-03,TSLA,238.4499969482422,238.4499969482422,245.67999267578125,236.32000732421875,244.97999572753903,121082600.0,NMS,"Tesla, Inc.","Tesla, Inc.",Consumer Cyclical,Auto Manufacturers,418.1,1342126161920.0,13244000256.0,0.078,Austin,TX,United States,140473.0,0.0236660371833338
2024-01-04,TSLA,237.92999267578125,237.92999267578125,242.6999969482422,237.72999572753903,239.25,102629300.0,NMS,"Tesla, Inc.","Tesla, Inc.",Consumer Cyclical,Auto Manufacturers,418.1,1342126161920.0,13244000256.0,0.078,Austin,TX,United States,140473.0,0.0236660371833338
2024-01-05,TSLA,237.4900054931641,237.4900054931641,240.1199951171875,234.8999938964844,236.8600006103516,92379400.0,NMS,"Tesla, Inc.","Tesla, Inc.",Consumer Cyclical,Auto Manufacturers,418.1,1342126161920.0,13244000256.0,0.078,Austin,TX,United States,140473.0,0.0236660371833338
2024-01-08,TSLA,240.4499969482422,240.4499969482422,241.25,235.3000030517578,236.13999938964844,85166600.0,NMS,"Tesla, Inc.","Tesla, Inc.",Consumer Cyclical,Auto Manufacturers,418.1,1342126161920.0,13244000256.0,0.078,Austin,TX,United States,140473.0,0.0236660371833338
2024-01-09,TSLA,234.9600067138672,234.9600067138672,238.9600067138672,232.0399932861328,238.1100006103516,96705700.0,NMS,"Tesla, Inc.","Tesla, Inc.",Consumer Cyclical,Auto Manufacturers,418.1,1342126161920.0,13244000256.0,0.078,Austin,TX,United States,140473.0,0.0236660371833338
2024-01-10,TSLA,233.94000244140625,233.94000244140625,235.5,231.2899932861328,235.1000061035156,91628500.0,NMS,"Tesla, Inc.","Tesla, Inc.",Consumer Cyclical,Auto Manufacturers,418.1,1342126161920.0,13244000256.0,0.078,Austin,TX,United States,140473.0,0.0236660371833338
2024-01-11,TSLA,227.22000122070312,227.22000122070312,230.92999267578125,225.3699951171875,230.57000732421875,105873600.0,NMS,"Tesla, Inc.","Tesla, Inc.",Consumer Cyclical,Auto Manufacturers,418.1,1342126161920.0,13244000256.0,0.078,Austin,TX,United States,140473.0,0.0236660371833338
2024-01-12,TSLA,218.88999938964844,218.88999938964844,225.33999633789065,217.1499938964844,220.0800018310547,122889000.0,NMS,"Tesla, Inc.","Tesla, Inc.",Consumer Cyclical,Auto Manufacturers,418.1,1342126161920.0,13244000256.0,0.078,Austin,TX,United States,140473.0,0.0236660371833338
2024-01-16,TSLA,219.91000366210935,219.91000366210935,223.4900054931641,212.17999267578125,215.1000061035156,115355000.0,NMS,"Tesla, Inc.","Tesla, Inc.",Consumer Cyclical,Auto Manufacturers,418.1,1342126161920.0,13244000256.0,0.078,Austin,TX,United States,140473.0,0.0236660371833338
2024-01-17,TSLA,215.5500030517578,215.5500030517578,215.6699981689453,212.00999450683597,214.8600006103516,103164400.0,NMS,"Tesla, Inc.","Tesla, Inc.",Consumer Cyclical,Auto Manufacturers,418.1,1342126161920.0,13244000256.0,0.078,Austin,TX,United States,140473.0,0.0236660371833338
2024-01-18,TSLA,211.8800048828125,211.8800048828125,217.4499969482422,208.7400054931641,216.8800048828125,108595400.0,NMS,"Tesla, Inc.","Tesla, Inc.",Consumer Cyclical,Auto Manufacturers,418.1,1342126161920.0,13244000256.0,0.078,Austin,TX,United States,140473.0,0.0236660371833338
2024-01-19,TSLA,212.19000244140625,212.19000244140625,213.19000244140625,207.55999755859372,209.9900054931641,102095800.0,NMS,"Tesla, Inc.","Tesla, Inc.",Consumer Cyclical,Auto Manufacturers,418.1,1342126161920.0,13244000256.0,0.078,Austin,TX,United States,140473.0,0.0236660371833338
2024-01-22,TSLA,208.8000030517578,208.8000030517578,217.8000030517578,206.2700042724609,212.25999450683597,117952500.0,NMS,"Tesla, Inc.","Tesla, Inc.",Consumer Cyclical,Auto Manufacturers,418.1,1342126161920.0,13244000256.0,0.078,Austin,TX,United States,140473.0,0.0236660371833338
2024-01-23,TSLA,209.13999938964844,209.13999938964844,215.6499938964844,207.75,211.3000030517578,106605900.0,NMS,"Tesla, Inc.","Tesla, Inc.",Consumer Cyclical,Auto Manufacturers,418.1,1342126161920.0,13244000256.0,0.078,Austin,TX,United States,140473.0,0.0236660371833338
2024-01-24,TSLA,207.8300018310547,207.8300018310547,212.72999572753903,206.7700042724609,211.8800048828125,123369900.0,NMS,"Tesla, Inc.","Tesla, Inc.",Consumer Cyclical,Auto Manufacturers,418.1,1342126161920.0,13244000256.0,0.078,Austin,TX,United States,140473.0,0.0236660371833338
2024-01-25,TSLA,182.6300048828125,182.6300048828125,193.0,180.05999755859375,189.6999969482422,198076800.0,NMS,"Tesla, Inc.","Tesla, Inc.",Consumer Cyclical,Auto Manufacturers,418.1,1342126161920.0,13244000256.0,0.078,Austin,TX,United States,140473.0,0.0236660371833338
2024-01-26,TSLA,183.25,183.25,186.77999877929688,182.1000061035156,185.5,107343200.0,NMS,"Tesla, Inc.","Tesla, Inc.",Consumer Cyclical,Auto Manufacturers,418.1,1342126161920.0,13244000256.0,0.078,Austin,TX,United States,140473.0,0.0236660371833338
2024-01-29,TSLA,190.92999267578125,190.92999267578125,191.47999572753903,183.6699981689453,185.6300048828125,125013100.0,NMS,"Tesla, Inc.","Tesla, Inc.",Consumer Cyclical,Auto Manufacturers,418.1,1342126161920.0,13244000256.0,0.078,Austin,TX,United States,140473.0,0.0236660371833338
2024-01-30,TSLA,191.58999633789065,191.58999633789065,196.3600006103516,190.6100006103516,195.3300018310547,109982300.0,NMS,"Tesla, Inc.","Tesla, Inc.",Consumer Cyclical,Auto Manufacturers,418.1,1342126161920.0,13244000256.0,0.078,Austin,TX,United States,140473.0,0.0236660371833338
2024-01-31,TSLA,187.2899932861328,187.2899932861328,193.97000122070312,185.8500061035156,187.0,103221400.0,NMS,"Tesla, Inc.","Tesla, Inc.",Consumer Cyclical,Auto Manufacturers,418.1,1342126161920.0,13244000256.0,0.078,Austin,TX,United States,140473.0,0.0236660371833338
2024-02-01,TSLA,188.8600006103516,188.8600006103516,189.8800048828125,184.27999877929688,188.5,91843300.0,NMS,"Tesla, Inc.","Tesla, Inc.",Consumer Cyclical,Auto Manufacturers,418.1,1342126161920.0,13244000256.0,0.078,Austin,TX,United States,140473.0,0.0236660371833338
2024-02-02,TSLA,187.91000366210935,187.91000366210935,188.69000244140625,182.0,185.0399932861328,110505100.0,NMS,"Tesla, Inc.","Tesla, Inc.",Consumer Cyclical,Auto Manufacturers,418.1,1342126161920.0,13244000256.0,0.078,Austin,TX,United States,140473.0,0.0236660371833338
2024-02-05,TSLA,181.05999755859372,181.05999755859372,184.67999267578125,175.00999450683594,184.25999450683597,134294400.0,NMS,"Tesla, Inc.","Tesla, Inc.",Consumer Cyclical,Auto Manufacturers,418.1,1342126161920.0,13244000256.0,0.078,Austin,TX,United States,140473.0,0.0236660371833338
2024-02-06,TSLA,185.1000061035156,185.1000061035156,186.4900054931641,177.11000061035156,177.2100067138672,122676000.0,NMS,"Tesla, Inc.","Tesla, Inc.",Consumer Cyclical,Auto Manufacturers,418.1,1342126161920.0,13244000256.0,0.078,Austin,TX,United States,140473.0,0.0236660371833338
2024-02-07,TSLA,187.5800018310547,187.5800018310547,189.7899932861328,182.67999267578125,188.17999267578125,111535200.0,NMS,"Tesla, Inc.","Tesla, Inc.",Consumer Cyclical,Auto Manufacturers,418.1,1342126161920.0,13244000256.0,0.078,Austin,TX,United States,140473.0,0.0236660371833338
2024-02-08,TSLA,189.55999755859372,189.55999755859372,191.6199951171875,185.5800018310547,189.0,83034000.0,NMS,"Tesla, Inc.","Tesla, Inc.",Consumer Cyclical,Auto Manufacturers,418.1,1342126161920.0,13244000256.0,0.078,Austin,TX,United States,140473.0,0.0236660371833338
2024-02-09,TSLA,193.57000732421875,193.57000732421875,194.1199951171875,189.47999572753903,190.17999267578125,84476300.0,NMS,"Tesla, Inc.","Tesla, Inc.",Consumer Cyclical,Auto Manufacturers,418.1,1342126161920.0,13244000256.0,0.078,Austin,TX,United States,140473.0,0.0236660371833338
2024-02-12,TSLA,188.1300048828125,188.1300048828125,194.72999572753903,187.27999877929688,192.1100006103516,95498600.0,NMS,"Tesla, Inc.","Tesla, Inc.",Consumer Cyclical,Auto Manufacturers,418.1,1342126161920.0,13244000256.0,0.078,Austin,TX,United States,140473.0,0.0236660371833338
2024-02-13,TSLA,184.0200042724609,184.0200042724609,187.25999450683597,182.1100006103516,183.9900054931641,86759500.0,NMS,"Tesla, Inc.","Tesla, Inc.",Consumer Cyclical,Auto Manufacturers,418.1,1342126161920.0,13244000256.0,0.078,Austin,TX,United States,140473.0,0.0236660371833338
2024-02-14,TSLA,188.7100067138672,188.7100067138672,188.88999938964844,183.3500061035156,185.3000030517578,81203000.0,NMS,"Tesla, Inc.","Tesla, Inc.",Consumer Cyclical,Auto Manufacturers,418.1,1342126161920.0,13244000256.0,0.078,Austin,TX,United States,140473.0,0.0236660371833338
2024-02-15,TSLA,200.4499969482422,200.4499969482422,200.8800048828125,188.8600006103516,189.16000366210935,120831800.0,NMS,"Tesla, Inc.","Tesla, Inc.",Consumer Cyclical,Auto Manufacturers,418.1,1342126161920.0,13244000256.0,0.078,Austin,TX,United States,140473.0,0.0236660371833338
2024-02-16,TSLA,199.9499969482422,199.9499969482422,203.1699981689453,197.3999938964844,202.05999755859372,111173600.0,NMS,"Tesla, Inc.","Tesla, Inc.",Consumer Cyclical,Auto Manufacturers,418.1,1342126161920.0,13244000256.0,0.078,Austin,TX,United States,140473.0,0.0236660371833338
2024-02-20,TSLA,193.75999450683597,193.75999450683597,198.6000061035156,189.1300048828125,196.1300048828125,104545800.0,NMS,"Tesla, Inc.","Tesla, Inc.",Consumer Cyclical,Auto Manufacturers,418.1,1342126161920.0,13244000256.0,0.078,Austin,TX,United States,140473.0,0.0236660371833338
2024-02-21,TSLA,194.7700042724609,194.7700042724609,199.44000244140625,191.9499969482422,193.3600006103516,103844000.0,NMS,"Tesla, Inc.","Tesla, Inc.",Consumer Cyclical,Auto Manufacturers,418.1,1342126161920.0,13244000256.0,0.078,Austin,TX,United States,140473.0,0.0236660371833338
2024-02-22,TSLA,197.41000366210935,197.41000366210935,198.32000732421875,191.3600006103516,194.0,92739500.0,NMS,"Tesla, Inc.","Tesla, Inc.",Consumer Cyclical,Auto Manufacturers,418.1,1342126161920.0,13244000256.0,0.078,Austin,TX,United States,140473.0,0.0236660371833338
2024-02-23,TSLA,191.97000122070312,191.97000122070312,197.57000732421875,191.5,195.30999755859372,78841900.0,NMS,"Tesla, Inc.","Tesla, Inc.",Consumer Cyclical,Auto Manufacturers,418.1,1342126161920.0,13244000256.0,0.078,Austin,TX,United States,140473.0,0.0236660371833338
2024-02-26,TSLA,199.3999938964844,199.3999938964844,201.77999877929688,192.0,192.2899932861328,111747100.0,NMS,"Tesla, Inc.","Tesla, Inc.",Consumer Cyclical,Auto Manufacturers,418.1,1342126161920.0,13244000256.0,0.078,Austin,TX,United States,140473.0,0.0236660371833338
2024-02-27,TSLA,199.72999572753903,199.72999572753903,205.6000061035156,198.25999450683597,204.0399932861328,108645400.0,NMS,"Tesla, Inc.","Tesla, Inc.",Consumer Cyclical,Auto Manufacturers,418.1,1342126161920.0,13244000256.0,0.078,Austin,TX,United States,140473.0,0.0236660371833338
2024-02-28,TSLA,202.0399932861328,202.0399932861328,205.3000030517578,198.44000244140625,200.4199981689453,99806200.0,NMS,"Tesla, Inc.","Tesla, Inc.",Consumer Cyclical,Auto Manufacturers,418.1,1342126161920.0,13244000256.0,0.078,Austin,TX,United States,140473.0,0.0236660371833338
2024-02-29,TSLA,201.8800048828125,201.8800048828125,205.27999877929688,198.4499969482422,204.17999267578125,85907000.0,NMS,"Tesla, Inc.","Tesla, Inc.",Consumer Cyclical,Auto Manufacturers,418.1,1342126161920.0,13244000256.0,0.078,Austin,TX,United States,140473.0,0.0236660371833338
2024-03-01,TSLA,202.63999938964844,202.63999938964844,204.5200042724609,198.5,200.5200042724609,82099200.0,NMS,"Tesla, Inc.","Tesla, Inc.",Consumer Cyclical,Auto Manufacturers,418.1,1342126161920.0,13244000256.0,0.078,Austin,TX,United States,140473.0,0.0236660371833338
2024-03-04,TSLA,188.13999938964844,188.13999938964844,199.75,186.72000122070312,198.72999572753903,134334900.0,NMS,"Tesla, Inc.","Tesla, Inc.",Consumer Cyclical,Auto Manufacturers,418.1,1342126161920.0,13244000256.0,0.078,Austin,TX,United States,140473.0,0.0236660371833338
2024-03-05,TSLA,180.7400054931641,180.7400054931641,184.58999633789065,177.57000732421875,183.0500030517578,119660800.0,NMS,"Tesla, Inc.","Tesla, Inc.",Consumer Cyclical,Auto Manufacturers,418.1,1342126161920.0,13244000256.0,0.078,Austin,TX,United States,140473.0,0.0236660371833338
2024-03-06,TSLA,176.5399932861328,176.5399932861328,181.5800018310547,173.6999969482422,179.99000549316406,107920900.0,NMS,"Tesla, Inc.","Tesla, Inc.",Consumer Cyclical,Auto Manufacturers,418.1,1342126161920.0,13244000256.0,0.078,Austin,TX,United States,140473.0,0.0236660371833338
2024-03-07,TSLA,178.64999389648438,178.64999389648438,180.0399932861328,173.6999969482422,174.35000610351562,102129000.0,NMS,"Tesla, Inc.","Tesla, Inc.",Consumer Cyclical,Auto Manufacturers,418.1,1342126161920.0,13244000256.0,0.078,Austin,TX,United States,140473.0,0.0236660371833338
2024-03-08,TSLA,175.33999633789062,175.33999633789062,182.72999572753903,174.6999969482422,181.5,85315300.0,NMS,"Tesla, Inc.","Tesla, Inc.",Consumer Cyclical,Auto Manufacturers,418.1,1342126161920.0,13244000256.0,0.078,Austin,TX,United States,140473.0,0.0236660371833338
2024-03-11,TSLA,177.77000427246094,177.77000427246094,182.8699951171875,174.8000030517578,175.4499969482422,85391500.0,NMS,"Tesla, Inc.","Tesla, Inc.",Consumer Cyclical,Auto Manufacturers,418.1,1342126161920.0,13244000256.0,0.078,Austin,TX,United States,140473.0,0.0236660371833338
2024-03-12,TSLA,177.5399932861328,177.5399932861328,179.42999267578125,172.41000366210938,177.77000427246094,87391700.0,NMS,"Tesla, Inc.","Tesla, Inc.",Consumer Cyclical,Auto Manufacturers,418.1,1342126161920.0,13244000256.0,0.078,Austin,TX,United States,140473.0,0.0236660371833338
2024-03-13,TSLA,169.47999572753906,169.47999572753906,176.0500030517578,169.14999389648438,173.0500030517578,106524500.0,NMS,"Tesla, Inc.","Tesla, Inc.",Consumer Cyclical,Auto Manufacturers,418.1,1342126161920.0,13244000256.0,0.078,Austin,TX,United States,140473.0,0.0236660371833338
2024-03-14,TSLA,162.5,162.5,171.1699981689453,160.50999450683594,167.77000427246094,126325700.0,NMS,"Tesla, Inc.","Tesla, Inc.",Consumer Cyclical,Auto Manufacturers,418.1,1342126161920.0,13244000256.0,0.078,Austin,TX,United States,140473.0,0.0236660371833338
2024-03-15,TSLA,163.57000732421875,163.57000732421875,165.17999267578125,160.75999450683594,163.16000366210938,96971900.0,NMS,"Tesla, Inc.","Tesla, Inc.",Consumer Cyclical,Auto Manufacturers,418.1,1342126161920.0,13244000256.0,0.078,Austin,TX,United States,140473.0,0.0236660371833338
2024-03-18,TSLA,173.8000030517578,173.8000030517578,174.72000122070312,165.89999389648438,170.02000427246094,108214400.0,NMS,"Tesla, Inc.","Tesla, Inc.",Consumer Cyclical,Auto Manufacturers,418.1,1342126161920.0,13244000256.0,0.078,Austin,TX,United States,140473.0,0.0236660371833338
2024-03-19,TSLA,171.32000732421875,171.32000732421875,172.82000732421875,167.4199981689453,172.36000061035156,77271400.0,NMS,"Tesla, Inc.","Tesla, Inc.",Consumer Cyclical,Auto Manufacturers,418.1,1342126161920.0,13244000256.0,0.078,Austin,TX,United States,140473.0,0.0236660371833338
2024-03-20,TSLA,175.66000366210938,175.66000366210938,176.25,170.82000732421875,173.0,83846700.0,NMS,"Tesla, Inc.","Tesla, Inc.",Consumer Cyclical,Auto Manufacturers,418.1,1342126161920.0,13244000256.0,0.078,Austin,TX,United States,140473.0,0.0236660371833338
2024-03-21,TSLA,172.82000732421875,172.82000732421875,178.17999267578125,171.8000030517578,176.38999938964844,73178000.0,NMS,"Tesla, Inc.","Tesla, Inc.",Consumer Cyclical,Auto Manufacturers,418.1,1342126161920.0,13244000256.0,0.078,Austin,TX,United States,140473.0,0.0236660371833338
2024-03-22,TSLA,170.8300018310547,170.8300018310547,171.1999969482422,166.3000030517578,166.69000244140625,75454700.0,NMS,"Tesla, Inc.","Tesla, Inc.",Consumer Cyclical,Auto Manufacturers,418.1,1342126161920.0,13244000256.0,0.078,Austin,TX,United States,140473.0,0.0236660371833338
2024-03-25,TSLA,172.6300048828125,172.6300048828125,175.24000549316406,168.72999572753906,168.75999450683594,74228600.0,NMS,"Tesla, Inc.","Tesla, Inc.",Consumer Cyclical,Auto Manufacturers,418.1,1342126161920.0,13244000256.0,0.078,Austin,TX,United States,140473.0,0.0236660371833338
2024-03-26,TSLA,177.6699981689453,177.6699981689453,184.25,177.3800048828125,178.5800018310547,113186200.0,NMS,"Tesla, Inc.","Tesla, Inc.",Consumer Cyclical,Auto Manufacturers,418.1,1342126161920.0,13244000256.0,0.078,Austin,TX,United States,140473.0,0.0236660371833338
2024-03-27,TSLA,179.8300018310547,179.8300018310547,181.91000366210935,176.0,181.41000366210935,81804000.0,NMS,"Tesla, Inc.","Tesla, Inc.",Consumer Cyclical,Auto Manufacturers,418.1,1342126161920.0,13244000256.0,0.078,Austin,TX,United States,140473.0,0.0236660371833338
2024-03-28,TSLA,175.7899932861328,175.7899932861328,179.57000732421875,175.3000030517578,177.4499969482422,77654800.0,NMS,"Tesla, Inc.","Tesla, Inc.",Consumer Cyclical,Auto Manufacturers,418.1,1342126161920.0,13244000256.0,0.078,Austin,TX,United States,140473.0,0.0236660371833338
2024-04-01,TSLA,175.22000122070312,175.22000122070312,176.75,170.2100067138672,176.1699981689453,81562100.0,NMS,"Tesla, Inc.","Tesla, Inc.",Consumer Cyclical,Auto Manufacturers,418.1,1342126161920.0,13244000256.0,0.078,Austin,TX,United States,140473.0,0.0236660371833338
2024-04-02,TSLA,166.6300048828125,166.6300048828125,167.69000244140625,163.42999267578125,164.75,116650600.0,NMS,"Tesla, Inc.","Tesla, Inc.",Consumer Cyclical,Auto Manufacturers,418.1,1342126161920.0,13244000256.0,0.078,Austin,TX,United States,140473.0,0.0236660371833338
2024-04-03,TSLA,168.3800048828125,168.3800048828125,168.82000732421875,163.27999877929688,164.02000427246094,82950100.0,NMS,"Tesla, Inc.","Tesla, Inc.",Consumer Cyclical,Auto Manufacturers,418.1,1342126161920.0,13244000256.0,0.078,Austin,TX,United States,140473.0,0.0236660371833338
2024-04-04,TSLA,171.11000061035156,171.11000061035156,177.19000244140625,168.00999450683594,170.07000732421875,123162000.0,NMS,"Tesla, Inc.","Tesla, Inc.",Consumer Cyclical,Auto Manufacturers,418.1,1342126161920.0,13244000256.0,0.078,Austin,TX,United States,140473.0,0.0236660371833338
2024-04-05,TSLA,164.89999389648438,164.89999389648438,170.86000061035156,160.50999450683594,169.0800018310547,141250700.0,NMS,"Tesla, Inc.","Tesla, Inc.",Consumer Cyclical,Auto Manufacturers,418.1,1342126161920.0,13244000256.0,0.078,Austin,TX,United States,140473.0,0.0236660371833338
2024-04-08,TSLA,172.97999572753906,172.97999572753906,174.5,167.7899932861328,169.33999633789062,104423300.0,NMS,"Tesla, Inc.","Tesla, Inc.",Consumer Cyclical,Auto Manufacturers,418.1,1342126161920.0,13244000256.0,0.078,Austin,TX,United States,140473.0,0.0236660371833338
2024-04-09,TSLA,176.8800048828125,176.8800048828125,179.22000122070312,171.9199981689453,172.91000366210938,103232700.0,NMS,"Tesla, Inc.","Tesla, Inc.",Consumer Cyclical,Auto Manufacturers,418.1,1342126161920.0,13244000256.0,0.078,Austin,TX,United States,140473.0,0.0236660371833338
2024-04-10,TSLA,171.75999450683594,171.75999450683594,174.92999267578125,170.00999450683594,173.0399932861328,84532400.0,NMS,"Tesla, Inc.","Tesla, Inc.",Consumer Cyclical,Auto Manufacturers,418.1,1342126161920.0,13244000256.0,0.078,Austin,TX,United States,140473.0,0.0236660371833338
2024-04-11,TSLA,174.60000610351562,174.60000610351562,175.8800048828125,168.50999450683594,172.5500030517578,94516000.0,NMS,"Tesla, Inc.","Tesla, Inc.",Consumer Cyclical,Auto Manufacturers,418.1,1342126161920.0,13244000256.0,0.078,Austin,TX,United States,140473.0,0.0236660371833338
2024-04-12,TSLA,171.0500030517578,171.0500030517578,173.80999755859375,170.36000061035156,172.33999633789062,64506600.0,NMS,"Tesla, Inc.","Tesla, Inc.",Consumer Cyclical,Auto Manufacturers,418.1,1342126161920.0,13244000256.0,0.078,Austin,TX,United States,140473.0,0.0236660371833338
2024-04-15,TSLA,161.47999572753906,161.47999572753906,170.69000244140625,161.3800048828125,170.24000549316406,100245300.0,NMS,"Tesla, Inc.","Tesla, Inc.",Consumer Cyclical,Auto Manufacturers,418.1,1342126161920.0,13244000256.0,0.078,Austin,TX,United States,140473.0,0.0236660371833338
2024-04-16,TSLA,157.11000061035156,157.11000061035156,158.19000244140625,153.75,156.74000549316406,97000000.0,NMS,"Tesla, Inc.","Tesla, Inc.",Consumer Cyclical,Auto Manufacturers,418.1,1342126161920.0,13244000256.0,0.078,Austin,TX,United States,140473.0,0.0236660371833338
2024-04-17,TSLA,155.4499969482422,155.4499969482422,158.3300018310547,153.77999877929688,157.63999938964844,82439700.0,NMS,"Tesla, Inc.","Tesla, Inc.",Consumer Cyclical,Auto Manufacturers,418.1,1342126161920.0,13244000256.0,0.078,Austin,TX,United States,140473.0,0.0236660371833338
2024-04-18,TSLA,149.92999267578125,149.92999267578125,152.1999969482422,148.6999969482422,151.25,96098800.0,NMS,"Tesla, Inc.","Tesla, Inc.",Consumer Cyclical,Auto Manufacturers,418.1,1342126161920.0,13244000256.0,0.078,Austin,TX,United States,140473.0,0.0236660371833338
2024-04-19,TSLA,147.0500030517578,147.0500030517578,150.94000244140625,146.22000122070312,148.97000122070312,86005100.0,NMS,"Tesla, Inc.","Tesla, Inc.",Consumer Cyclical,Auto Manufacturers,418.1,1342126161920.0,13244000256.0,0.078,Austin,TX,United States,140473.0,0.0236660371833338
2024-04-22,TSLA,142.0500030517578,142.0500030517578,144.44000244140625,138.8000030517578,140.55999755859375,107097600.0,NMS,"Tesla, Inc.","Tesla, Inc.",Consumer Cyclical,Auto Manufacturers,418.1,1342126161920.0,13244000256.0,0.078,Austin,TX,United States,140473.0,0.0236660371833338
2024-04-23,TSLA,144.67999267578125,144.67999267578125,147.25999450683594,141.11000061035156,143.3300018310547,124545100.0,NMS,"Tesla, Inc.","Tesla, Inc.",Consumer Cyclical,Auto Manufacturers,418.1,1342126161920.0,13244000256.0,0.078,Austin,TX,United States,140473.0,0.0236660371833338
2024-04-24,TSLA,162.1300048828125,162.1300048828125,167.97000122070312,157.50999450683594,162.83999633789062,181178000.0,NMS,"Tesla, Inc.","Tesla, Inc.",Consumer Cyclical,Auto Manufacturers,418.1,1342126161920.0,13244000256.0,0.078,Austin,TX,United States,140473.0,0.0236660371833338
2024-04-25,TSLA,170.17999267578125,170.17999267578125,170.8800048828125,158.36000061035156,158.9600067138672,126427500.0,NMS,"Tesla, Inc.","Tesla, Inc.",Consumer Cyclical,Auto Manufacturers,418.1,1342126161920.0,13244000256.0,0.078,Austin,TX,United States,140473.0,0.0236660371833338
2024-04-26,TSLA,168.2899932861328,168.2899932861328,172.1199951171875,166.3699951171875,168.85000610351562,109815700.0,NMS,"Tesla, Inc.","Tesla, Inc.",Consumer Cyclical,Auto Manufacturers,418.1,1342126161920.0,13244000256.0,0.078,Austin,TX,United States,140473.0,0.0236660371833338
2024-04-29,TSLA,194.0500030517578,194.0500030517578,198.8699951171875,184.5399932861328,188.4199981689453,243869700.0,NMS,"Tesla, Inc.","Tesla, Inc.",Consumer Cyclical,Auto Manufacturers,418.1,1342126161920.0,13244000256.0,0.078,Austin,TX,United States,140473.0,0.0236660371833338
2024-04-30,TSLA,183.27999877929688,183.27999877929688,190.9499969482422,182.83999633789065,186.97999572753903,127031800.0,NMS,"Tesla, Inc.","Tesla, Inc.",Consumer Cyclical,Auto Manufacturers,418.1,1342126161920.0,13244000256.0,0.078,Austin,TX,United States,140473.0,0.0236660371833338
2024-05-01,TSLA,179.99000549316406,179.99000549316406,185.8600006103516,179.00999450683594,182.0,92829700.0,NMS,"Tesla, Inc.","Tesla, Inc.",Consumer Cyclical,Auto Manufacturers,418.1,1342126161920.0,13244000256.0,0.078,Austin,TX,United States,140473.0,0.0236660371833338
2024-05-02,TSLA,180.00999450683594,180.00999450683594,184.6000061035156,176.02000427246094,182.8600006103516,89148000.0,NMS,"Tesla, Inc.","Tesla, Inc.",Consumer Cyclical,Auto Manufacturers,418.1,1342126161920.0,13244000256.0,0.078,Austin,TX,United States,140473.0,0.0236660371833338
2024-05-03,TSLA,181.19000244140625,181.19000244140625,184.77999877929688,178.4199981689453,182.1000061035156,75491500.0,NMS,"Tesla, Inc.","Tesla, Inc.",Consumer Cyclical,Auto Manufacturers,418.1,1342126161920.0,13244000256.0,0.078,Austin,TX,United States,140473.0,0.0236660371833338
2024-05-06,TSLA,184.75999450683597,184.75999450683597,187.55999755859372,182.1999969482422,183.8000030517578,84390300.0,NMS,"Tesla, Inc.","Tesla, Inc.",Consumer Cyclical,Auto Manufacturers,418.1,1342126161920.0,13244000256.0,0.078,Austin,TX,United States,140473.0,0.0236660371833338
2024-05-07,TSLA,177.80999755859375,177.80999755859375,183.25999450683597,177.39999389648438,182.3999938964844,75045900.0,NMS,"Tesla, Inc.","Tesla, Inc.",Consumer Cyclical,Auto Manufacturers,418.1,1342126161920.0,13244000256.0,0.078,Austin,TX,United States,140473.0,0.0236660371833338
2024-05-08,TSLA,174.72000122070312,174.72000122070312,176.05999755859375,170.14999389648438,171.58999633789062,79969500.0,NMS,"Tesla, Inc.","Tesla, Inc.",Consumer Cyclical,Auto Manufacturers,418.1,1342126161920.0,13244000256.0,0.078,Austin,TX,United States,140473.0,0.0236660371833338
2024-05-09,TSLA,171.97000122070312,171.97000122070312,175.6199951171875,171.3699951171875,175.00999450683594,65950300.0,NMS,"Tesla, Inc.","Tesla, Inc.",Consumer Cyclical,Auto Manufacturers,418.1,1342126161920.0,13244000256.0,0.078,Austin,TX,United States,140473.0,0.0236660371833338
2024-05-10,TSLA,168.47000122070312,168.47000122070312,173.05999755859375,167.75,173.0500030517578,72627200.0,NMS,"Tesla, Inc.","Tesla, Inc.",Consumer Cyclical,Auto Manufacturers,418.1,1342126161920.0,13244000256.0,0.078,Austin,TX,United States,140473.0,0.0236660371833338
2024-05-13,TSLA,171.88999938964844,171.88999938964844,175.39999389648438,169.0,170.0,67018900.0,NMS,"Tesla, Inc.","Tesla, Inc.",Consumer Cyclical,Auto Manufacturers,418.1,1342126161920.0,13244000256.0,0.078,Austin,TX,United States,140473.0,0.0236660371833338
2024-05-14,TSLA,177.5500030517578,177.5500030517578,179.49000549316406,174.07000732421875,174.5,86407400.0,NMS,"Tesla, Inc.","Tesla, Inc.",Consumer Cyclical,Auto Manufacturers,418.1,1342126161920.0,13244000256.0,0.078,Austin,TX,United States,140473.0,0.0236660371833338
2024-05-15,TSLA,173.99000549316406,173.99000549316406,180.0,173.11000061035156,179.89999389648438,79663000.0,NMS,"Tesla, Inc.","Tesla, Inc.",Consumer Cyclical,Auto Manufacturers,418.1,1342126161920.0,13244000256.0,0.078,Austin,TX,United States,140473.0,0.0236660371833338
2024-05-16,TSLA,174.83999633789062,174.83999633789062,175.7899932861328,171.42999267578125,174.10000610351562,59812200.0,NMS,"Tesla, Inc.","Tesla, Inc.",Consumer Cyclical,Auto Manufacturers,418.1,1342126161920.0,13244000256.0,0.078,Austin,TX,United States,140473.0,0.0236660371833338
2024-05-17,TSLA,177.4600067138672,177.4600067138672,179.6300048828125,172.75,173.5500030517578,77445800.0,NMS,"Tesla, Inc.","Tesla, Inc.",Consumer Cyclical,Auto Manufacturers,418.1,1342126161920.0,13244000256.0,0.078,Austin,TX,United States,140473.0,0.0236660371833338
2024-05-20,TSLA,174.9499969482422,174.9499969482422,177.75,173.52000427246094,177.55999755859375,61727400.0,NMS,"Tesla, Inc.","Tesla, Inc.",Consumer Cyclical,Auto Manufacturers,418.1,1342126161920.0,13244000256.0,0.078,Austin,TX,United States,140473.0,0.0236660371833338
2024-05-21,TSLA,186.6000061035156,186.6000061035156,186.8800048828125,174.7100067138672,175.50999450683594,115266500.0,NMS,"Tesla, Inc.","Tesla, Inc.",Consumer Cyclical,Auto Manufacturers,418.1,1342126161920.0,13244000256.0,0.078,Austin,TX,United States,140473.0,0.0236660371833338
2024-05-22,TSLA,180.11000061035156,180.11000061035156,183.8000030517578,178.1199951171875,182.8500061035156,88313500.0,NMS,"Tesla, Inc.","Tesla, Inc.",Consumer Cyclical,Auto Manufacturers,418.1,1342126161920.0,13244000256.0,0.078,Austin,TX,United States,140473.0,0.0236660371833338
2024-05-23,TSLA,173.74000549316406,173.74000549316406,181.8999938964844,173.25999450683594,181.8000030517578,71975500.0,NMS,"Tesla, Inc.","Tesla, Inc.",Consumer Cyclical,Auto Manufacturers,418.1,1342126161920.0,13244000256.0,0.078,Austin,TX,United States,140473.0,0.0236660371833338
2024-05-24,TSLA,179.24000549316406,179.24000549316406,180.0800018310547,173.72999572753906,174.83999633789062,65479700.0,NMS,"Tesla, Inc.","Tesla, Inc.",Consumer Cyclical,Auto Manufacturers,418.1,1342126161920.0,13244000256.0,0.078,Austin,TX,United States,140473.0,0.0236660371833338
2024-05-28,TSLA,176.75,176.75,178.25,173.16000366210938,176.39999389648438,59736600.0,NMS,"Tesla, Inc.","Tesla, Inc.",Consumer Cyclical,Auto Manufacturers,418.1,1342126161920.0,13244000256.0,0.078,Austin,TX,United States,140473.0,0.0236660371833338
2024-05-29,TSLA,176.19000244140625,176.19000244140625,178.14999389648438,173.92999267578125,174.19000244140625,54782600.0,NMS,"Tesla, Inc.","Tesla, Inc.",Consumer Cyclical,Auto Manufacturers,418.1,1342126161920.0,13244000256.0,0.078,Austin,TX,United States,140473.0,0.0236660371833338
2024-05-30,TSLA,178.7899932861328,178.7899932861328,182.6699981689453,175.3800048828125,178.5800018310547,77784800.0,NMS,"Tesla, Inc.","Tesla, Inc.",Consumer Cyclical,Auto Manufacturers,418.1,1342126161920.0,13244000256.0,0.078,Austin,TX,United States,140473.0,0.0236660371833338
2024-05-31,TSLA,178.0800018310547,178.0800018310547,180.32000732421875,173.82000732421875,178.5,67314600.0,NMS,"Tesla, Inc.","Tesla, Inc.",Consumer Cyclical,Auto Manufacturers,418.1,1342126161920.0,13244000256.0,0.078,Austin,TX,United States,140473.0,0.0236660371833338
2024-06-03,TSLA,176.2899932861328,176.2899932861328,182.63999938964844,174.49000549316406,178.1300048828125,68568900.0,NMS,"Tesla, Inc.","Tesla, Inc.",Consumer Cyclical,Auto Manufacturers,418.1,1342126161920.0,13244000256.0,0.078,Austin,TX,United States,140473.0,0.0236660371833338
2024-06-04,TSLA,174.77000427246094,174.77000427246094,177.75999450683594,174.0,174.77999877929688,60056300.0,NMS,"Tesla, Inc.","Tesla, Inc.",Consumer Cyclical,Auto Manufacturers,418.1,1342126161920.0,13244000256.0,0.078,Austin,TX,United States,140473.0,0.0236660371833338
2024-06-05,TSLA,175.0,175.0,176.14999389648438,172.1300048828125,175.35000610351562,57953800.0,NMS,"Tesla, Inc.","Tesla, Inc.",Consumer Cyclical,Auto Manufacturers,418.1,1342126161920.0,13244000256.0,0.078,Austin,TX,United States,140473.0,0.0236660371833338
2024-06-06,TSLA,177.94000244140625,177.94000244140625,179.72999572753906,172.72999572753906,174.60000610351562,69887000.0,NMS,"Tesla, Inc.","Tesla, Inc.",Consumer Cyclical,Auto Manufacturers,418.1,1342126161920.0,13244000256.0,0.078,Austin,TX,United States,140473.0,0.0236660371833338
2024-06-07,TSLA,177.47999572753906,177.47999572753906,179.35000610351562,175.5800018310547,176.1300048828125,56244900.0,NMS,"Tesla, Inc.","Tesla, Inc.",Consumer Cyclical,Auto Manufacturers,418.1,1342126161920.0,13244000256.0,0.078,Austin,TX,United States,140473.0,0.0236660371833338
2024-06-10,TSLA,173.7899932861328,173.7899932861328,178.57000732421875,173.1699981689453,176.05999755859375,50869700.0,NMS,"Tesla, Inc.","Tesla, Inc.",Consumer Cyclical,Auto Manufacturers,418.1,1342126161920.0,13244000256.0,0.078,Austin,TX,United States,140473.0,0.0236660371833338
2024-06-11,TSLA,170.66000366210938,170.66000366210938,174.75,167.41000366210938,173.9199981689453,64761900.0,NMS,"Tesla, Inc.","Tesla, Inc.",Consumer Cyclical,Auto Manufacturers,418.1,1342126161920.0,13244000256.0,0.078,Austin,TX,United States,140473.0,0.0236660371833338
2024-06-12,TSLA,177.2899932861328,177.2899932861328,180.5500030517578,169.8000030517578,171.1199951171875,90389400.0,NMS,"Tesla, Inc.","Tesla, Inc.",Consumer Cyclical,Auto Manufacturers,418.1,1342126161920.0,13244000256.0,0.078,Austin,TX,United States,140473.0,0.0236660371833338
2024-06-13,TSLA,182.47000122070312,182.47000122070312,191.0800018310547,181.22999572753903,188.38999938964844,118984100.0,NMS,"Tesla, Inc.","Tesla, Inc.",Consumer Cyclical,Auto Manufacturers,418.1,1342126161920.0,13244000256.0,0.078,Austin,TX,United States,140473.0,0.0236660371833338
2024-06-14,TSLA,178.00999450683594,178.00999450683594,186.0,176.9199981689453,185.8000030517578,82038200.0,NMS,"Tesla, Inc.","Tesla, Inc.",Consumer Cyclical,Auto Manufacturers,418.1,1342126161920.0,13244000256.0,0.078,Austin,TX,United States,140473.0,0.0236660371833338
2024-06-17,TSLA,187.44000244140625,187.44000244140625,188.80999755859372,177.0,177.9199981689453,109786100.0,NMS,"Tesla, Inc.","Tesla, Inc.",Consumer Cyclical,Auto Manufacturers,418.1,1342126161920.0,13244000256.0,0.078,Austin,TX,United States,140473.0,0.0236660371833338
2024-06-18,TSLA,184.8600006103516,184.8600006103516,187.1999969482422,182.3699951171875,186.55999755859372,68982300.0,NMS,"Tesla, Inc.","Tesla, Inc.",Consumer Cyclical,Auto Manufacturers,418.1,1342126161920.0,13244000256.0,0.078,Austin,TX,United States,140473.0,0.0236660371833338
2024-06-20,TSLA,181.57000732421875,181.57000732421875,185.2100067138672,179.66000366210938,184.67999267578125,55893100.0,NMS,"Tesla, Inc.","Tesla, Inc.",Consumer Cyclical,Auto Manufacturers,418.1,1342126161920.0,13244000256.0,0.078,Austin,TX,United States,140473.0,0.0236660371833338
2024-06-21,TSLA,183.00999450683597,183.00999450683597,183.9499969482422,180.69000244140625,182.3000030517578,63029500.0,NMS,"Tesla, Inc.","Tesla, Inc.",Consumer Cyclical,Auto Manufacturers,418.1,1342126161920.0,13244000256.0,0.078,Austin,TX,United States,140473.0,0.0236660371833338
2024-06-24,TSLA,182.5800018310547,182.5800018310547,188.8000030517578,182.5500030517578,184.97000122070312,61992100.0,NMS,"Tesla, Inc.","Tesla, Inc.",Consumer Cyclical,Auto Manufacturers,418.1,1342126161920.0,13244000256.0,0.078,Austin,TX,United States,140473.0,0.0236660371833338
2024-06-25,TSLA,187.3500061035156,187.3500061035156,187.97000122070312,182.00999450683597,184.3999938964844,63678300.0,NMS,"Tesla, Inc.","Tesla, Inc.",Consumer Cyclical,Auto Manufacturers,418.1,1342126161920.0,13244000256.0,0.078,Austin,TX,United States,140473.0,0.0236660371833338
2024-06-26,TSLA,196.3699951171875,196.3699951171875,197.75999450683597,186.3600006103516,186.5399932861328,95737100.0,NMS,"Tesla, Inc.","Tesla, Inc.",Consumer Cyclical,Auto Manufacturers,418.1,1342126161920.0,13244000256.0,0.078,Austin,TX,United States,140473.0,0.0236660371833338
2024-06-27,TSLA,197.4199981689453,197.4199981689453,198.72000122070312,194.0500030517578,195.1699981689453,72746500.0,NMS,"Tesla, Inc.","Tesla, Inc.",Consumer Cyclical,Auto Manufacturers,418.1,1342126161920.0,13244000256.0,0.078,Austin,TX,United States,140473.0,0.0236660371833338
2024-06-28,TSLA,197.8800048828125,197.8800048828125,203.1999969482422,195.25999450683597,199.5500030517578,95438100.0,NMS,"Tesla, Inc.","Tesla, Inc.",Consumer Cyclical,Auto Manufacturers,418.1,1342126161920.0,13244000256.0,0.078,Austin,TX,United States,140473.0,0.0236660371833338
2024-07-01,TSLA,209.8600006103516,209.8600006103516,213.22999572753903,200.8500061035156,201.0200042724609,135691400.0,NMS,"Tesla, Inc.","Tesla, Inc.",Consumer Cyclical,Auto Manufacturers,418.1,1342126161920.0,13244000256.0,0.078,Austin,TX,United States,140473.0,0.0236660371833338
2024-07-02,TSLA,231.25999450683597,231.25999450683597,231.3000030517578,218.05999755859372,218.88999938964844,205047900.0,NMS,"Tesla, Inc.","Tesla, Inc.",Consumer Cyclical,Auto Manufacturers,418.1,1342126161920.0,13244000256.0,0.078,Austin,TX,United States,140473.0,0.0236660371833338
2024-07-03,TSLA,246.38999938964844,246.38999938964844,248.3500061035156,234.25,234.55999755859372,166561500.0,NMS,"Tesla, Inc.","Tesla, Inc.",Consumer Cyclical,Auto Manufacturers,418.1,1342126161920.0,13244000256.0,0.078,Austin,TX,United States,140473.0,0.0236660371833338
2024-07-05,TSLA,251.5200042724609,251.5200042724609,252.3699951171875,242.4600067138672,249.80999755859372,154501200.0,NMS,"Tesla, Inc.","Tesla, Inc.",Consumer Cyclical,Auto Manufacturers,418.1,1342126161920.0,13244000256.0,0.078,Austin,TX,United States,140473.0,0.0236660371833338
2024-07-08,TSLA,252.94000244140625,252.94000244140625,259.44000244140625,244.57000732421875,247.7100067138672,157219600.0,NMS,"Tesla, Inc.","Tesla, Inc.",Consumer Cyclical,Auto Manufacturers,418.1,1342126161920.0,13244000256.0,0.078,Austin,TX,United States,140473.0,0.0236660371833338
2024-07-09,TSLA,262.3299865722656,262.3299865722656,265.6099853515625,250.3000030517578,251.0,160210900.0,NMS,"Tesla, Inc.","Tesla, Inc.",Consumer Cyclical,Auto Manufacturers,418.1,1342126161920.0,13244000256.0,0.078,Austin,TX,United States,140473.0,0.0236660371833338
2024-07-10,TSLA,263.260009765625,263.260009765625,267.5899963378906,257.8599853515625,262.79998779296875,128519400.0,NMS,"Tesla, Inc.","Tesla, Inc.",Consumer Cyclical,Auto Manufacturers,418.1,1342126161920.0,13244000256.0,0.078,Austin,TX,United States,140473.0,0.0236660371833338
2024-07-11,TSLA,241.02999877929688,241.02999877929688,271.0,239.6499938964844,263.29998779296875,221707300.0,NMS,"Tesla, Inc.","Tesla, Inc.",Consumer Cyclical,Auto Manufacturers,418.1,1342126161920.0,13244000256.0,0.078,Austin,TX,United States,140473.0,0.0236660371833338
2024-07-12,TSLA,248.22999572753903,248.22999572753903,251.83999633789065,233.08999633789065,235.8000030517578,155955800.0,NMS,"Tesla, Inc.","Tesla, Inc.",Consumer Cyclical,Auto Manufacturers,418.1,1342126161920.0,13244000256.0,0.078,Austin,TX,United States,140473.0,0.0236660371833338
2024-07-15,TSLA,252.63999938964844,252.63999938964844,265.6000061035156,251.72999572753903,255.97000122070312,146912900.0,NMS,"Tesla, Inc.","Tesla, Inc.",Consumer Cyclical,Auto Manufacturers,418.1,1342126161920.0,13244000256.0,0.078,Austin,TX,United States,140473.0,0.0236660371833338
2024-07-16,TSLA,256.5599975585937,256.5599975585937,258.6199951171875,245.8000030517578,255.30999755859372,126332500.0,NMS,"Tesla, Inc.","Tesla, Inc.",Consumer Cyclical,Auto Manufacturers,418.1,1342126161920.0,13244000256.0,0.078,Austin,TX,United States,140473.0,0.0236660371833338
2024-07-17,TSLA,248.5,248.5,258.4700012207031,246.17999267578125,252.72999572753903,115584800.0,NMS,"Tesla, Inc.","Tesla, Inc.",Consumer Cyclical,Auto Manufacturers,418.1,1342126161920.0,13244000256.0,0.078,Austin,TX,United States,140473.0,0.0236660371833338
2024-07-18,TSLA,249.22999572753903,249.22999572753903,257.1400146484375,247.1999969482422,251.08999633789065,110869000.0,NMS,"Tesla, Inc.","Tesla, Inc.",Consumer Cyclical,Auto Manufacturers,418.1,1342126161920.0,13244000256.0,0.078,Austin,TX,United States,140473.0,0.0236660371833338
2024-07-19,TSLA,239.1999969482422,239.1999969482422,249.44000244140625,236.8300018310547,247.7899932861328,87403900.0,NMS,"Tesla, Inc.","Tesla, Inc.",Consumer Cyclical,Auto Manufacturers,418.1,1342126161920.0,13244000256.0,0.078,Austin,TX,United States,140473.0,0.0236660371833338
2024-07-22,TSLA,251.50999450683597,251.50999450683597,253.2100067138672,243.75,244.2100067138672,101225400.0,NMS,"Tesla, Inc.","Tesla, Inc.",Consumer Cyclical,Auto Manufacturers,418.1,1342126161920.0,13244000256.0,0.078,Austin,TX,United States,140473.0,0.0236660371833338
2024-07-23,TSLA,246.3800048828125,246.3800048828125,255.75999450683597,245.6300048828125,253.6000061035156,111928200.0,NMS,"Tesla, Inc.","Tesla, Inc.",Consumer Cyclical,Auto Manufacturers,418.1,1342126161920.0,13244000256.0,0.078,Austin,TX,United States,140473.0,0.0236660371833338
2024-07-24,TSLA,215.9900054931641,215.9900054931641,225.9900054931641,214.7100067138672,225.4199981689453,167942900.0,NMS,"Tesla, Inc.","Tesla, Inc.",Consumer Cyclical,Auto Manufacturers,418.1,1342126161920.0,13244000256.0,0.078,Austin,TX,United States,140473.0,0.0236660371833338
2024-07-25,TSLA,220.25,220.25,226.0,216.22999572753903,216.8000030517578,100636500.0,NMS,"Tesla, Inc.","Tesla, Inc.",Consumer Cyclical,Auto Manufacturers,418.1,1342126161920.0,13244000256.0,0.078,Austin,TX,United States,140473.0,0.0236660371833338
2024-07-26,TSLA,219.8000030517578,219.8000030517578,222.27999877929688,215.3300018310547,221.19000244140625,94604100.0,NMS,"Tesla, Inc.","Tesla, Inc.",Consumer Cyclical,Auto Manufacturers,418.1,1342126161920.0,13244000256.0,0.078,Austin,TX,United States,140473.0,0.0236660371833338
2024-07-29,TSLA,232.1000061035156,232.1000061035156,234.2700042724609,224.6999969482422,224.8999938964844,129201800.0,NMS,"Tesla, Inc.","Tesla, Inc.",Consumer Cyclical,Auto Manufacturers,418.1,1342126161920.0,13244000256.0,0.078,Austin,TX,United States,140473.0,0.0236660371833338
2024-07-30,TSLA,222.6199951171875,222.6199951171875,232.41000366210935,220.0,232.25,100560300.0,NMS,"Tesla, Inc.","Tesla, Inc.",Consumer Cyclical,Auto Manufacturers,418.1,1342126161920.0,13244000256.0,0.078,Austin,TX,United States,140473.0,0.0236660371833338
2024-07-31,TSLA,232.07000732421875,232.07000732421875,234.67999267578125,226.7899932861328,227.8999938964844,67497000.0,NMS,"Tesla, Inc.","Tesla, Inc.",Consumer Cyclical,Auto Manufacturers,418.1,1342126161920.0,13244000256.0,0.078,Austin,TX,United States,140473.0,0.0236660371833338
2024-08-01,TSLA,216.8600006103516,216.8600006103516,231.8699951171875,214.3300018310547,227.69000244140625,83861900.0,NMS,"Tesla, Inc.","Tesla, Inc.",Consumer Cyclical,Auto Manufacturers,418.1,1342126161920.0,13244000256.0,0.078,Austin,TX,United States,140473.0,0.0236660371833338
2024-08-02,TSLA,207.6699981689453,207.6699981689453,216.1300048828125,205.77999877929688,214.8800048828125,82880100.0,NMS,"Tesla, Inc.","Tesla, Inc.",Consumer Cyclical,Auto Manufacturers,418.1,1342126161920.0,13244000256.0,0.078,Austin,TX,United States,140473.0,0.0236660371833338
2024-08-05,TSLA,198.8800048828125,198.8800048828125,203.8800048828125,182.0,185.22000122070312,100308800.0,NMS,"Tesla, Inc.","Tesla, Inc.",Consumer Cyclical,Auto Manufacturers,418.1,1342126161920.0,13244000256.0,0.078,Austin,TX,United States,140473.0,0.0236660371833338
2024-08-06,TSLA,200.63999938964844,200.63999938964844,202.8999938964844,192.6699981689453,200.75,73783900.0,NMS,"Tesla, Inc.","Tesla, Inc.",Consumer Cyclical,Auto Manufacturers,418.1,1342126161920.0,13244000256.0,0.078,Austin,TX,United States,140473.0,0.0236660371833338
2024-08-07,TSLA,191.75999450683597,191.75999450683597,203.4900054931641,191.47999572753903,200.7700042724609,71159800.0,NMS,"Tesla, Inc.","Tesla, Inc.",Consumer Cyclical,Auto Manufacturers,418.1,1342126161920.0,13244000256.0,0.078,Austin,TX,United States,140473.0,0.0236660371833338
2024-08-08,TSLA,198.83999633789065,198.83999633789065,200.6999969482422,192.0399932861328,195.6999969482422,65033900.0,NMS,"Tesla, Inc.","Tesla, Inc.",Consumer Cyclical,Auto Manufacturers,418.1,1342126161920.0,13244000256.0,0.078,Austin,TX,United States,140473.0,0.0236660371833338
2024-08-09,TSLA,200.0,200.0,200.8800048828125,195.1100006103516,197.0500030517578,58648300.0,NMS,"Tesla, Inc.","Tesla, Inc.",Consumer Cyclical,Auto Manufacturers,418.1,1342126161920.0,13244000256.0,0.078,Austin,TX,United States,140473.0,0.0236660371833338
2024-08-12,TSLA,197.4900054931641,197.4900054931641,199.25999450683597,194.6699981689453,199.0200042724609,64044900.0,NMS,"Tesla, Inc.","Tesla, Inc.",Consumer Cyclical,Auto Manufacturers,418.1,1342126161920.0,13244000256.0,0.078,Austin,TX,United States,140473.0,0.0236660371833338
2024-08-13,TSLA,207.8300018310547,207.8300018310547,208.4900054931641,197.05999755859372,198.47000122070312,76247400.0,NMS,"Tesla, Inc.","Tesla, Inc.",Consumer Cyclical,Auto Manufacturers,418.1,1342126161920.0,13244000256.0,0.078,Austin,TX,United States,140473.0,0.0236660371833338
2024-08-14,TSLA,201.3800048828125,201.3800048828125,208.44000244140625,198.75,207.38999938964844,70250000.0,NMS,"Tesla, Inc.","Tesla, Inc.",Consumer Cyclical,Auto Manufacturers,418.1,1342126161920.0,13244000256.0,0.078,Austin,TX,United States,140473.0,0.0236660371833338
2024-08-15,TSLA,214.13999938964844,214.13999938964844,215.8800048828125,204.82000732421875,205.0200042724609,89848500.0,NMS,"Tesla, Inc.","Tesla, Inc.",Consumer Cyclical,Auto Manufacturers,418.1,1342126161920.0,13244000256.0,0.078,Austin,TX,United States,140473.0,0.0236660371833338
2024-08-16,TSLA,216.1199951171875,216.1199951171875,219.8000030517578,210.8000030517578,211.1499938964844,88765100.0,NMS,"Tesla, Inc.","Tesla, Inc.",Consumer Cyclical,Auto Manufacturers,418.1,1342126161920.0,13244000256.0,0.078,Austin,TX,United States,140473.0,0.0236660371833338
2024-08-19,TSLA,222.72000122070312,222.72000122070312,222.97999572753903,214.08999633789065,217.07000732421875,76435200.0,NMS,"Tesla, Inc.","Tesla, Inc.",Consumer Cyclical,Auto Manufacturers,418.1,1342126161920.0,13244000256.0,0.078,Austin,TX,United States,140473.0,0.0236660371833338
2024-08-20,TSLA,221.1000061035156,221.1000061035156,228.22000122070312,219.55999755859372,224.8800048828125,74001200.0,NMS,"Tesla, Inc.","Tesla, Inc.",Consumer Cyclical,Auto Manufacturers,418.1,1342126161920.0,13244000256.0,0.078,Austin,TX,United States,140473.0,0.0236660371833338
2024-08-21,TSLA,223.2700042724609,223.2700042724609,224.66000366210935,218.8600006103516,222.6699981689453,70146000.0,NMS,"Tesla, Inc.","Tesla, Inc.",Consumer Cyclical,Auto Manufacturers,418.1,1342126161920.0,13244000256.0,0.078,Austin,TX,United States,140473.0,0.0236660371833338
2024-08-22,TSLA,210.66000366210935,210.66000366210935,224.8000030517578,210.32000732421875,223.82000732421875,79514500.0,NMS,"Tesla, Inc.","Tesla, Inc.",Consumer Cyclical,Auto Manufacturers,418.1,1342126161920.0,13244000256.0,0.078,Austin,TX,United States,140473.0,0.0236660371833338
2024-08-23,TSLA,220.32000732421875,220.32000732421875,221.47999572753903,214.2100067138672,214.4600067138672,81525200.0,NMS,"Tesla, Inc.","Tesla, Inc.",Consumer Cyclical,Auto Manufacturers,418.1,1342126161920.0,13244000256.0,0.078,Austin,TX,United States,140473.0,0.0236660371833338
2024-08-26,TSLA,213.2100067138672,213.2100067138672,219.08999633789065,211.00999450683597,218.75,59301200.0,NMS,"Tesla, Inc.","Tesla, Inc.",Consumer Cyclical,Auto Manufacturers,418.1,1342126161920.0,13244000256.0,0.078,Austin,TX,United States,140473.0,0.0236660371833338
2024-08-27,TSLA,209.2100067138672,209.2100067138672,215.66000366210935,206.94000244140625,213.25,62821400.0,NMS,"Tesla, Inc.","Tesla, Inc.",Consumer Cyclical,Auto Manufacturers,418.1,1342126161920.0,13244000256.0,0.078,Austin,TX,United States,140473.0,0.0236660371833338
2024-08-28,TSLA,205.75,205.75,211.83999633789065,202.58999633789065,209.72000122070312,64116400.0,NMS,"Tesla, Inc.","Tesla, Inc.",Consumer Cyclical,Auto Manufacturers,418.1,1342126161920.0,13244000256.0,0.078,Austin,TX,United States,140473.0,0.0236660371833338
2024-08-29,TSLA,206.27999877929688,206.27999877929688,214.88999938964844,205.97000122070312,209.8000030517578,62308800.0,NMS,"Tesla, Inc.","Tesla, Inc.",Consumer Cyclical,Auto Manufacturers,418.1,1342126161920.0,13244000256.0,0.078,Austin,TX,United States,140473.0,0.0236660371833338
2024-08-30,TSLA,214.1100006103516,214.1100006103516,214.57000732421875,207.02999877929688,208.6300048828125,63370600.0,NMS,"Tesla, Inc.","Tesla, Inc.",Consumer Cyclical,Auto Manufacturers,418.1,1342126161920.0,13244000256.0,0.078,Austin,TX,United States,140473.0,0.0236660371833338
2024-09-03,TSLA,210.6000061035156,210.6000061035156,219.8999938964844,209.63999938964844,215.25999450683597,76714200.0,NMS,"Tesla, Inc.","Tesla, Inc.",Consumer Cyclical,Auto Manufacturers,418.1,1342126161920.0,13244000256.0,0.078,Austin,TX,United States,140473.0,0.0236660371833338
2024-09-04,TSLA,219.41000366210935,219.41000366210935,222.22000122070312,210.57000732421875,210.58999633789065,80651800.0,NMS,"Tesla, Inc.","Tesla, Inc.",Consumer Cyclical,Auto Manufacturers,418.1,1342126161920.0,13244000256.0,0.078,Austin,TX,United States,140473.0,0.0236660371833338
2024-09-05,TSLA,230.1699981689453,230.1699981689453,235.0,222.25,223.4900054931641,119355000.0,NMS,"Tesla, Inc.","Tesla, Inc.",Consumer Cyclical,Auto Manufacturers,418.1,1342126161920.0,13244000256.0,0.078,Austin,TX,United States,140473.0,0.0236660371833338
2024-09-06,TSLA,210.72999572753903,210.72999572753903,233.6000061035156,210.50999450683597,232.6000061035156,112177000.0,NMS,"Tesla, Inc.","Tesla, Inc.",Consumer Cyclical,Auto Manufacturers,418.1,1342126161920.0,13244000256.0,0.078,Austin,TX,United States,140473.0,0.0236660371833338
2024-09-09,TSLA,216.2700042724609,216.2700042724609,219.8699951171875,213.6699981689453,216.1999969482422,67443500.0,NMS,"Tesla, Inc.","Tesla, Inc.",Consumer Cyclical,Auto Manufacturers,418.1,1342126161920.0,13244000256.0,0.078,Austin,TX,United States,140473.0,0.0236660371833338
2024-09-10,TSLA,226.1699981689453,226.1699981689453,226.3999938964844,218.63999938964844,220.07000732421875,78891100.0,NMS,"Tesla, Inc.","Tesla, Inc.",Consumer Cyclical,Auto Manufacturers,418.1,1342126161920.0,13244000256.0,0.078,Austin,TX,United States,140473.0,0.0236660371833338
2024-09-11,TSLA,228.1300048828125,228.1300048828125,228.47000122070312,216.8000030517578,224.5500030517578,83548600.0,NMS,"Tesla, Inc.","Tesla, Inc.",Consumer Cyclical,Auto Manufacturers,418.1,1342126161920.0,13244000256.0,0.078,Austin,TX,United States,140473.0,0.0236660371833338
2024-09-12,TSLA,229.80999755859372,229.80999755859372,231.4499969482422,223.8300018310547,224.66000366210935,72020000.0,NMS,"Tesla, Inc.","Tesla, Inc.",Consumer Cyclical,Auto Manufacturers,418.1,1342126161920.0,13244000256.0,0.078,Austin,TX,United States,140473.0,0.0236660371833338
2024-09-13,TSLA,230.2899932861328,230.2899932861328,232.6699981689453,226.32000732421875,228.0,59515100.0,NMS,"Tesla, Inc.","Tesla, Inc.",Consumer Cyclical,Auto Manufacturers,418.1,1342126161920.0,13244000256.0,0.078,Austin,TX,United States,140473.0,0.0236660371833338
2024-09-16,TSLA,226.77999877929688,226.77999877929688,229.9600067138672,223.52999877929688,229.3000030517578,54323000.0,NMS,"Tesla, Inc.","Tesla, Inc.",Consumer Cyclical,Auto Manufacturers,418.1,1342126161920.0,13244000256.0,0.078,Austin,TX,United States,140473.0,0.0236660371833338
2024-09-17,TSLA,227.8699951171875,227.8699951171875,234.57000732421875,226.5500030517578,229.4499969482422,66761600.0,NMS,"Tesla, Inc.","Tesla, Inc.",Consumer Cyclical,Auto Manufacturers,418.1,1342126161920.0,13244000256.0,0.078,Austin,TX,United States,140473.0,0.0236660371833338
2024-09-18,TSLA,227.1999969482422,227.1999969482422,235.67999267578125,226.8800048828125,230.08999633789065,78010200.0,NMS,"Tesla, Inc.","Tesla, Inc.",Consumer Cyclical,Auto Manufacturers,418.1,1342126161920.0,13244000256.0,0.078,Austin,TX,United States,140473.0,0.0236660371833338
2024-09-19,TSLA,243.9199981689453,243.9199981689453,244.2400054931641,232.1300048828125,234.0,102694600.0,NMS,"Tesla, Inc.","Tesla, Inc.",Consumer Cyclical,Auto Manufacturers,418.1,1342126161920.0,13244000256.0,0.078,Austin,TX,United States,140473.0,0.0236660371833338
2024-09-20,TSLA,238.25,238.25,243.9900054931641,235.9199981689453,241.5200042724609,99879100.0,NMS,"Tesla, Inc.","Tesla, Inc.",Consumer Cyclical,Auto Manufacturers,418.1,1342126161920.0,13244000256.0,0.078,Austin,TX,United States,140473.0,0.0236660371833338
2024-09-23,TSLA,250.0,250.0,250.0,241.9199981689453,242.6100006103516,86927200.0,NMS,"Tesla, Inc.","Tesla, Inc.",Consumer Cyclical,Auto Manufacturers,418.1,1342126161920.0,13244000256.0,0.078,Austin,TX,United States,140473.0,0.0236660371833338
2024-09-24,TSLA,254.2700042724609,254.2700042724609,257.19000244140625,249.0500030517578,254.0800018310547,88491000.0,NMS,"Tesla, Inc.","Tesla, Inc.",Consumer Cyclical,Auto Manufacturers,418.1,1342126161920.0,13244000256.0,0.078,Austin,TX,United States,140473.0,0.0236660371833338
2024-09-25,TSLA,257.0199890136719,257.0199890136719,257.04998779296875,252.27999877929688,252.5399932861328,65034300.0,NMS,"Tesla, Inc.","Tesla, Inc.",Consumer Cyclical,Auto Manufacturers,418.1,1342126161920.0,13244000256.0,0.078,Austin,TX,United States,140473.0,0.0236660371833338
2024-09-26,TSLA,254.22000122070312,254.22000122070312,261.75,251.52999877929688,260.6000061035156,67142200.0,NMS,"Tesla, Inc.","Tesla, Inc.",Consumer Cyclical,Auto Manufacturers,418.1,1342126161920.0,13244000256.0,0.078,Austin,TX,United States,140473.0,0.0236660371833338
2024-09-27,TSLA,260.4599914550781,260.4599914550781,260.70001220703125,254.1199951171875,257.3800048828125,70988100.0,NMS,"Tesla, Inc.","Tesla, Inc.",Consumer Cyclical,Auto Manufacturers,418.1,1342126161920.0,13244000256.0,0.078,Austin,TX,United States,140473.0,0.0236660371833338
2024-09-30,TSLA,261.6300048828125,261.6300048828125,264.8599853515625,255.7700042724609,259.0400085449219,80705700.0,NMS,"Tesla, Inc.","Tesla, Inc.",Consumer Cyclical,Auto Manufacturers,418.1,1342126161920.0,13244000256.0,0.078,Austin,TX,United States,140473.0,0.0236660371833338
2024-10-01,TSLA,258.0199890136719,258.0199890136719,263.9800109863281,248.52999877929688,262.6700134277344,87397600.0,NMS,"Tesla, Inc.","Tesla, Inc.",Consumer Cyclical,Auto Manufacturers,418.1,1342126161920.0,13244000256.0,0.078,Austin,TX,United States,140473.0,0.0236660371833338
2024-10-02,TSLA,249.0200042724609,249.0200042724609,251.16000366210935,241.5,247.5500030517578,93983900.0,NMS,"Tesla, Inc.","Tesla, Inc.",Consumer Cyclical,Auto Manufacturers,418.1,1342126161920.0,13244000256.0,0.078,Austin,TX,United States,140473.0,0.0236660371833338
2024-10-03,TSLA,240.66000366210935,240.66000366210935,249.7899932861328,237.80999755859372,244.47999572753903,80729200.0,NMS,"Tesla, Inc.","Tesla, Inc.",Consumer Cyclical,Auto Manufacturers,418.1,1342126161920.0,13244000256.0,0.078,Austin,TX,United States,140473.0,0.0236660371833338
2024-10-04,TSLA,250.0800018310547,250.0800018310547,250.9600067138672,244.5800018310547,246.69000244140625,86573200.0,NMS,"Tesla, Inc.","Tesla, Inc.",Consumer Cyclical,Auto Manufacturers,418.1,1342126161920.0,13244000256.0,0.078,Austin,TX,United States,140473.0,0.0236660371833338
2024-10-07,TSLA,240.8300018310547,240.8300018310547,249.8300018310547,240.6999969482422,249.0,68113300.0,NMS,"Tesla, Inc.","Tesla, Inc.",Consumer Cyclical,Auto Manufacturers,418.1,1342126161920.0,13244000256.0,0.078,Austin,TX,United States,140473.0,0.0236660371833338
2024-10-08,TSLA,244.5,244.5,246.2100067138672,240.55999755859372,243.55999755859372,56303200.0,NMS,"Tesla, Inc.","Tesla, Inc.",Consumer Cyclical,Auto Manufacturers,418.1,1342126161920.0,13244000256.0,0.078,Austin,TX,United States,140473.0,0.0236660371833338
2024-10-09,TSLA,241.0500030517578,241.0500030517578,247.42999267578125,239.50999450683597,243.82000732421875,66289500.0,NMS,"Tesla, Inc.","Tesla, Inc.",Consumer Cyclical,Auto Manufacturers,418.1,1342126161920.0,13244000256.0,0.078,Austin,TX,United States,140473.0,0.0236660371833338
2024-10-10,TSLA,238.7700042724609,238.7700042724609,242.7899932861328,232.33999633789065,241.80999755859372,83087100.0,NMS,"Tesla, Inc.","Tesla, Inc.",Consumer Cyclical,Auto Manufacturers,418.1,1342126161920.0,13244000256.0,0.078,Austin,TX,United States,140473.0,0.0236660371833338
2024-10-11,TSLA,217.8000030517578,217.8000030517578,223.33999633789065,214.3800048828125,220.1300048828125,142628900.0,NMS,"Tesla, Inc.","Tesla, Inc.",Consumer Cyclical,Auto Manufacturers,418.1,1342126161920.0,13244000256.0,0.078,Austin,TX,United States,140473.0,0.0236660371833338
2024-10-14,TSLA,219.16000366210935,219.16000366210935,221.91000366210935,213.7400054931641,220.1300048828125,86291900.0,NMS,"Tesla, Inc.","Tesla, Inc.",Consumer Cyclical,Auto Manufacturers,418.1,1342126161920.0,13244000256.0,0.078,Austin,TX,United States,140473.0,0.0236660371833338
2024-10-15,TSLA,219.57000732421875,219.57000732421875,224.25999450683597,217.1199951171875,220.00999450683597,62988800.0,NMS,"Tesla, Inc.","Tesla, Inc.",Consumer Cyclical,Auto Manufacturers,418.1,1342126161920.0,13244000256.0,0.078,Austin,TX,United States,140473.0,0.0236660371833338
2024-10-16,TSLA,221.3300018310547,221.3300018310547,222.82000732421875,218.92999267578125,221.3999938964844,49632800.0,NMS,"Tesla, Inc.","Tesla, Inc.",Consumer Cyclical,Auto Manufacturers,418.1,1342126161920.0,13244000256.0,0.078,Austin,TX,United States,140473.0,0.0236660371833338
2024-10-17,TSLA,220.88999938964844,220.88999938964844,222.0800018310547,217.8999938964844,221.58999633789065,50791800.0,NMS,"Tesla, Inc.","Tesla, Inc.",Consumer Cyclical,Auto Manufacturers,418.1,1342126161920.0,13244000256.0,0.078,Austin,TX,United States,140473.0,0.0236660371833338
2024-10-18,TSLA,220.6999969482422,220.6999969482422,222.27999877929688,219.22999572753903,220.7100067138672,49611900.0,NMS,"Tesla, Inc.","Tesla, Inc.",Consumer Cyclical,Auto Manufacturers,418.1,1342126161920.0,13244000256.0,0.078,Austin,TX,United States,140473.0,0.0236660371833338
2024-10-21,TSLA,218.8500061035156,218.8500061035156,220.47999572753903,215.72999572753903,218.8999938964844,47329000.0,NMS,"Tesla, Inc.","Tesla, Inc.",Consumer Cyclical,Auto Manufacturers,418.1,1342126161920.0,13244000256.0,0.078,Austin,TX,United States,140473.0,0.0236660371833338
2024-10-22,TSLA,217.97000122070312,217.97000122070312,218.22000122070312,215.25999450683597,217.30999755859372,43268700.0,NMS,"Tesla, Inc.","Tesla, Inc.",Consumer Cyclical,Auto Manufacturers,418.1,1342126161920.0,13244000256.0,0.078,Austin,TX,United States,140473.0,0.0236660371833338
2024-10-23,TSLA,213.6499938964844,213.6499938964844,218.72000122070312,212.1100006103516,217.1300048828125,80938900.0,NMS,"Tesla, Inc.","Tesla, Inc.",Consumer Cyclical,Auto Manufacturers,418.1,1342126161920.0,13244000256.0,0.078,Austin,TX,United States,140473.0,0.0236660371833338
2024-10-24,TSLA,260.4800109863281,260.4800109863281,262.1199951171875,242.6499938964844,244.67999267578125,204491900.0,NMS,"Tesla, Inc.","Tesla, Inc.",Consumer Cyclical,Auto Manufacturers,418.1,1342126161920.0,13244000256.0,0.078,Austin,TX,United States,140473.0,0.0236660371833338
2024-10-25,TSLA,269.19000244140625,269.19000244140625,269.489990234375,255.32000732421875,256.010009765625,161611900.0,NMS,"Tesla, Inc.","Tesla, Inc.",Consumer Cyclical,Auto Manufacturers,418.1,1342126161920.0,13244000256.0,0.078,Austin,TX,United States,140473.0,0.0236660371833338
2024-10-28,TSLA,262.510009765625,262.510009765625,273.5400085449219,262.239990234375,270.0,107653600.0,NMS,"Tesla, Inc.","Tesla, Inc.",Consumer Cyclical,Auto Manufacturers,418.1,1342126161920.0,13244000256.0,0.078,Austin,TX,United States,140473.0,0.0236660371833338
2024-10-29,TSLA,259.5199890136719,259.5199890136719,264.9800109863281,255.50999450683597,264.510009765625,80521800.0,NMS,"Tesla, Inc.","Tesla, Inc.",Consumer Cyclical,Auto Manufacturers,418.1,1342126161920.0,13244000256.0,0.078,Austin,TX,United States,140473.0,0.0236660371833338
2024-10-30,TSLA,257.54998779296875,257.54998779296875,263.3500061035156,255.82000732421875,258.0400085449219,53993600.0,NMS,"Tesla, Inc.","Tesla, Inc.",Consumer Cyclical,Auto Manufacturers,418.1,1342126161920.0,13244000256.0,0.078,Austin,TX,United States,140473.0,0.0236660371833338
2024-10-31,TSLA,249.8500061035156,249.8500061035156,259.75,249.25,257.989990234375,66575300.0,NMS,"Tesla, Inc.","Tesla, Inc.",Consumer Cyclical,Auto Manufacturers,418.1,1342126161920.0,13244000256.0,0.078,Austin,TX,United States,140473.0,0.0236660371833338
2024-11-01,TSLA,248.97999572753903,248.97999572753903,254.0,246.6300048828125,252.0399932861328,57544800.0,NMS,"Tesla, Inc.","Tesla, Inc.",Consumer Cyclical,Auto Manufacturers,418.1,1342126161920.0,13244000256.0,0.078,Austin,TX,United States,140473.0,0.0236660371833338
2024-11-04,TSLA,242.83999633789065,242.83999633789065,248.8999938964844,238.8800048828125,244.55999755859372,68802400.0,NMS,"Tesla, Inc.","Tesla, Inc.",Consumer Cyclical,Auto Manufacturers,418.1,1342126161920.0,13244000256.0,0.078,Austin,TX,United States,140473.0,0.0236660371833338
2024-11-05,TSLA,251.44000244140625,251.44000244140625,255.27999877929688,246.2100067138672,247.33999633789065,69282500.0,NMS,"Tesla, Inc.","Tesla, Inc.",Consumer Cyclical,Auto Manufacturers,418.1,1342126161920.0,13244000256.0,0.078,Austin,TX,United States,140473.0,0.0236660371833338
2024-11-06,TSLA,288.5299987792969,288.5299987792969,289.5899963378906,275.6199951171875,284.6700134277344,165228700.0,NMS,"Tesla, Inc.","Tesla, Inc.",Consumer Cyclical,Auto Manufacturers,418.1,1342126161920.0,13244000256.0,0.078,Austin,TX,United States,140473.0,0.0236660371833338
2024-11-07,TSLA,296.9100036621094,296.9100036621094,299.75,285.5199890136719,288.8900146484375,117309200.0,NMS,"Tesla, Inc.","Tesla, Inc.",Consumer Cyclical,Auto Manufacturers,418.1,1342126161920.0,13244000256.0,0.078,Austin,TX,United States,140473.0,0.0236660371833338
2024-11-08,TSLA,321.2200012207031,321.2200012207031,328.7099914550781,297.6600036621094,299.1400146484375,204782800.0,NMS,"Tesla, Inc.","Tesla, Inc.",Consumer Cyclical,Auto Manufacturers,418.1,1342126161920.0,13244000256.0,0.078,Austin,TX,United States,140473.0,0.0236660371833338
2024-11-11,TSLA,350.0,350.0,358.6400146484375,336.0,346.29998779296875,210521600.0,NMS,"Tesla, Inc.","Tesla, Inc.",Consumer Cyclical,Auto Manufacturers,418.1,1342126161920.0,13244000256.0,0.078,Austin,TX,United States,140473.0,0.0236660371833338
2024-11-12,TSLA,328.489990234375,328.489990234375,345.8399963378906,323.3099975585937,342.739990234375,155726000.0,NMS,"Tesla, Inc.","Tesla, Inc.",Consumer Cyclical,Auto Manufacturers,418.1,1342126161920.0,13244000256.0,0.078,Austin,TX,United States,140473.0,0.0236660371833338
2024-11-13,TSLA,330.239990234375,330.239990234375,344.6000061035156,322.5,335.8500061035156,125405600.0,NMS,"Tesla, Inc.","Tesla, Inc.",Consumer Cyclical,Auto Manufacturers,418.1,1342126161920.0,13244000256.0,0.078,Austin,TX,United States,140473.0,0.0236660371833338
2024-11-14,TSLA,311.17999267578125,311.17999267578125,329.9800109863281,310.3699951171875,327.69000244140625,120726100.0,NMS,"Tesla, Inc.","Tesla, Inc.",Consumer Cyclical,Auto Manufacturers,418.1,1342126161920.0,13244000256.0,0.078,Austin,TX,United States,140473.0,0.0236660371833338
2024-11-15,TSLA,320.7200012207031,320.7200012207031,324.67999267578125,309.2200012207031,310.57000732421875,114440300.0,NMS,"Tesla, Inc.","Tesla, Inc.",Consumer Cyclical,Auto Manufacturers,418.1,1342126161920.0,13244000256.0,0.078,Austin,TX,United States,140473.0,0.0236660371833338
2024-11-18,TSLA,338.739990234375,338.739990234375,348.54998779296875,330.010009765625,340.7300109863281,126547500.0,NMS,"Tesla, Inc.","Tesla, Inc.",Consumer Cyclical,Auto Manufacturers,418.1,1342126161920.0,13244000256.0,0.078,Austin,TX,United States,140473.0,0.0236660371833338
2024-11-19,TSLA,346.0,346.0,347.3800048828125,332.75,335.760009765625,88852500.0,NMS,"Tesla, Inc.","Tesla, Inc.",Consumer Cyclical,Auto Manufacturers,418.1,1342126161920.0,13244000256.0,0.078,Austin,TX,United States,140473.0,0.0236660371833338
2024-11-20,TSLA,342.0299987792969,342.0299987792969,346.6000061035156,334.29998779296875,345.0,66340700.0,NMS,"Tesla, Inc.","Tesla, Inc.",Consumer Cyclical,Auto Manufacturers,418.1,1342126161920.0,13244000256.0,0.078,Austin,TX,United States,140473.0,0.0236660371833338
2024-11-21,TSLA,339.6400146484375,339.6400146484375,347.989990234375,335.2799987792969,343.8099975585937,58011700.0,NMS,"Tesla, Inc.","Tesla, Inc.",Consumer Cyclical,Auto Manufacturers,418.1,1342126161920.0,13244000256.0,0.078,Austin,TX,United States,140473.0,0.0236660371833338
2024-11-22,TSLA,352.5599975585937,352.5599975585937,361.5299987792969,337.70001220703125,341.0899963378906,89140700.0,NMS,"Tesla, Inc.","Tesla, Inc.",Consumer Cyclical,Auto Manufacturers,418.1,1342126161920.0,13244000256.0,0.078,Austin,TX,United States,140473.0,0.0236660371833338
2024-11-25,TSLA,338.5899963378906,338.5899963378906,361.9299926757813,338.20001220703125,360.1400146484375,95890900.0,NMS,"Tesla, Inc.","Tesla, Inc.",Consumer Cyclical,Auto Manufacturers,418.1,1342126161920.0,13244000256.0,0.078,Austin,TX,United States,140473.0,0.0236660371833338
2024-11-26,TSLA,338.2300109863281,338.2300109863281,346.9599914550781,335.6600036621094,341.0,62295900.0,NMS,"Tesla, Inc.","Tesla, Inc.",Consumer Cyclical,Auto Manufacturers,418.1,1342126161920.0,13244000256.0,0.078,Austin,TX,United States,140473.0,0.0236660371833338
2024-11-27,TSLA,332.8900146484375,332.8900146484375,342.54998779296875,326.5899963378906,341.79998779296875,57896400.0,NMS,"Tesla, Inc.","Tesla, Inc.",Consumer Cyclical,Auto Manufacturers,418.1,1342126161920.0,13244000256.0,0.078,Austin,TX,United States,140473.0,0.0236660371833338
2024-11-29,TSLA,345.1600036621094,345.1600036621094,345.45001220703125,334.6499938964844,336.0799865722656,37167600.0,NMS,"Tesla, Inc.","Tesla, Inc.",Consumer Cyclical,Auto Manufacturers,418.1,1342126161920.0,13244000256.0,0.078,Austin,TX,United States,140473.0,0.0236660371833338
2024-12-02,TSLA,357.0899963378906,357.0899963378906,360.0,351.1499938964844,352.3800048828125,77986500.0,NMS,"Tesla, Inc.","Tesla, Inc.",Consumer Cyclical,Auto Manufacturers,418.1,1342126161920.0,13244000256.0,0.078,Austin,TX,United States,140473.0,0.0236660371833338
2024-12-03,TSLA,351.4200134277344,351.4200134277344,355.69000244140625,348.20001220703125,351.79998779296875,58267200.0,NMS,"Tesla, Inc.","Tesla, Inc.",Consumer Cyclical,Auto Manufacturers,418.1,1342126161920.0,13244000256.0,0.078,Austin,TX,United States,140473.0,0.0236660371833338
2024-12-04,TSLA,357.92999267578125,357.92999267578125,358.1000061035156,348.6000061035156,353.0,50810900.0,NMS,"Tesla, Inc.","Tesla, Inc.",Consumer Cyclical,Auto Manufacturers,418.1,1342126161920.0,13244000256.0,0.078,Austin,TX,United States,140473.0,0.0236660371833338
2024-12-05,TSLA,369.489990234375,369.489990234375,375.4299926757813,359.5,359.8699951171875,81403600.0,NMS,"Tesla, Inc.","Tesla, Inc.",Consumer Cyclical,Auto Manufacturers,418.1,1342126161920.0,13244000256.0,0.078,Austin,TX,United States,140473.0,0.0236660371833338
2024-12-06,TSLA,389.2200012207031,389.2200012207031,389.489990234375,370.7999877929688,377.4200134277344,81455800.0,NMS,"Tesla, Inc.","Tesla, Inc.",Consumer Cyclical,Auto Manufacturers,418.1,1342126161920.0,13244000256.0,0.078,Austin,TX,United States,140473.0,0.0236660371833338
2024-12-09,TSLA,389.7900085449219,389.7900085449219,404.7999877929688,378.010009765625,397.6099853515625,96359200.0,NMS,"Tesla, Inc.","Tesla, Inc.",Consumer Cyclical,Auto Manufacturers,418.1,1342126161920.0,13244000256.0,0.078,Austin,TX,United States,140473.0,0.0236660371833338
2024-12-10,TSLA,400.989990234375,400.989990234375,409.7300109863281,390.8500061035156,392.6799926757813,97563600.0,NMS,"Tesla, Inc.","Tesla, Inc.",Consumer Cyclical,Auto Manufacturers,418.1,1342126161920.0,13244000256.0,0.078,Austin,TX,United States,140473.0,0.0236660371833338
2024-12-11,TSLA,424.7699890136719,424.7699890136719,424.8800048828125,402.3800048828125,409.7000122070313,104287600.0,NMS,"Tesla, Inc.","Tesla, Inc.",Consumer Cyclical,Auto Manufacturers,418.1,1342126161920.0,13244000256.0,0.078,Austin,TX,United States,140473.0,0.0236660371833338
2024-12-12,TSLA,418.1000061035156,418.1000061035156,429.2699890136719,415.0,424.8399963378906,86234305.0,NMS,"Tesla, Inc.","Tesla, Inc.",Consumer Cyclical,Auto Manufacturers,418.1,1342126161920.0,13244000256.0,0.078,Austin,TX,United States,140473.0,0.0236660371833338
